job_title,company_size,posted_date,year,quarter,description,years_experience_true,skill_count_true,degree_level_true,years_experience_extracted,skills_extracted,skill_count_extracted,degree_level_extracted,buzzword_count
Data Analyst,startup,2022-02-15,2022,2022Q1,"Data Analyst - join our team! Ideal candidate has 2 years of relevant experience and is proficient in Python, Looker, Snowflake, Airflow. None mentioned. We're looking for someone who can scrappy.",2,4,None mentioned,2,Python|Looker|Snowflake|Airflow,4,None mentioned,1
Data Analyst,mid-size,2022-02-15,2022,2022Q1,"We are looking for a Data Analyst with 1+ years of experience. Required skills: SQL, Git, Salesforce. None mentioned. self-starter",1,3,None mentioned,1,SQL|Git|Salesforce,3,None mentioned,1
Data Analyst,mid-size,2022-02-15,2022,2022Q1,We are looking for a Data Analyst with 2+ years of experience. Required skills: SAP. Bachelor's preferred. ambiguity,2,1,Bachelor's preferred,2,SAP,1,Bachelor's preferred,1
Data Analyst,mid-size,2022-02-15,2022,2022Q1,"Data Analyst - join our team! Ideal candidate has 4 years of relevant experience and is proficient in Airflow, Machine Learning, Spark, AWS, Statistics, Python. None mentioned. We're looking for someone who can self-starter.",4,6,None mentioned,4,Python|AWS|Airflow|Spark|Statistics|Machine Learning,6,None mentioned,1
Data Analyst,mid-size,2022-02-15,2022,2022Q1,"Data Analyst - join our team! Ideal candidate has 2 years of relevant experience and is proficient in dbt, R. None mentioned. We're looking for someone who can ownership mindset.",2,2,None mentioned,2,R|dbt,2,None mentioned,1
Data Analyst,mid-size,2022-02-15,2022,2022Q1,"We are looking for a Data Analyst with 2+ years of experience. Required skills: Statistics, Salesforce. Bachelor's preferred. wear many hats",2,2,Bachelor's preferred,2,Statistics|Salesforce,2,Bachelor's preferred,1
Data Analyst,startup,2022-02-15,2022,2022Q1,"We are looking for a Data Analyst with 1+ years of experience. Required skills: Excel, GCP, Statistics, Azure, Python. Master's preferred. fast-paced environment",1,5,Master's preferred,1,Python|Excel|Azure|GCP|Statistics,5,Master's preferred,1
Data Analyst,mid-size,2022-02-15,2022,2022Q1,"Data Analyst - join our team! Ideal candidate has 3 years of relevant experience and is proficient in Looker, Spark. None mentioned. We're looking for someone who can scrappy.",3,2,None mentioned,3,Looker|Spark,2,None mentioned,1
Data Analyst,enterprise,2022-02-15,2022,2022Q1,We are looking for a Data Analyst with 0+ years of experience. Required skills: AWS. Bachelor's preferred. self-starter,0,1,Bachelor's preferred,0,AWS,1,Bachelor's preferred,1
Data Analyst,enterprise,2022-02-15,2022,2022Q1,"Data Analyst - join our team! Ideal candidate has 4 years of relevant experience and is proficient in Snowflake, SQL, Statistics. None mentioned. We're looking for someone who can scrappy.",4,3,None mentioned,4,SQL|Snowflake|Statistics,3,None mentioned,1
Data Analyst,enterprise,2022-02-15,2022,2022Q1,"Data Analyst - join our team! Ideal candidate has 2 years of relevant experience and is proficient in Tableau, Statistics, Airflow. Master's preferred. We're looking for someone who can wear many hats.",2,3,Master's preferred,2,Tableau|Airflow|Statistics,3,Master's preferred,1
Data Analyst,startup,2022-02-15,2022,2022Q1,"As a Data Analyst, you will work with Power BI. Minimum 2 years experience required. Bachelor's preferred. Must thrive in a wear many hats.",2,1,Bachelor's preferred,2,Power BI,1,Bachelor's preferred,1
Data Analyst,startup,2022-02-15,2022,2022Q1,"We are looking for a Data Analyst with 2+ years of experience. Required skills: A/B Testing, SQL, Looker. None mentioned. ownership mindset",2,3,None mentioned,2,SQL|Looker|A/B Testing,3,None mentioned,1
Data Analyst,enterprise,2022-02-15,2022,2022Q1,"Data Analyst - join our team! Ideal candidate has 2 years of relevant experience and is proficient in Spark, A/B Testing, Airflow, SAP. None mentioned. We're looking for someone who can fast-paced environment.",2,4,None mentioned,2,Airflow|Spark|A/B Testing|SAP,4,None mentioned,1
Data Analyst,startup,2022-02-15,2022,2022Q1,"Data Analyst - join our team! Ideal candidate has 2 years of relevant experience and is proficient in Python, Snowflake, GCP, AWS. None mentioned. We're looking for someone who can ownership mindset.",2,4,None mentioned,2,Python|AWS|GCP|Snowflake,4,None mentioned,1
Data Analyst,mid-size,2022-02-15,2022,2022Q1,"Data Analyst - join our team! Ideal candidate has 1 years of relevant experience and is proficient in SQL, dbt, Tableau, Snowflake, Python. Master's preferred. We're looking for someone who can self-starter.",1,5,Master's preferred,1,SQL|Python|Tableau|Snowflake|dbt,5,Master's preferred,1
Data Analyst,mid-size,2022-02-15,2022,2022Q1,"Data Analyst - join our team! Ideal candidate has 2 years of relevant experience and is proficient in Spark, AWS, Salesforce, Excel, Power BI. None mentioned. We're looking for someone who can ambiguity.",2,5,None mentioned,2,Excel|Power BI|AWS|Spark|Salesforce,5,None mentioned,1
Data Analyst,mid-size,2022-02-15,2022,2022Q1,"We are looking for a Data Analyst with 2+ years of experience. Required skills: Power BI, Machine Learning, dbt. Bachelor's preferred. ownership mindset",2,3,Bachelor's preferred,2,Power BI|dbt|Machine Learning,3,Bachelor's preferred,1
Data Analyst,startup,2022-02-15,2022,2022Q1,"Data Analyst - join our team! Ideal candidate has 2 years of relevant experience and is proficient in Power BI, Excel, Snowflake. None mentioned. We're looking for someone who can wear many hats.",2,3,None mentioned,2,Excel|Power BI|Snowflake,3,None mentioned,1
Data Analyst,enterprise,2022-02-15,2022,2022Q1,"Data Analyst - join our team! Ideal candidate has 1 years of relevant experience and is proficient in dbt, Salesforce, Machine Learning, SQL, Snowflake. Bachelor's preferred. We're looking for someone who can cross-functional collaboration.",1,5,Bachelor's preferred,1,SQL|Snowflake|dbt|Machine Learning|Salesforce,5,Bachelor's preferred,1
Data Analyst,startup,2022-02-15,2022,2022Q1,"As a Data Analyst, you will work with Azure, Excel, GCP, Power BI. Minimum 3 years experience required. Master's preferred. Must thrive in a stakeholder management.",3,4,Master's preferred,3,Excel|Power BI|Azure|GCP,4,Master's preferred,1
Data Analyst,startup,2022-02-15,2022,2022Q1,"As a Data Analyst, you will work with Salesforce, SQL, Snowflake, R, AWS. Minimum 2 years experience required. None mentioned. Must thrive in a scrappy.",2,5,None mentioned,2,SQL|R|AWS|Snowflake|Salesforce,5,None mentioned,1
Data Analyst,enterprise,2022-02-15,2022,2022Q1,"As a Data Analyst, you will work with AWS, Statistics, R. Minimum 2 years experience required. Bachelor's required. Must thrive in a cross-functional collaboration.",2,3,Bachelor's required,2,R|AWS|Statistics,3,Bachelor's required,1
Data Analyst,startup,2022-02-15,2022,2022Q1,"We are looking for a Data Analyst with 5+ years of experience. Required skills: Tableau, Azure, Python. Bachelor's preferred. stakeholder management",5,3,Bachelor's preferred,5,Python|Tableau|Azure,3,Bachelor's preferred,1
Data Analyst,mid-size,2022-02-15,2022,2022Q1,Data Analyst - join our team! Ideal candidate has 4 years of relevant experience and is proficient in Looker. Master's preferred. We're looking for someone who can self-starter.,4,1,Master's preferred,4,Looker,1,Master's preferred,1
Data Analyst,enterprise,2022-02-15,2022,2022Q1,"As a Data Analyst, you will work with SQL, Power BI, Snowflake. Minimum 2 years experience required. Master's required. Must thrive in a high-growth.",2,3,Master's required,2,SQL|Power BI|Snowflake,3,Master's required,1
Data Analyst,mid-size,2022-02-15,2022,2022Q1,We are looking for a Data Analyst with 2+ years of experience. Required skills: Azure. Bachelor's preferred. stakeholder management,2,1,Bachelor's preferred,2,Azure,1,Bachelor's preferred,1
Data Analyst,startup,2022-02-15,2022,2022Q1,"We are looking for a Data Analyst with 2+ years of experience. Required skills: SAP, Snowflake, Statistics, Tableau. None mentioned. ambiguity",2,4,None mentioned,2,Tableau|Snowflake|Statistics|SAP,4,None mentioned,1
Data Analyst,enterprise,2022-02-15,2022,2022Q1,"Data Analyst - join our team! Ideal candidate has 2 years of relevant experience and is proficient in Git, Snowflake. None mentioned. We're looking for someone who can ownership mindset.",2,2,None mentioned,2,Snowflake|Git,2,None mentioned,1
Data Analyst,mid-size,2022-02-15,2022,2022Q1,"We are looking for a Data Analyst with 1+ years of experience. Required skills: SAP, Machine Learning, A/B Testing. Bachelor's preferred. fast-paced environment",1,3,Bachelor's preferred,1,A/B Testing|Machine Learning|SAP,3,Bachelor's preferred,1
Data Analyst,mid-size,2022-02-15,2022,2022Q1,"As a Data Analyst, you will work with A/B Testing. Minimum 1 years experience required. None mentioned. Must thrive in a self-starter.",1,1,None mentioned,1,A/B Testing,1,None mentioned,1
Data Analyst,enterprise,2022-02-15,2022,2022Q1,"We are looking for a Data Analyst with 2+ years of experience. Required skills: Python, Statistics. Bachelor's preferred. stakeholder management",2,2,Bachelor's preferred,2,Python|Statistics,2,Bachelor's preferred,1
Data Analyst,startup,2022-02-15,2022,2022Q1,"As a Data Analyst, you will work with Git, Azure, Power BI, AWS. Minimum 2 years experience required. None mentioned. Must thrive in a ownership mindset.",2,4,None mentioned,2,Power BI|AWS|Azure|Git,4,None mentioned,1
Data Analyst,startup,2022-02-15,2022,2022Q1,"Data Analyst - join our team! Ideal candidate has 3 years of relevant experience and is proficient in SQL, GCP, SAP, Tableau, Salesforce. Bachelor's required. We're looking for someone who can fast-paced environment.",3,5,Bachelor's required,3,SQL|Tableau|GCP|Salesforce|SAP,5,Bachelor's required,1
Data Analyst,mid-size,2022-02-15,2022,2022Q1,"As a Data Analyst, you will work with Excel, Snowflake, Machine Learning, AWS, Azure, A/B Testing. Minimum 3 years experience required. None mentioned. Must thrive in a stakeholder management.",3,6,None mentioned,3,Excel|AWS|Azure|Snowflake|A/B Testing|Machine Learning,6,None mentioned,1
Data Analyst,startup,2022-02-15,2022,2022Q1,"As a Data Analyst, you will work with Snowflake. Minimum 2 years experience required. Master's required. Must thrive in a high-growth.",2,1,Master's required,2,Snowflake,1,Master's required,1
Data Analyst,startup,2022-02-15,2022,2022Q1,"As a Data Analyst, you will work with Statistics, Tableau. Minimum 2 years experience required. None mentioned. Must thrive in a ambiguity.",2,2,None mentioned,2,Tableau|Statistics,2,None mentioned,1
Data Analyst,startup,2022-02-15,2022,2022Q1,"As a Data Analyst, you will work with A/B Testing, R, SQL. Minimum 2 years experience required. None mentioned. Must thrive in a scrappy.",2,3,None mentioned,2,SQL|R|A/B Testing,3,None mentioned,1
Data Analyst,enterprise,2022-02-15,2022,2022Q1,"We are looking for a Data Analyst with 0+ years of experience. Required skills: Salesforce, Statistics, Snowflake, Power BI. Master's preferred. scrappy",0,4,Master's preferred,0,Power BI|Snowflake|Statistics|Salesforce,4,Master's preferred,1
Data Analyst,enterprise,2022-02-15,2022,2022Q1,"Data Analyst - join our team! Ideal candidate has 3 years of relevant experience and is proficient in Airflow, Azure. Master's required. We're looking for someone who can cross-functional collaboration.",3,2,Master's required,3,Azure|Airflow,2,Master's required,1
Data Analyst,enterprise,2022-02-15,2022,2022Q1,"As a Data Analyst, you will work with Looker, Tableau. Minimum 1 years experience required. Bachelor's required. Must thrive in a high-growth.",1,2,Bachelor's required,1,Tableau|Looker,2,Bachelor's required,1
Data Analyst,enterprise,2022-02-15,2022,2022Q1,"We are looking for a Data Analyst with 3+ years of experience. Required skills: SAP, Python, AWS. Bachelor's preferred. ownership mindset",3,3,Bachelor's preferred,3,Python|AWS|SAP,3,Bachelor's preferred,1
Data Analyst,mid-size,2022-02-15,2022,2022Q1,"Data Analyst - join our team! Ideal candidate has 4 years of relevant experience and is proficient in Spark, GCP. Bachelor's preferred. We're looking for someone who can self-starter.",4,2,Bachelor's preferred,4,GCP|Spark,2,Bachelor's preferred,1
Data Analyst,mid-size,2022-02-15,2022,2022Q1,"Data Analyst - join our team! Ideal candidate has 2 years of relevant experience and is proficient in R, SQL, Power BI, Python, GCP. None mentioned. We're looking for someone who can cross-functional collaboration.",2,5,None mentioned,2,SQL|Python|Power BI|R|GCP,5,None mentioned,1
Data Analyst,mid-size,2022-02-15,2022,2022Q1,"Data Analyst - join our team! Ideal candidate has 4 years of relevant experience and is proficient in Power BI, Airflow, Machine Learning. None mentioned. We're looking for someone who can ambiguity.",4,3,None mentioned,4,Power BI|Airflow|Machine Learning,3,None mentioned,1
Data Analyst,enterprise,2022-02-15,2022,2022Q1,"As a Data Analyst, you will work with Looker, SAP. Minimum 2 years experience required. None mentioned. Must thrive in a ownership mindset.",2,2,None mentioned,2,Looker|SAP,2,None mentioned,1
Data Analyst,startup,2022-02-15,2022,2022Q1,Data Analyst - join our team! Ideal candidate has 3 years of relevant experience and is proficient in Snowflake. None mentioned. We're looking for someone who can ambiguity.,3,1,None mentioned,3,Snowflake,1,None mentioned,1
Data Analyst,enterprise,2022-02-15,2022,2022Q1,"We are looking for a Data Analyst with 1+ years of experience. Required skills: Airflow, Python, Snowflake. Bachelor's preferred. fast-paced environment",1,3,Bachelor's preferred,1,Python|Snowflake|Airflow,3,Bachelor's preferred,1
Data Analyst,enterprise,2022-02-15,2022,2022Q1,"As a Data Analyst, you will work with SQL, Salesforce, Statistics, Airflow. Minimum 4 years experience required. Bachelor's preferred. Must thrive in a self-starter.",4,4,Bachelor's preferred,4,SQL|Airflow|Statistics|Salesforce,4,Bachelor's preferred,1
Data Analyst,startup,2022-02-15,2022,2022Q1,"As a Data Analyst, you will work with R, AWS, Python, SQL, Spark. Minimum 1 years experience required. Bachelor's required. Must thrive in a cross-functional collaboration.",1,5,Bachelor's required,1,SQL|Python|R|AWS|Spark,5,Bachelor's required,1
Data Analyst,enterprise,2022-02-15,2022,2022Q1,"As a Data Analyst, you will work with GCP, Airflow, Python, Excel. Minimum 2 years experience required. None mentioned. Must thrive in a high-growth.",2,4,None mentioned,2,Python|Excel|GCP|Airflow,4,None mentioned,1
Data Analyst,mid-size,2022-02-15,2022,2022Q1,"As a Data Analyst, you will work with Machine Learning, Azure, A/B Testing, Power BI, AWS. Minimum 2 years experience required. None mentioned. Must thrive in a scrappy.",2,5,None mentioned,2,Power BI|AWS|Azure|A/B Testing|Machine Learning,5,None mentioned,1
Data Analyst,enterprise,2022-02-15,2022,2022Q1,We are looking for a Data Analyst with 2+ years of experience. Required skills: AWS. Master's required. scrappy,2,1,Master's required,2,AWS,1,Master's required,1
Data Analyst,enterprise,2022-02-15,2022,2022Q1,"Data Analyst - join our team! Ideal candidate has 2 years of relevant experience and is proficient in Power BI, Python. Bachelor's preferred. We're looking for someone who can cross-functional collaboration.",2,2,Bachelor's preferred,2,Python|Power BI,2,Bachelor's preferred,1
Data Analyst,mid-size,2022-02-15,2022,2022Q1,"As a Data Analyst, you will work with Salesforce, Airflow, Statistics, SAP, Spark, Looker, dbt. Minimum 2 years experience required. None mentioned. Must thrive in a ambiguity.",2,7,None mentioned,2,Looker|dbt|Airflow|Spark|Statistics|Salesforce|SAP,7,None mentioned,1
Data Analyst,enterprise,2022-02-15,2022,2022Q1,"We are looking for a Data Analyst with 4+ years of experience. Required skills: Power BI, Looker, GCP, Spark, Azure. Bachelor's required. self-starter",4,5,Bachelor's required,4,Power BI|Azure|GCP|Looker|Spark,5,Bachelor's required,1
Data Analyst,mid-size,2022-02-15,2022,2022Q1,"As a Data Analyst, you will work with Power BI, R, Tableau, AWS. Minimum 2 years experience required. Bachelor's preferred. Must thrive in a ambiguity.",2,4,Bachelor's preferred,2,Tableau|Power BI|R|AWS,4,Bachelor's preferred,1
Data Analyst,enterprise,2022-02-15,2022,2022Q1,"As a Data Analyst, you will work with R, Snowflake. Minimum 0 years experience required. Bachelor's preferred. Must thrive in a self-starter.",0,2,Bachelor's preferred,0,R|Snowflake,2,Bachelor's preferred,1
Data Analyst,startup,2022-02-15,2022,2022Q1,"As a Data Analyst, you will work with GCP. Minimum 2 years experience required. Bachelor's preferred. Must thrive in a cross-functional collaboration.",2,1,Bachelor's preferred,2,GCP,1,Bachelor's preferred,1
Data Analyst,mid-size,2022-02-15,2022,2022Q1,"As a Data Analyst, you will work with SQL, GCP. Minimum 2 years experience required. Bachelor's required. Must thrive in a cross-functional collaboration.",2,2,Bachelor's required,2,SQL|GCP,2,Bachelor's required,1
Data Analyst,startup,2022-02-15,2022,2022Q1,"We are looking for a Data Analyst with 3+ years of experience. Required skills: Airflow, AWS, Azure. Bachelor's preferred. wear many hats",3,3,Bachelor's preferred,3,AWS|Azure|Airflow,3,Bachelor's preferred,1
Data Analyst,startup,2022-02-15,2022,2022Q1,"As a Data Analyst, you will work with Power BI, Salesforce, Airflow, A/B Testing, Tableau. Minimum 4 years experience required. None mentioned. Must thrive in a cross-functional collaboration.",4,5,None mentioned,4,Tableau|Power BI|Airflow|A/B Testing|Salesforce,5,None mentioned,1
Data Analyst,mid-size,2022-02-15,2022,2022Q1,"Data Analyst - join our team! Ideal candidate has 0 years of relevant experience and is proficient in Tableau, Snowflake, Salesforce. None mentioned. We're looking for someone who can cross-functional collaboration.",0,3,None mentioned,0,Tableau|Snowflake|Salesforce,3,None mentioned,1
Data Analyst,mid-size,2022-02-15,2022,2022Q1,"As a Data Analyst, you will work with Tableau, Power BI, Excel. Minimum 1 years experience required. Master's preferred. Must thrive in a high-growth.",1,3,Master's preferred,1,Excel|Tableau|Power BI,3,Master's preferred,1
Data Analyst,mid-size,2022-02-15,2022,2022Q1,"We are looking for a Data Analyst with 1+ years of experience. Required skills: dbt, SAP, Snowflake. None mentioned. self-starter",1,3,None mentioned,1,Snowflake|dbt|SAP,3,None mentioned,1
Data Analyst,mid-size,2022-02-15,2022,2022Q1,"As a Data Analyst, you will work with Spark, Azure, dbt. Minimum 1 years experience required. None mentioned. Must thrive in a scrappy.",1,3,None mentioned,1,Azure|dbt|Spark,3,None mentioned,1
Data Analyst,mid-size,2022-02-15,2022,2022Q1,"Data Analyst - join our team! Ideal candidate has 2 years of relevant experience and is proficient in Spark, Airflow. Master's required. We're looking for someone who can high-growth.",2,2,Master's required,2,Airflow|Spark,2,Master's required,1
Data Analyst,enterprise,2022-02-15,2022,2022Q1,"As a Data Analyst, you will work with Spark, Python, Looker, Airflow. Minimum 0 years experience required. None mentioned. Must thrive in a ownership mindset.",0,4,None mentioned,0,Python|Looker|Airflow|Spark,4,None mentioned,1
Data Analyst,mid-size,2022-02-15,2022,2022Q1,"As a Data Analyst, you will work with Statistics, A/B Testing, GCP. Minimum 2 years experience required. None mentioned. Must thrive in a scrappy.",2,3,None mentioned,2,GCP|Statistics|A/B Testing,3,None mentioned,1
Data Analyst,mid-size,2022-02-15,2022,2022Q1,"As a Data Analyst, you will work with dbt. Minimum 2 years experience required. None mentioned. Must thrive in a high-growth.",2,1,None mentioned,2,dbt,1,None mentioned,1
Data Analyst,enterprise,2022-02-15,2022,2022Q1,"Data Analyst - join our team! Ideal candidate has 1 years of relevant experience and is proficient in Salesforce, Python, Looker, Statistics. None mentioned. We're looking for someone who can cross-functional collaboration.",1,4,None mentioned,1,Python|Looker|Statistics|Salesforce,4,None mentioned,1
Data Analyst,startup,2022-02-15,2022,2022Q1,"As a Data Analyst, you will work with AWS, GCP. Minimum 0 years experience required. None mentioned. Must thrive in a wear many hats.",0,2,None mentioned,0,AWS|GCP,2,None mentioned,1
Data Analyst,startup,2022-02-15,2022,2022Q1,"As a Data Analyst, you will work with Machine Learning, Salesforce, Statistics. Minimum 3 years experience required. Master's preferred. Must thrive in a cross-functional collaboration.",3,3,Master's preferred,3,Statistics|Machine Learning|Salesforce,3,Master's preferred,1
Data Analyst,startup,2022-02-15,2022,2022Q1,Data Analyst - join our team! Ideal candidate has 2 years of relevant experience and is proficient in Machine Learning. None mentioned. We're looking for someone who can wear many hats.,2,1,None mentioned,2,Machine Learning,1,None mentioned,1
Data Analyst,enterprise,2022-02-15,2022,2022Q1,"We are looking for a Data Analyst with 1+ years of experience. Required skills: GCP, Airflow, Power BI. Bachelor's preferred. fast-paced environment",1,3,Bachelor's preferred,1,Power BI|GCP|Airflow,3,Bachelor's preferred,1
Data Analyst,enterprise,2022-02-15,2022,2022Q1,"As a Data Analyst, you will work with Power BI, Tableau. Minimum 1 years experience required. None mentioned. Must thrive in a fast-paced environment.",1,2,None mentioned,1,Tableau|Power BI,2,None mentioned,1
Data Analyst,mid-size,2022-02-15,2022,2022Q1,"As a Data Analyst, you will work with dbt, Statistics, SQL, Machine Learning, R, GCP. Minimum 1 years experience required. None mentioned. Must thrive in a wear many hats.",1,6,None mentioned,1,SQL|R|GCP|dbt|Statistics|Machine Learning,6,None mentioned,1
Data Analyst,mid-size,2022-02-15,2022,2022Q1,"Data Analyst - join our team! Ideal candidate has 1 years of relevant experience and is proficient in Tableau, Statistics, Snowflake, Spark. Bachelor's preferred. We're looking for someone who can ownership mindset.",1,4,Bachelor's preferred,1,Tableau|Snowflake|Spark|Statistics,4,Bachelor's preferred,1
Data Analyst,startup,2022-02-15,2022,2022Q1,"Data Analyst - join our team! Ideal candidate has 3 years of relevant experience and is proficient in Spark, Statistics, SQL. Bachelor's preferred. We're looking for someone who can ambiguity.",3,3,Bachelor's preferred,3,SQL|Spark|Statistics,3,Bachelor's preferred,1
Data Analyst,enterprise,2022-02-15,2022,2022Q1,"We are looking for a Data Analyst with 1+ years of experience. Required skills: Looker, A/B Testing, Statistics, R. Bachelor's preferred. fast-paced environment",1,4,Bachelor's preferred,1,R|Looker|Statistics|A/B Testing,4,Bachelor's preferred,1
Data Analyst,startup,2022-02-15,2022,2022Q1,"Data Analyst - join our team! Ideal candidate has 2 years of relevant experience and is proficient in Power BI, Statistics, R. None mentioned. We're looking for someone who can ambiguity.",2,3,None mentioned,2,Power BI|R|Statistics,3,None mentioned,1
Data Analyst,startup,2022-02-15,2022,2022Q1,"As a Data Analyst, you will work with SQL, R, Azure, Python. Minimum 0 years experience required. None mentioned. Must thrive in a scrappy.",0,4,None mentioned,0,SQL|Python|R|Azure,4,None mentioned,1
Data Analyst,mid-size,2022-02-15,2022,2022Q1,"As a Data Analyst, you will work with Salesforce, Snowflake, GCP. Minimum 2 years experience required. None mentioned. Must thrive in a ambiguity.",2,3,None mentioned,2,GCP|Snowflake|Salesforce,3,None mentioned,1
Data Analyst,mid-size,2022-02-15,2022,2022Q1,"We are looking for a Data Analyst with 3+ years of experience. Required skills: Machine Learning, Excel, AWS, Power BI, Salesforce. None mentioned. cross-functional collaboration",3,5,None mentioned,3,Excel|Power BI|AWS|Machine Learning|Salesforce,5,None mentioned,1
Data Analyst,enterprise,2022-02-15,2022,2022Q1,"As a Data Analyst, you will work with AWS, Tableau, Power BI, Salesforce, R. Minimum 2 years experience required. None mentioned. Must thrive in a cross-functional collaboration.",2,5,None mentioned,2,Tableau|Power BI|R|AWS|Salesforce,5,None mentioned,1
Data Analyst,startup,2022-02-15,2022,2022Q1,"As a Data Analyst, you will work with GCP, Git. Minimum 2 years experience required. None mentioned. Must thrive in a high-growth.",2,2,None mentioned,2,GCP|Git,2,None mentioned,1
Data Analyst,startup,2022-02-15,2022,2022Q1,"As a Data Analyst, you will work with AWS. Minimum 4 years experience required. None mentioned. Must thrive in a self-starter.",4,1,None mentioned,4,AWS,1,None mentioned,1
Data Analyst,mid-size,2022-02-15,2022,2022Q1,"As a Data Analyst, you will work with GCP, Salesforce, Excel, SAP, AWS. Minimum 2 years experience required. None mentioned. Must thrive in a ownership mindset.",2,5,None mentioned,2,Excel|AWS|GCP|Salesforce|SAP,5,None mentioned,1
Data Analyst,mid-size,2022-02-15,2022,2022Q1,"Data Analyst - join our team! Ideal candidate has 2 years of relevant experience and is proficient in Spark, Snowflake, Git, dbt. Bachelor's preferred. We're looking for someone who can high-growth.",2,4,Bachelor's preferred,2,Snowflake|dbt|Spark|Git,4,Bachelor's preferred,1
Data Analyst,enterprise,2022-02-15,2022,2022Q1,"We are looking for a Data Analyst with 3+ years of experience. Required skills: Power BI, AWS, A/B Testing. None mentioned. self-starter",3,3,None mentioned,3,Power BI|AWS|A/B Testing,3,None mentioned,1
Data Analyst,startup,2022-02-15,2022,2022Q1,We are looking for a Data Analyst with 2+ years of experience. Required skills: Looker. Bachelor's preferred. stakeholder management,2,1,Bachelor's preferred,2,Looker,1,Bachelor's preferred,1
Data Analyst,enterprise,2022-02-15,2022,2022Q1,"We are looking for a Data Analyst with 2+ years of experience. Required skills: Git, GCP, Python. Bachelor's preferred. fast-paced environment",2,3,Bachelor's preferred,2,Python|GCP|Git,3,Bachelor's preferred,1
Data Analyst,startup,2022-02-15,2022,2022Q1,"As a Data Analyst, you will work with Git, Statistics, Spark, Machine Learning, Airflow, A/B Testing. Minimum 2 years experience required. None mentioned. Must thrive in a scrappy.",2,6,None mentioned,2,Airflow|Spark|Git|Statistics|A/B Testing|Machine Learning,6,None mentioned,1
Data Analyst,startup,2022-02-15,2022,2022Q1,"Data Analyst - join our team! Ideal candidate has 0 years of relevant experience and is proficient in AWS, Azure, Looker, Statistics. None mentioned. We're looking for someone who can fast-paced environment.",0,4,None mentioned,0,AWS|Azure|Looker|Statistics,4,None mentioned,1
Data Analyst,mid-size,2022-02-15,2022,2022Q1,"As a Data Analyst, you will work with Airflow, Azure. Minimum 3 years experience required. Bachelor's preferred. Must thrive in a scrappy.",3,2,Bachelor's preferred,3,Azure|Airflow,2,Bachelor's preferred,1
Data Analyst,mid-size,2022-02-15,2022,2022Q1,"As a Data Analyst, you will work with Statistics, Salesforce, Python, Excel, Spark, Airflow. Minimum 2 years experience required. None mentioned. Must thrive in a stakeholder management.",2,6,None mentioned,2,Python|Excel|Airflow|Spark|Statistics|Salesforce,6,None mentioned,1
Data Analyst,mid-size,2022-02-15,2022,2022Q1,"We are looking for a Data Analyst with 4+ years of experience. Required skills: Machine Learning, SQL, Statistics. Master's required. high-growth",4,3,Master's required,4,SQL|Statistics|Machine Learning,3,Master's required,1
Data Analyst,mid-size,2022-02-15,2022,2022Q1,"Data Analyst - join our team! Ideal candidate has 1 years of relevant experience and is proficient in AWS, Salesforce, Tableau, Snowflake. Bachelor's preferred. We're looking for someone who can scrappy.",1,4,Bachelor's preferred,1,Tableau|AWS|Snowflake|Salesforce,4,Bachelor's preferred,1
Data Analyst,enterprise,2022-02-15,2022,2022Q1,"As a Data Analyst, you will work with Snowflake, AWS. Minimum 2 years experience required. Bachelor's preferred. Must thrive in a ambiguity.",2,2,Bachelor's preferred,2,AWS|Snowflake,2,Bachelor's preferred,1
Data Analyst,mid-size,2022-02-15,2022,2022Q1,"We are looking for a Data Analyst with 2+ years of experience. Required skills: Git, Statistics, Azure, Looker. None mentioned. cross-functional collaboration",2,4,None mentioned,2,Azure|Looker|Git|Statistics,4,None mentioned,1
Data Analyst,startup,2022-02-15,2022,2022Q1,"As a Data Analyst, you will work with SQL, GCP, Statistics. Minimum 5 years experience required. None mentioned. Must thrive in a ambiguity.",5,3,None mentioned,5,SQL|GCP|Statistics,3,None mentioned,1
Data Analyst,startup,2022-02-15,2022,2022Q1,"As a Data Analyst, you will work with Spark, Excel. Minimum 3 years experience required. None mentioned. Must thrive in a ambiguity.",3,2,None mentioned,3,Excel|Spark,2,None mentioned,1
Data Analyst,enterprise,2022-02-15,2022,2022Q1,"As a Data Analyst, you will work with Excel, Spark, AWS. Minimum 2 years experience required. None mentioned. Must thrive in a cross-functional collaboration.",2,3,None mentioned,2,Excel|AWS|Spark,3,None mentioned,1
Data Analyst,enterprise,2022-02-15,2022,2022Q1,"Data Analyst - join our team! Ideal candidate has 3 years of relevant experience and is proficient in Statistics, Git, R. Bachelor's preferred. We're looking for someone who can ambiguity.",3,3,Bachelor's preferred,3,R|Git|Statistics,3,Bachelor's preferred,1
Data Analyst,startup,2022-02-15,2022,2022Q1,"As a Data Analyst, you will work with Machine Learning, AWS, Azure, Python. Minimum 1 years experience required. Bachelor's preferred. Must thrive in a ambiguity.",1,4,Bachelor's preferred,1,Python|AWS|Azure|Machine Learning,4,Bachelor's preferred,1
Data Analyst,mid-size,2022-02-15,2022,2022Q1,"We are looking for a Data Analyst with 2+ years of experience. Required skills: SAP, Salesforce, Machine Learning. Bachelor's required. self-starter",2,3,Bachelor's required,2,Machine Learning|Salesforce|SAP,3,Bachelor's required,1
Data Analyst,mid-size,2022-02-15,2022,2022Q1,"As a Data Analyst, you will work with Airflow, Power BI, SQL. Minimum 2 years experience required. None mentioned. Must thrive in a fast-paced environment.",2,3,None mentioned,2,SQL|Power BI|Airflow,3,None mentioned,1
Data Analyst,startup,2022-02-15,2022,2022Q1,"Data Analyst - join our team! Ideal candidate has 2 years of relevant experience and is proficient in R, Statistics, Tableau. Bachelor's preferred. We're looking for someone who can ambiguity.",2,3,Bachelor's preferred,2,Tableau|R|Statistics,3,Bachelor's preferred,1
Data Analyst,enterprise,2022-02-15,2022,2022Q1,"As a Data Analyst, you will work with SAP, Power BI, Statistics. Minimum 2 years experience required. Bachelor's required. Must thrive in a high-growth.",2,3,Bachelor's required,2,Power BI|Statistics|SAP,3,Bachelor's required,1
Data Analyst,enterprise,2022-02-15,2022,2022Q1,"Data Analyst - join our team! Ideal candidate has 2 years of relevant experience and is proficient in Tableau, SQL, Git, Machine Learning. None mentioned. We're looking for someone who can scrappy.",2,4,None mentioned,2,SQL|Tableau|Git|Machine Learning,4,None mentioned,1
Data Analyst,startup,2022-02-15,2022,2022Q1,"As a Data Analyst, you will work with Git, Excel. Minimum 0 years experience required. Bachelor's required. Must thrive in a ownership mindset.",0,2,Bachelor's required,0,Excel|Git,2,Bachelor's required,1
Data Analyst,mid-size,2022-02-15,2022,2022Q1,"We are looking for a Data Analyst with 2+ years of experience. Required skills: Azure, dbt, Machine Learning. None mentioned. high-growth",2,3,None mentioned,2,Azure|dbt|Machine Learning,3,None mentioned,1
Data Analyst,startup,2022-02-15,2022,2022Q1,"Data Analyst - join our team! Ideal candidate has 1 years of relevant experience and is proficient in Excel, Salesforce. None mentioned. We're looking for someone who can stakeholder management.",1,2,None mentioned,1,Excel|Salesforce,2,None mentioned,1
Data Analyst,startup,2022-02-15,2022,2022Q1,"As a Data Analyst, you will work with Python, Looker, Azure. Minimum 1 years experience required. Bachelor's required. Must thrive in a ownership mindset.",1,3,Bachelor's required,1,Python|Azure|Looker,3,Bachelor's required,1
Data Analyst,enterprise,2022-02-15,2022,2022Q1,"Data Analyst - join our team! Ideal candidate has 1 years of relevant experience and is proficient in Looker, Spark, Power BI. Bachelor's preferred. We're looking for someone who can fast-paced environment.",1,3,Bachelor's preferred,1,Power BI|Looker|Spark,3,Bachelor's preferred,1
Data Analyst,enterprise,2022-02-15,2022,2022Q1,"Data Analyst - join our team! Ideal candidate has 1 years of relevant experience and is proficient in Statistics, SQL, Power BI, Python. None mentioned. We're looking for someone who can fast-paced environment.",1,4,None mentioned,1,SQL|Python|Power BI|Statistics,4,None mentioned,1
Data Analyst,enterprise,2022-02-15,2022,2022Q1,Data Analyst - join our team! Ideal candidate has 1 years of relevant experience and is proficient in Tableau. Master's required. We're looking for someone who can fast-paced environment.,1,1,Master's required,1,Tableau,1,Master's required,1
Data Analyst,mid-size,2022-02-15,2022,2022Q1,"As a Data Analyst, you will work with Looker, Excel, SAP. Minimum 2 years experience required. Bachelor's required. Must thrive in a self-starter.",2,3,Bachelor's required,2,Excel|Looker|SAP,3,Bachelor's required,1
Data Analyst,mid-size,2022-02-15,2022,2022Q1,"As a Data Analyst, you will work with GCP, Git, SAP. Minimum 1 years experience required. None mentioned. Must thrive in a scrappy.",1,3,None mentioned,1,GCP|Git|SAP,3,None mentioned,1
Data Analyst,enterprise,2022-02-15,2022,2022Q1,"We are looking for a Data Analyst with 2+ years of experience. Required skills: Power BI, A/B Testing. Bachelor's required. wear many hats",2,2,Bachelor's required,2,Power BI|A/B Testing,2,Bachelor's required,1
Data Analyst,mid-size,2022-02-15,2022,2022Q1,"Data Analyst - join our team! Ideal candidate has 2 years of relevant experience and is proficient in Git, dbt, Airflow, Azure, Salesforce. None mentioned. We're looking for someone who can scrappy.",2,5,None mentioned,2,Azure|dbt|Airflow|Git|Salesforce,5,None mentioned,1
Data Analyst,enterprise,2022-02-15,2022,2022Q1,"As a Data Analyst, you will work with Snowflake, GCP, Excel, A/B Testing. Minimum 4 years experience required. Bachelor's preferred. Must thrive in a stakeholder management.",4,4,Bachelor's preferred,4,Excel|GCP|Snowflake|A/B Testing,4,Bachelor's preferred,1
Data Analyst,startup,2022-02-15,2022,2022Q1,"Data Analyst - join our team! Ideal candidate has 2 years of relevant experience and is proficient in Excel, Airflow, SQL. Bachelor's required. We're looking for someone who can scrappy.",2,3,Bachelor's required,2,SQL|Excel|Airflow,3,Bachelor's required,1
Data Analyst,enterprise,2022-02-15,2022,2022Q1,"We are looking for a Data Analyst with 3+ years of experience. Required skills: Tableau, Statistics, Git. Bachelor's preferred. ambiguity",3,3,Bachelor's preferred,3,Tableau|Git|Statistics,3,Bachelor's preferred,1
Data Analyst,startup,2022-02-15,2022,2022Q1,"We are looking for a Data Analyst with 2+ years of experience. Required skills: Tableau, Git, Excel, Snowflake. None mentioned. stakeholder management",2,4,None mentioned,2,Excel|Tableau|Snowflake|Git,4,None mentioned,1
Data Analyst,mid-size,2022-02-15,2022,2022Q1,"We are looking for a Data Analyst with 2+ years of experience. Required skills: R, Statistics, GCP, dbt. None mentioned. ownership mindset",2,4,None mentioned,2,R|GCP|dbt|Statistics,4,None mentioned,1
Data Analyst,enterprise,2022-02-15,2022,2022Q1,"Data Analyst - join our team! Ideal candidate has 1 years of relevant experience and is proficient in R, SAP, GCP. Bachelor's preferred. We're looking for someone who can ownership mindset.",1,3,Bachelor's preferred,1,R|GCP|SAP,3,Bachelor's preferred,1
Data Analyst,startup,2022-02-15,2022,2022Q1,"We are looking for a Data Analyst with 2+ years of experience. Required skills: Python, Machine Learning, Azure. Bachelor's preferred. stakeholder management",2,3,Bachelor's preferred,2,Python|Azure|Machine Learning,3,Bachelor's preferred,1
Data Analyst,startup,2022-02-15,2022,2022Q1,"We are looking for a Data Analyst with 3+ years of experience. Required skills: GCP, Snowflake, AWS, dbt, Airflow. Master's preferred. stakeholder management",3,5,Master's preferred,3,AWS|GCP|Snowflake|dbt|Airflow,5,Master's preferred,1
Data Analyst,enterprise,2022-02-15,2022,2022Q1,"As a Data Analyst, you will work with Git, Machine Learning. Minimum 2 years experience required. Bachelor's required. Must thrive in a ambiguity.",2,2,Bachelor's required,2,Git|Machine Learning,2,Bachelor's required,1
Data Analyst,mid-size,2022-02-15,2022,2022Q1,"Data Analyst - join our team! Ideal candidate has 2 years of relevant experience and is proficient in A/B Testing, Machine Learning, Tableau. Master's preferred. We're looking for someone who can fast-paced environment.",2,3,Master's preferred,2,Tableau|A/B Testing|Machine Learning,3,Master's preferred,1
Data Analyst,mid-size,2022-02-15,2022,2022Q1,"As a Data Analyst, you will work with dbt, Spark, A/B Testing. Minimum 3 years experience required. Bachelor's preferred. Must thrive in a ambiguity.",3,3,Bachelor's preferred,3,dbt|Spark|A/B Testing,3,Bachelor's preferred,1
Data Analyst,mid-size,2022-02-15,2022,2022Q1,"We are looking for a Data Analyst with 3+ years of experience. Required skills: Power BI, SAP, Looker, GCP. None mentioned. self-starter",3,4,None mentioned,3,Power BI|GCP|Looker|SAP,4,None mentioned,1
Data Analyst,startup,2022-02-15,2022,2022Q1,"As a Data Analyst, you will work with Tableau, A/B Testing, Airflow, Salesforce. Minimum 4 years experience required. None mentioned. Must thrive in a stakeholder management.",4,4,None mentioned,4,Tableau|Airflow|A/B Testing|Salesforce,4,None mentioned,1
Data Analyst,startup,2022-02-15,2022,2022Q1,"As a Data Analyst, you will work with Azure, SQL, Power BI. Minimum 2 years experience required. None mentioned. Must thrive in a wear many hats.",2,3,None mentioned,2,SQL|Power BI|Azure,3,None mentioned,1
Data Analyst,enterprise,2022-02-15,2022,2022Q1,"Data Analyst - join our team! Ideal candidate has 3 years of relevant experience and is proficient in Airflow, Git, Excel. Bachelor's required. We're looking for someone who can cross-functional collaboration.",3,3,Bachelor's required,3,Excel|Airflow|Git,3,Bachelor's required,1
Data Analyst,mid-size,2022-02-15,2022,2022Q1,"Data Analyst - join our team! Ideal candidate has 3 years of relevant experience and is proficient in Salesforce, Looker, Statistics, dbt, Power BI, Tableau, A/B Testing. Bachelor's preferred. We're looking for someone who can fast-paced environment.",3,7,Bachelor's preferred,3,Tableau|Power BI|Looker|dbt|Statistics|A/B Testing|Salesforce,7,Bachelor's preferred,1
Data Analyst,mid-size,2022-02-15,2022,2022Q1,"We are looking for a Data Analyst with 2+ years of experience. Required skills: R, Git, GCP. Bachelor's required. wear many hats",2,3,Bachelor's required,2,R|GCP|Git,3,Bachelor's required,1
Data Analyst,enterprise,2022-02-15,2022,2022Q1,"As a Data Analyst, you will work with AWS. Minimum 3 years experience required. Bachelor's required. Must thrive in a cross-functional collaboration.",3,1,Bachelor's required,3,AWS,1,Bachelor's required,1
Data Analyst,enterprise,2022-02-15,2022,2022Q1,"We are looking for a Data Analyst with 0+ years of experience. Required skills: Git, Excel, Tableau, A/B Testing, Snowflake. None mentioned. scrappy",0,5,None mentioned,0,Excel|Tableau|Snowflake|Git|A/B Testing,5,None mentioned,1
Data Analyst,enterprise,2022-02-15,2022,2022Q1,"We are looking for a Data Analyst with 2+ years of experience. Required skills: dbt, Machine Learning, Excel. Master's preferred. ownership mindset",2,3,Master's preferred,2,Excel|dbt|Machine Learning,3,Master's preferred,1
Data Analyst,startup,2022-02-15,2022,2022Q1,"As a Data Analyst, you will work with Statistics, Machine Learning, GCP. Minimum 1 years experience required. None mentioned. Must thrive in a ambiguity.",1,3,None mentioned,1,GCP|Statistics|Machine Learning,3,None mentioned,1
Data Analyst,enterprise,2022-02-15,2022,2022Q1,"As a Data Analyst, you will work with Machine Learning, Python. Minimum 3 years experience required. None mentioned. Must thrive in a ambiguity.",3,2,None mentioned,3,Python|Machine Learning,2,None mentioned,1
Data Analyst,startup,2022-02-15,2022,2022Q1,Data Analyst - join our team! Ideal candidate has 2 years of relevant experience and is proficient in GCP. Bachelor's required. We're looking for someone who can ambiguity.,2,1,Bachelor's required,2,GCP,1,Bachelor's required,1
Data Analyst,mid-size,2022-02-15,2022,2022Q1,"We are looking for a Data Analyst with 3+ years of experience. Required skills: Git, Statistics, Machine Learning, GCP. None mentioned. cross-functional collaboration",3,4,None mentioned,3,GCP|Git|Statistics|Machine Learning,4,None mentioned,1
Data Analyst,mid-size,2022-02-15,2022,2022Q1,"We are looking for a Data Analyst with 2+ years of experience. Required skills: AWS, Python. None mentioned. high-growth",2,2,None mentioned,2,Python|AWS,2,None mentioned,1
Data Analyst,startup,2022-02-15,2022,2022Q1,Data Analyst - join our team! Ideal candidate has 2 years of relevant experience and is proficient in Tableau. Bachelor's preferred. We're looking for someone who can self-starter.,2,1,Bachelor's preferred,2,Tableau,1,Bachelor's preferred,1
Data Analyst,startup,2022-02-15,2022,2022Q1,"We are looking for a Data Analyst with 3+ years of experience. Required skills: Python, SAP, dbt. None mentioned. scrappy",3,3,None mentioned,3,Python|dbt|SAP,3,None mentioned,1
Data Analyst,startup,2022-02-15,2022,2022Q1,We are looking for a Data Analyst with 3+ years of experience. Required skills: Azure. Bachelor's preferred. ownership mindset,3,1,Bachelor's preferred,3,Azure,1,Bachelor's preferred,1
Data Analyst,enterprise,2022-02-15,2022,2022Q1,"Data Analyst - join our team! Ideal candidate has 2 years of relevant experience and is proficient in Python, R, Tableau, GCP, dbt. Master's preferred. We're looking for someone who can self-starter.",2,5,Master's preferred,2,Python|Tableau|R|GCP|dbt,5,Master's preferred,1
Data Analyst,mid-size,2022-05-15,2022,2022Q2,"Data Analyst - join our team! Ideal candidate has 2 years of relevant experience and is proficient in A/B Testing, Excel, Snowflake, Python, Salesforce, Azure. None mentioned. We're looking for someone who can stakeholder management.",2,6,None mentioned,2,Python|Excel|Azure|Snowflake|A/B Testing|Salesforce,6,None mentioned,1
Data Analyst,mid-size,2022-05-15,2022,2022Q2,"We are looking for a Data Analyst with 2+ years of experience. Required skills: Spark, Git, AWS, Salesforce, Excel. None mentioned. fast-paced environment",2,5,None mentioned,2,Excel|AWS|Spark|Git|Salesforce,5,None mentioned,1
Data Analyst,enterprise,2022-05-15,2022,2022Q2,"Data Analyst - join our team! Ideal candidate has 2 years of relevant experience and is proficient in Looker, SAP. Bachelor's preferred. We're looking for someone who can cross-functional collaboration, high-growth, ownership mindset.",2,2,Bachelor's preferred,2,Looker|SAP,2,Bachelor's preferred,3
Data Analyst,startup,2022-05-15,2022,2022Q2,"We are looking for a Data Analyst with 0+ years of experience. Required skills: Salesforce, Airflow, Looker, Machine Learning, AWS, Excel, Power BI. None mentioned. stakeholder management",0,7,None mentioned,0,Excel|Power BI|AWS|Looker|Airflow|Machine Learning|Salesforce,7,None mentioned,1
Data Analyst,startup,2022-05-15,2022,2022Q2,"As a Data Analyst, you will work with AWS, Power BI, Looker. Minimum 2 years experience required. Bachelor's required. Must thrive in a high-growth.",2,3,Bachelor's required,2,Power BI|AWS|Looker,3,Bachelor's required,1
Data Analyst,enterprise,2022-05-15,2022,2022Q2,"As a Data Analyst, you will work with Salesforce, Git, Spark, Excel, Airflow, Looker. Minimum 2 years experience required. Bachelor's preferred. Must thrive in a wear many hats.",2,6,Bachelor's preferred,2,Excel|Looker|Airflow|Spark|Git|Salesforce,6,Bachelor's preferred,1
Data Analyst,mid-size,2022-05-15,2022,2022Q2,"Data Analyst - join our team! Ideal candidate has 3 years of relevant experience and is proficient in Airflow, AWS. Bachelor's preferred. We're looking for someone who can scrappy.",3,2,Bachelor's preferred,3,AWS|Airflow,2,Bachelor's preferred,1
Data Analyst,enterprise,2022-05-15,2022,2022Q2,"We are looking for a Data Analyst with 1+ years of experience. Required skills: Tableau, Snowflake, A/B Testing. None mentioned. ambiguity",1,3,None mentioned,1,Tableau|Snowflake|A/B Testing,3,None mentioned,1
Data Analyst,mid-size,2022-05-15,2022,2022Q2,"As a Data Analyst, you will work with A/B Testing. Minimum 4 years experience required. Bachelor's preferred. Must thrive in a ownership mindset.",4,1,Bachelor's preferred,4,A/B Testing,1,Bachelor's preferred,1
Data Analyst,startup,2022-05-15,2022,2022Q2,"We are looking for a Data Analyst with 1+ years of experience. Required skills: Machine Learning, Airflow, Salesforce, AWS, Spark. None mentioned. high-growth",1,5,None mentioned,1,AWS|Airflow|Spark|Machine Learning|Salesforce,5,None mentioned,1
Data Analyst,enterprise,2022-05-15,2022,2022Q2,"Data Analyst - join our team! Ideal candidate has 3 years of relevant experience and is proficient in Power BI, SQL, Git, Spark, Salesforce. None mentioned. We're looking for someone who can ownership mindset.",3,5,None mentioned,3,SQL|Power BI|Spark|Git|Salesforce,5,None mentioned,1
Data Analyst,startup,2022-05-15,2022,2022Q2,"We are looking for a Data Analyst with 2+ years of experience. Required skills: SAP, Salesforce, Git, A/B Testing, Spark. Master's required. wear many hats, ownership mindset, scrappy",2,5,Master's required,2,Spark|Git|A/B Testing|Salesforce|SAP,5,Master's required,3
Data Analyst,enterprise,2022-05-15,2022,2022Q2,"We are looking for a Data Analyst with 2+ years of experience. Required skills: Power BI, GCP, Tableau, A/B Testing. Bachelor's preferred. self-starter",2,4,Bachelor's preferred,2,Tableau|Power BI|GCP|A/B Testing,4,Bachelor's preferred,1
Data Analyst,mid-size,2022-05-15,2022,2022Q2,"As a Data Analyst, you will work with Statistics, SAP, dbt, Python. Minimum 2 years experience required. None mentioned. Must thrive in a scrappy.",2,4,None mentioned,2,Python|dbt|Statistics|SAP,4,None mentioned,1
Data Analyst,startup,2022-05-15,2022,2022Q2,"We are looking for a Data Analyst with 2+ years of experience. Required skills: Statistics, Git, SQL. None mentioned. high-growth",2,3,None mentioned,2,SQL|Git|Statistics,3,None mentioned,1
Data Analyst,enterprise,2022-05-15,2022,2022Q2,"As a Data Analyst, you will work with GCP, Tableau, Excel, Statistics, dbt, Salesforce. Minimum 1 years experience required. None mentioned. Must thrive in a fast-paced environment.",1,6,None mentioned,1,Excel|Tableau|GCP|dbt|Statistics|Salesforce,6,None mentioned,1
Data Analyst,startup,2022-05-15,2022,2022Q2,"We are looking for a Data Analyst with 3+ years of experience. Required skills: Power BI, SAP, Salesforce. None mentioned. self-starter",3,3,None mentioned,3,Power BI|Salesforce|SAP,3,None mentioned,1
Data Analyst,startup,2022-05-15,2022,2022Q2,"We are looking for a Data Analyst with 0+ years of experience. Required skills: Looker, Excel, Tableau, Snowflake, Salesforce. Bachelor's preferred. high-growth",0,5,Bachelor's preferred,0,Excel|Tableau|Looker|Snowflake|Salesforce,5,Bachelor's preferred,1
Data Analyst,startup,2022-05-15,2022,2022Q2,"We are looking for a Data Analyst with 2+ years of experience. Required skills: Python, Excel, SQL, AWS, dbt, Statistics, Tableau. Bachelor's preferred. self-starter",2,7,Bachelor's preferred,2,SQL|Python|Excel|Tableau|AWS|dbt|Statistics,7,Bachelor's preferred,1
Data Analyst,enterprise,2022-05-15,2022,2022Q2,We are looking for a Data Analyst with 1+ years of experience. Required skills: Snowflake. Bachelor's preferred. cross-functional collaboration,1,1,Bachelor's preferred,1,Snowflake,1,Bachelor's preferred,1
Data Analyst,startup,2022-05-15,2022,2022Q2,"We are looking for a Data Analyst with 3+ years of experience. Required skills: SAP, Machine Learning. None mentioned. ownership mindset",3,2,None mentioned,3,Machine Learning|SAP,2,None mentioned,1
Data Analyst,startup,2022-05-15,2022,2022Q2,"We are looking for a Data Analyst with 2+ years of experience. Required skills: Tableau, SAP, Python. None mentioned. fast-paced environment",2,3,None mentioned,2,Python|Tableau|SAP,3,None mentioned,1
Data Analyst,enterprise,2022-05-15,2022,2022Q2,"We are looking for a Data Analyst with 3+ years of experience. Required skills: Power BI, GCP, Machine Learning, SAP. None mentioned. fast-paced environment",3,4,None mentioned,3,Power BI|GCP|Machine Learning|SAP,4,None mentioned,1
Data Analyst,enterprise,2022-05-15,2022,2022Q2,"As a Data Analyst, you will work with Airflow, GCP, Snowflake. Minimum 2 years experience required. None mentioned. Must thrive in a stakeholder management.",2,3,None mentioned,2,GCP|Snowflake|Airflow,3,None mentioned,1
Data Analyst,enterprise,2022-05-15,2022,2022Q2,"We are looking for a Data Analyst with 2+ years of experience. Required skills: AWS. Bachelor's preferred. stakeholder management, fast-paced environment",2,1,Bachelor's preferred,2,AWS,1,Bachelor's preferred,2
Data Analyst,mid-size,2022-05-15,2022,2022Q2,"As a Data Analyst, you will work with Tableau, GCP, R, SQL, dbt, AWS. Minimum 2 years experience required. Bachelor's preferred. Must thrive in a ambiguity.",2,6,Bachelor's preferred,2,SQL|Tableau|R|AWS|GCP|dbt,6,Bachelor's preferred,1
Data Analyst,mid-size,2022-05-15,2022,2022Q2,"We are looking for a Data Analyst with 2+ years of experience. Required skills: SQL, GCP. None mentioned. ownership mindset",2,2,None mentioned,2,SQL|GCP,2,None mentioned,1
Data Analyst,enterprise,2022-05-15,2022,2022Q2,"Data Analyst - join our team! Ideal candidate has 3 years of relevant experience and is proficient in Looker, SQL, GCP, Spark, SAP. Bachelor's preferred. We're looking for someone who can ambiguity.",3,5,Bachelor's preferred,3,SQL|GCP|Looker|Spark|SAP,5,Bachelor's preferred,1
Data Analyst,mid-size,2022-05-15,2022,2022Q2,"As a Data Analyst, you will work with Git. Minimum 3 years experience required. None mentioned. Must thrive in a high-growth.",3,1,None mentioned,3,Git,1,None mentioned,1
Data Analyst,enterprise,2022-05-15,2022,2022Q2,"As a Data Analyst, you will work with Git, Looker, SAP, AWS, Snowflake. Minimum 4 years experience required. Bachelor's preferred. Must thrive in a ambiguity.",4,5,Bachelor's preferred,4,AWS|Looker|Snowflake|Git|SAP,5,Bachelor's preferred,1
Data Analyst,startup,2022-05-15,2022,2022Q2,"Data Analyst - join our team! Ideal candidate has 3 years of relevant experience and is proficient in GCP, SQL. Master's preferred. We're looking for someone who can self-starter.",3,2,Master's preferred,3,SQL|GCP,2,Master's preferred,1
Data Analyst,mid-size,2022-05-15,2022,2022Q2,"Data Analyst - join our team! Ideal candidate has 2 years of relevant experience and is proficient in AWS, Statistics, Salesforce, A/B Testing. Bachelor's preferred. We're looking for someone who can self-starter.",2,4,Bachelor's preferred,2,AWS|Statistics|A/B Testing|Salesforce,4,Bachelor's preferred,1
Data Analyst,mid-size,2022-05-15,2022,2022Q2,"Data Analyst - join our team! Ideal candidate has 2 years of relevant experience and is proficient in Snowflake, Power BI, GCP, Azure, SQL. None mentioned. We're looking for someone who can wear many hats.",2,5,None mentioned,2,SQL|Power BI|Azure|GCP|Snowflake,5,None mentioned,1
Data Analyst,mid-size,2022-05-15,2022,2022Q2,"We are looking for a Data Analyst with 3+ years of experience. Required skills: Azure, Salesforce, Spark, R, Python. None mentioned. scrappy",3,5,None mentioned,3,Python|R|Azure|Spark|Salesforce,5,None mentioned,1
Data Analyst,startup,2022-05-15,2022,2022Q2,"As a Data Analyst, you will work with SQL, dbt, Statistics. Minimum 0 years experience required. Master's preferred. Must thrive in a fast-paced environment.",0,3,Master's preferred,0,SQL|dbt|Statistics,3,Master's preferred,1
Data Analyst,startup,2022-05-15,2022,2022Q2,"As a Data Analyst, you will work with Looker, Salesforce, R, Machine Learning, AWS. Minimum 4 years experience required. Bachelor's required. Must thrive in a scrappy.",4,5,Bachelor's required,4,R|AWS|Looker|Machine Learning|Salesforce,5,Bachelor's required,1
Data Analyst,mid-size,2022-05-15,2022,2022Q2,"As a Data Analyst, you will work with Salesforce, AWS, Tableau, Machine Learning, Power BI, Statistics. Minimum 1 years experience required. Master's preferred. Must thrive in a stakeholder management.",1,6,Master's preferred,1,Tableau|Power BI|AWS|Statistics|Machine Learning|Salesforce,6,Master's preferred,1
Data Analyst,mid-size,2022-05-15,2022,2022Q2,"As a Data Analyst, you will work with Airflow, dbt, R, A/B Testing, GCP. Minimum 5 years experience required. Master's required. Must thrive in a ambiguity.",5,5,Master's required,5,R|GCP|dbt|Airflow|A/B Testing,5,Master's required,1
Data Analyst,startup,2022-05-15,2022,2022Q2,"Data Analyst - join our team! Ideal candidate has 4 years of relevant experience and is proficient in Excel, GCP, Snowflake. None mentioned. We're looking for someone who can self-starter.",4,3,None mentioned,4,Excel|GCP|Snowflake,3,None mentioned,1
Data Analyst,startup,2022-05-15,2022,2022Q2,"As a Data Analyst, you will work with Statistics, Machine Learning, SAP, AWS. Minimum 3 years experience required. Bachelor's required. Must thrive in a cross-functional collaboration.",3,4,Bachelor's required,3,AWS|Statistics|Machine Learning|SAP,4,Bachelor's required,1
Data Analyst,mid-size,2022-05-15,2022,2022Q2,"Data Analyst - join our team! Ideal candidate has 2 years of relevant experience and is proficient in Machine Learning, A/B Testing. None mentioned. We're looking for someone who can cross-functional collaboration.",2,2,None mentioned,2,A/B Testing|Machine Learning,2,None mentioned,1
Data Analyst,enterprise,2022-05-15,2022,2022Q2,"Data Analyst - join our team! Ideal candidate has 2 years of relevant experience and is proficient in Snowflake, SAP, Airflow, Salesforce, AWS. None mentioned. We're looking for someone who can high-growth.",2,5,None mentioned,2,AWS|Snowflake|Airflow|Salesforce|SAP,5,None mentioned,1
Data Analyst,startup,2022-05-15,2022,2022Q2,"We are looking for a Data Analyst with 1+ years of experience. Required skills: SAP, AWS, Machine Learning, Power BI. Master's preferred. cross-functional collaboration",1,4,Master's preferred,1,Power BI|AWS|Machine Learning|SAP,4,Master's preferred,1
Data Analyst,startup,2022-05-15,2022,2022Q2,"We are looking for a Data Analyst with 1+ years of experience. Required skills: GCP, Python, dbt. Bachelor's preferred. ambiguity",1,3,Bachelor's preferred,1,Python|GCP|dbt,3,Bachelor's preferred,1
Data Analyst,enterprise,2022-05-15,2022,2022Q2,"Data Analyst - join our team! Ideal candidate has 2 years of relevant experience and is proficient in Tableau, SAP, Salesforce. None mentioned. We're looking for someone who can self-starter.",2,3,None mentioned,2,Tableau|Salesforce|SAP,3,None mentioned,1
Data Analyst,enterprise,2022-05-15,2022,2022Q2,"As a Data Analyst, you will work with Statistics, Git, Excel, AWS. Minimum 2 years experience required. None mentioned. Must thrive in a ambiguity.",2,4,None mentioned,2,Excel|AWS|Git|Statistics,4,None mentioned,1
Data Analyst,startup,2022-05-15,2022,2022Q2,"We are looking for a Data Analyst with 3+ years of experience. Required skills: Salesforce, A/B Testing, SQL, Statistics. None mentioned. fast-paced environment",3,4,None mentioned,3,SQL|Statistics|A/B Testing|Salesforce,4,None mentioned,1
Data Analyst,enterprise,2022-05-15,2022,2022Q2,"As a Data Analyst, you will work with Salesforce, Machine Learning, Airflow, A/B Testing, SQL. Minimum 2 years experience required. Bachelor's preferred. Must thrive in a stakeholder management.",2,5,Bachelor's preferred,2,SQL|Airflow|A/B Testing|Machine Learning|Salesforce,5,Bachelor's preferred,1
Data Analyst,mid-size,2022-05-15,2022,2022Q2,"We are looking for a Data Analyst with 3+ years of experience. Required skills: Python, Machine Learning, Tableau. Bachelor's required. wear many hats",3,3,Bachelor's required,3,Python|Tableau|Machine Learning,3,Bachelor's required,1
Data Analyst,startup,2022-05-15,2022,2022Q2,"We are looking for a Data Analyst with 4+ years of experience. Required skills: AWS, Power BI, Salesforce, Tableau. Bachelor's required. high-growth",4,4,Bachelor's required,4,Tableau|Power BI|AWS|Salesforce,4,Bachelor's required,1
Data Analyst,startup,2022-05-15,2022,2022Q2,"As a Data Analyst, you will work with Azure, Spark. Minimum 2 years experience required. Bachelor's preferred. Must thrive in a cross-functional collaboration.",2,2,Bachelor's preferred,2,Azure|Spark,2,Bachelor's preferred,1
Data Analyst,enterprise,2022-05-15,2022,2022Q2,"We are looking for a Data Analyst with 2+ years of experience. Required skills: SAP, Machine Learning, Airflow, dbt, SQL, Tableau, Excel. None mentioned. scrappy",2,7,None mentioned,2,SQL|Excel|Tableau|dbt|Airflow|Machine Learning|SAP,7,None mentioned,1
Data Analyst,mid-size,2022-05-15,2022,2022Q2,"Data Analyst - join our team! Ideal candidate has 0 years of relevant experience and is proficient in R, Power BI, dbt, SQL. None mentioned. We're looking for someone who can high-growth.",0,4,None mentioned,0,SQL|Power BI|R|dbt,4,None mentioned,1
Data Analyst,enterprise,2022-05-15,2022,2022Q2,"Data Analyst - join our team! Ideal candidate has 2 years of relevant experience and is proficient in dbt, Excel, AWS, A/B Testing, SAP, R. Bachelor's preferred. We're looking for someone who can ambiguity.",2,6,Bachelor's preferred,2,Excel|R|AWS|dbt|A/B Testing|SAP,6,Bachelor's preferred,1
Data Analyst,mid-size,2022-05-15,2022,2022Q2,"We are looking for a Data Analyst with 3+ years of experience. Required skills: Spark, Tableau, Statistics, Salesforce, Airflow. None mentioned. ambiguity",3,5,None mentioned,3,Tableau|Airflow|Spark|Statistics|Salesforce,5,None mentioned,1
Data Analyst,mid-size,2022-05-15,2022,2022Q2,We are looking for a Data Analyst with 3+ years of experience. Required skills: dbt. None mentioned. cross-functional collaboration,3,1,None mentioned,3,dbt,1,None mentioned,1
Data Analyst,enterprise,2022-05-15,2022,2022Q2,"We are looking for a Data Analyst with 1+ years of experience. Required skills: AWS, Airflow, Excel. None mentioned. stakeholder management",1,3,None mentioned,1,Excel|AWS|Airflow,3,None mentioned,1
Data Analyst,enterprise,2022-05-15,2022,2022Q2,"Data Analyst - join our team! Ideal candidate has 2 years of relevant experience and is proficient in Looker, Statistics, Salesforce. Bachelor's preferred. We're looking for someone who can fast-paced environment.",2,3,Bachelor's preferred,2,Looker|Statistics|Salesforce,3,Bachelor's preferred,1
Data Analyst,mid-size,2022-05-15,2022,2022Q2,"Data Analyst - join our team! Ideal candidate has 3 years of relevant experience and is proficient in Python, Azure, A/B Testing. Bachelor's required. We're looking for someone who can ownership mindset.",3,3,Bachelor's required,3,Python|Azure|A/B Testing,3,Bachelor's required,1
Data Analyst,enterprise,2022-05-15,2022,2022Q2,"We are looking for a Data Analyst with 1+ years of experience. Required skills: GCP, dbt, Tableau, A/B Testing, Airflow. Master's required. high-growth",1,5,Master's required,1,Tableau|GCP|dbt|Airflow|A/B Testing,5,Master's required,1
Data Analyst,mid-size,2022-05-15,2022,2022Q2,"We are looking for a Data Analyst with 2+ years of experience. Required skills: dbt, A/B Testing, R, Python. Bachelor's preferred. high-growth, cross-functional collaboration, ambiguity",2,4,Bachelor's preferred,2,Python|R|dbt|A/B Testing,4,Bachelor's preferred,3
Data Analyst,startup,2022-05-15,2022,2022Q2,"As a Data Analyst, you will work with R, Power BI, A/B Testing. Minimum 3 years experience required. None mentioned. Must thrive in a cross-functional collaboration.",3,3,None mentioned,3,Power BI|R|A/B Testing,3,None mentioned,1
Data Analyst,startup,2022-05-15,2022,2022Q2,"As a Data Analyst, you will work with SAP, Power BI, Airflow, AWS, Looker. Minimum 2 years experience required. Bachelor's preferred. Must thrive in a cross-functional collaboration.",2,5,Bachelor's preferred,2,Power BI|AWS|Looker|Airflow|SAP,5,Bachelor's preferred,1
Data Analyst,mid-size,2022-05-15,2022,2022Q2,"As a Data Analyst, you will work with Power BI, Tableau. Minimum 2 years experience required. Bachelor's preferred. Must thrive in a fast-paced environment.",2,2,Bachelor's preferred,2,Tableau|Power BI,2,Bachelor's preferred,1
Data Analyst,startup,2022-05-15,2022,2022Q2,"Data Analyst - join our team! Ideal candidate has 4 years of relevant experience and is proficient in dbt, GCP, Tableau, Spark. Bachelor's preferred. We're looking for someone who can scrappy.",4,4,Bachelor's preferred,4,Tableau|GCP|dbt|Spark,4,Bachelor's preferred,1
Data Analyst,enterprise,2022-05-15,2022,2022Q2,"As a Data Analyst, you will work with A/B Testing, AWS, Tableau, Looker. Minimum 1 years experience required. Bachelor's preferred. Must thrive in a wear many hats.",1,4,Bachelor's preferred,1,Tableau|AWS|Looker|A/B Testing,4,Bachelor's preferred,1
Data Analyst,mid-size,2022-05-15,2022,2022Q2,"As a Data Analyst, you will work with Excel, AWS. Minimum 4 years experience required. None mentioned. Must thrive in a self-starter.",4,2,None mentioned,4,Excel|AWS,2,None mentioned,1
Data Analyst,mid-size,2022-05-15,2022,2022Q2,"As a Data Analyst, you will work with Airflow, Python, Azure, Machine Learning. Minimum 3 years experience required. None mentioned. Must thrive in a high-growth.",3,4,None mentioned,3,Python|Azure|Airflow|Machine Learning,4,None mentioned,1
Data Analyst,mid-size,2022-05-15,2022,2022Q2,"We are looking for a Data Analyst with 2+ years of experience. Required skills: Git, Python, Snowflake. None mentioned. fast-paced environment",2,3,None mentioned,2,Python|Snowflake|Git,3,None mentioned,1
Data Analyst,mid-size,2022-05-15,2022,2022Q2,"As a Data Analyst, you will work with Python, AWS, R. Minimum 4 years experience required. Bachelor's preferred. Must thrive in a cross-functional collaboration, fast-paced environment, high-growth.",4,3,Bachelor's preferred,4,Python|R|AWS,3,Bachelor's preferred,3
Data Analyst,mid-size,2022-05-15,2022,2022Q2,"Data Analyst - join our team! Ideal candidate has 4 years of relevant experience and is proficient in R, Looker, dbt. None mentioned. We're looking for someone who can ambiguity.",4,3,None mentioned,4,R|Looker|dbt,3,None mentioned,1
Data Analyst,startup,2022-05-15,2022,2022Q2,"Data Analyst - join our team! Ideal candidate has 2 years of relevant experience and is proficient in Looker, dbt, Git, A/B Testing. Master's preferred. We're looking for someone who can ambiguity.",2,4,Master's preferred,2,Looker|dbt|Git|A/B Testing,4,Master's preferred,1
Data Analyst,startup,2022-05-15,2022,2022Q2,"We are looking for a Data Analyst with 2+ years of experience. Required skills: AWS, SQL, A/B Testing, Azure, Machine Learning, Python. None mentioned. fast-paced environment",2,6,None mentioned,2,SQL|Python|AWS|Azure|A/B Testing|Machine Learning,6,None mentioned,1
Data Analyst,enterprise,2022-05-15,2022,2022Q2,"As a Data Analyst, you will work with dbt, A/B Testing, GCP. Minimum 2 years experience required. Bachelor's preferred. Must thrive in a high-growth.",2,3,Bachelor's preferred,2,GCP|dbt|A/B Testing,3,Bachelor's preferred,1
Data Analyst,enterprise,2022-05-15,2022,2022Q2,"Data Analyst - join our team! Ideal candidate has 2 years of relevant experience and is proficient in A/B Testing, Airflow, Spark, GCP. Bachelor's preferred. We're looking for someone who can ambiguity.",2,4,Bachelor's preferred,2,GCP|Airflow|Spark|A/B Testing,4,Bachelor's preferred,1
Data Analyst,startup,2022-05-15,2022,2022Q2,"Data Analyst - join our team! Ideal candidate has 4 years of relevant experience and is proficient in GCP, Excel. Bachelor's required. We're looking for someone who can scrappy.",4,2,Bachelor's required,4,Excel|GCP,2,Bachelor's required,1
Data Analyst,enterprise,2022-05-15,2022,2022Q2,"We are looking for a Data Analyst with 1+ years of experience. Required skills: Airflow, SAP, Machine Learning, Python, Snowflake. None mentioned. scrappy",1,5,None mentioned,1,Python|Snowflake|Airflow|Machine Learning|SAP,5,None mentioned,1
Data Analyst,enterprise,2022-05-15,2022,2022Q2,"Data Analyst - join our team! Ideal candidate has 1 years of relevant experience and is proficient in Power BI, Azure, GCP, R, AWS. Bachelor's preferred. We're looking for someone who can self-starter.",1,5,Bachelor's preferred,1,Power BI|R|AWS|Azure|GCP,5,Bachelor's preferred,1
Data Analyst,enterprise,2022-05-15,2022,2022Q2,"As a Data Analyst, you will work with Looker, Azure. Minimum 2 years experience required. Bachelor's preferred. Must thrive in a high-growth.",2,2,Bachelor's preferred,2,Azure|Looker,2,Bachelor's preferred,1
Data Analyst,enterprise,2022-05-15,2022,2022Q2,"Data Analyst - join our team! Ideal candidate has 4 years of relevant experience and is proficient in GCP, Excel, SQL, Power BI, A/B Testing. Bachelor's required. We're looking for someone who can ambiguity, wear many hats, self-starter.",4,5,Bachelor's required,4,SQL|Excel|Power BI|GCP|A/B Testing,5,Bachelor's required,3
Data Analyst,startup,2022-05-15,2022,2022Q2,"As a Data Analyst, you will work with Azure. Minimum 1 years experience required. None mentioned. Must thrive in a cross-functional collaboration.",1,1,None mentioned,1,Azure,1,None mentioned,1
Data Analyst,enterprise,2022-05-15,2022,2022Q2,"Data Analyst - join our team! Ideal candidate has 1 years of relevant experience and is proficient in Looker, Salesforce, Python. None mentioned. We're looking for someone who can wear many hats.",1,3,None mentioned,1,Python|Looker|Salesforce,3,None mentioned,1
Data Analyst,mid-size,2022-05-15,2022,2022Q2,"As a Data Analyst, you will work with Tableau, SQL, AWS. Minimum 1 years experience required. Bachelor's preferred. Must thrive in a ambiguity.",1,3,Bachelor's preferred,1,SQL|Tableau|AWS,3,Bachelor's preferred,1
Data Analyst,startup,2022-05-15,2022,2022Q2,"Data Analyst - join our team! Ideal candidate has 3 years of relevant experience and is proficient in Spark, Azure. None mentioned. We're looking for someone who can high-growth.",3,2,None mentioned,3,Azure|Spark,2,None mentioned,1
Data Analyst,mid-size,2022-05-15,2022,2022Q2,"We are looking for a Data Analyst with 2+ years of experience. Required skills: Snowflake, SQL, Airflow, Looker, A/B Testing. Bachelor's preferred. cross-functional collaboration",2,5,Bachelor's preferred,2,SQL|Looker|Snowflake|Airflow|A/B Testing,5,Bachelor's preferred,1
Data Analyst,enterprise,2022-05-15,2022,2022Q2,"As a Data Analyst, you will work with Looker, Salesforce. Minimum 2 years experience required. Bachelor's preferred. Must thrive in a scrappy.",2,2,Bachelor's preferred,2,Looker|Salesforce,2,Bachelor's preferred,1
Data Analyst,startup,2022-05-15,2022,2022Q2,"We are looking for a Data Analyst with 2+ years of experience. Required skills: Python, A/B Testing, AWS, SAP, Statistics, SQL. None mentioned. fast-paced environment",2,6,None mentioned,2,SQL|Python|AWS|Statistics|A/B Testing|SAP,6,None mentioned,1
Data Analyst,enterprise,2022-05-15,2022,2022Q2,"As a Data Analyst, you will work with AWS, Airflow, Looker, dbt. Minimum 3 years experience required. None mentioned. Must thrive in a ownership mindset.",3,4,None mentioned,3,AWS|Looker|dbt|Airflow,4,None mentioned,1
Data Analyst,enterprise,2022-05-15,2022,2022Q2,"As a Data Analyst, you will work with A/B Testing. Minimum 2 years experience required. Master's preferred. Must thrive in a stakeholder management.",2,1,Master's preferred,2,A/B Testing,1,Master's preferred,1
Data Analyst,startup,2022-05-15,2022,2022Q2,"We are looking for a Data Analyst with 1+ years of experience. Required skills: Salesforce, Git, Spark, SQL. None mentioned. wear many hats, high-growth",1,4,None mentioned,1,SQL|Spark|Git|Salesforce,4,None mentioned,2
Data Analyst,mid-size,2022-05-15,2022,2022Q2,"Data Analyst - join our team! Ideal candidate has 4 years of relevant experience and is proficient in Statistics, AWS, R, SAP. None mentioned. We're looking for someone who can ambiguity.",4,4,None mentioned,4,R|AWS|Statistics|SAP,4,None mentioned,1
Data Analyst,startup,2022-05-15,2022,2022Q2,"Data Analyst - join our team! Ideal candidate has 2 years of relevant experience and is proficient in Tableau, SAP. Master's preferred. We're looking for someone who can wear many hats.",2,2,Master's preferred,2,Tableau|SAP,2,Master's preferred,1
Data Analyst,startup,2022-05-15,2022,2022Q2,"Data Analyst - join our team! Ideal candidate has 3 years of relevant experience and is proficient in AWS, Looker, GCP. None mentioned. We're looking for someone who can stakeholder management.",3,3,None mentioned,3,AWS|GCP|Looker,3,None mentioned,1
Data Analyst,startup,2022-05-15,2022,2022Q2,"We are looking for a Data Analyst with 4+ years of experience. Required skills: R. Bachelor's preferred. fast-paced environment, stakeholder management",4,1,Bachelor's preferred,4,R,1,Bachelor's preferred,2
Data Analyst,startup,2022-05-15,2022,2022Q2,We are looking for a Data Analyst with 2+ years of experience. Required skills: A/B Testing. Bachelor's required. high-growth,2,1,Bachelor's required,2,A/B Testing,1,Bachelor's required,1
Data Analyst,mid-size,2022-05-15,2022,2022Q2,We are looking for a Data Analyst with 1+ years of experience. Required skills: Power BI. None mentioned. self-starter,1,1,None mentioned,1,Power BI,1,None mentioned,1
Data Analyst,startup,2022-05-15,2022,2022Q2,"We are looking for a Data Analyst with 3+ years of experience. Required skills: dbt, Machine Learning, R, Excel. Bachelor's preferred. cross-functional collaboration",3,4,Bachelor's preferred,3,Excel|R|dbt|Machine Learning,4,Bachelor's preferred,1
Data Analyst,mid-size,2022-05-15,2022,2022Q2,"We are looking for a Data Analyst with 2+ years of experience. Required skills: SAP, SQL, Statistics. None mentioned. fast-paced environment",2,3,None mentioned,2,SQL|Statistics|SAP,3,None mentioned,1
Data Analyst,startup,2022-05-15,2022,2022Q2,"Data Analyst - join our team! Ideal candidate has 3 years of relevant experience and is proficient in SAP, AWS, Azure. None mentioned. We're looking for someone who can ambiguity.",3,3,None mentioned,3,AWS|Azure|SAP,3,None mentioned,1
Data Analyst,enterprise,2022-05-15,2022,2022Q2,"As a Data Analyst, you will work with Machine Learning, SAP. Minimum 3 years experience required. Master's preferred. Must thrive in a high-growth.",3,2,Master's preferred,3,Machine Learning|SAP,2,Master's preferred,1
Data Analyst,mid-size,2022-05-15,2022,2022Q2,"As a Data Analyst, you will work with GCP, Airflow. Minimum 1 years experience required. None mentioned. Must thrive in a high-growth.",1,2,None mentioned,1,GCP|Airflow,2,None mentioned,1
Data Analyst,enterprise,2022-05-15,2022,2022Q2,"We are looking for a Data Analyst with 1+ years of experience. Required skills: SQL, Python, R. None mentioned. scrappy",1,3,None mentioned,1,SQL|Python|R,3,None mentioned,1
Data Analyst,startup,2022-05-15,2022,2022Q2,"We are looking for a Data Analyst with 3+ years of experience. Required skills: AWS, Excel, Machine Learning, Python. None mentioned. high-growth",3,4,None mentioned,3,Python|Excel|AWS|Machine Learning,4,None mentioned,1
Data Analyst,mid-size,2022-05-15,2022,2022Q2,"Data Analyst - join our team! Ideal candidate has 2 years of relevant experience and is proficient in SAP, Looker. None mentioned. We're looking for someone who can stakeholder management, fast-paced environment.",2,2,None mentioned,2,Looker|SAP,2,None mentioned,2
Data Analyst,enterprise,2022-05-15,2022,2022Q2,"Data Analyst - join our team! Ideal candidate has 2 years of relevant experience and is proficient in Statistics, GCP, SQL, Airflow, Looker, AWS. Master's preferred. We're looking for someone who can stakeholder management.",2,6,Master's preferred,2,SQL|AWS|GCP|Looker|Airflow|Statistics,6,Master's preferred,1
Data Analyst,mid-size,2022-05-15,2022,2022Q2,"Data Analyst - join our team! Ideal candidate has 2 years of relevant experience and is proficient in Git, SAP. Bachelor's preferred. We're looking for someone who can cross-functional collaboration, high-growth, scrappy.",2,2,Bachelor's preferred,2,Git|SAP,2,Bachelor's preferred,3
Data Analyst,mid-size,2022-05-15,2022,2022Q2,Data Analyst - join our team! Ideal candidate has 0 years of relevant experience and is proficient in Tableau. Bachelor's preferred. We're looking for someone who can wear many hats.,0,1,Bachelor's preferred,0,Tableau,1,Bachelor's preferred,1
Data Analyst,enterprise,2022-05-15,2022,2022Q2,"Data Analyst - join our team! Ideal candidate has 4 years of relevant experience and is proficient in Looker, Azure, AWS, dbt, Python. Master's required. We're looking for someone who can high-growth.",4,5,Master's required,4,Python|AWS|Azure|Looker|dbt,5,Master's required,1
Data Analyst,enterprise,2022-05-15,2022,2022Q2,"We are looking for a Data Analyst with 3+ years of experience. Required skills: dbt, Tableau, A/B Testing, Spark. None mentioned. high-growth",3,4,None mentioned,3,Tableau|dbt|Spark|A/B Testing,4,None mentioned,1
Data Analyst,startup,2022-05-15,2022,2022Q2,"As a Data Analyst, you will work with Azure, Tableau, A/B Testing, Power BI, Spark. Minimum 3 years experience required. None mentioned. Must thrive in a scrappy.",3,5,None mentioned,3,Tableau|Power BI|Azure|Spark|A/B Testing,5,None mentioned,1
Data Analyst,enterprise,2022-05-15,2022,2022Q2,We are looking for a Data Analyst with 2+ years of experience. Required skills: A/B Testing. None mentioned. self-starter,2,1,None mentioned,2,A/B Testing,1,None mentioned,1
Data Analyst,mid-size,2022-05-15,2022,2022Q2,"We are looking for a Data Analyst with 3+ years of experience. Required skills: Azure, Power BI, Git, dbt, Airflow, SQL. Master's required. cross-functional collaboration",3,6,Master's required,3,SQL|Power BI|Azure|dbt|Airflow|Git,6,Master's required,1
Data Analyst,mid-size,2022-05-15,2022,2022Q2,"As a Data Analyst, you will work with AWS, Looker, Statistics. Minimum 2 years experience required. Master's required. Must thrive in a fast-paced environment.",2,3,Master's required,2,AWS|Looker|Statistics,3,Master's required,1
Data Analyst,enterprise,2022-05-15,2022,2022Q2,"As a Data Analyst, you will work with GCP. Minimum 1 years experience required. None mentioned. Must thrive in a stakeholder management.",1,1,None mentioned,1,GCP,1,None mentioned,1
Data Analyst,startup,2022-05-15,2022,2022Q2,"We are looking for a Data Analyst with 2+ years of experience. Required skills: Tableau, SQL. None mentioned. self-starter",2,2,None mentioned,2,SQL|Tableau,2,None mentioned,1
Data Analyst,mid-size,2022-05-15,2022,2022Q2,"Data Analyst - join our team! Ideal candidate has 3 years of relevant experience and is proficient in R, Snowflake, A/B Testing, Python. None mentioned. We're looking for someone who can stakeholder management.",3,4,None mentioned,3,Python|R|Snowflake|A/B Testing,4,None mentioned,1
Data Analyst,enterprise,2022-05-15,2022,2022Q2,"Data Analyst - join our team! Ideal candidate has 3 years of relevant experience and is proficient in Snowflake, SQL, Spark, SAP, Salesforce. Bachelor's required. We're looking for someone who can scrappy.",3,5,Bachelor's required,3,SQL|Snowflake|Spark|Salesforce|SAP,5,Bachelor's required,1
Data Analyst,enterprise,2022-05-15,2022,2022Q2,"As a Data Analyst, you will work with SAP, GCP, SQL, Machine Learning. Minimum 2 years experience required. Bachelor's preferred. Must thrive in a wear many hats.",2,4,Bachelor's preferred,2,SQL|GCP|Machine Learning|SAP,4,Bachelor's preferred,1
Data Analyst,startup,2022-05-15,2022,2022Q2,"We are looking for a Data Analyst with 2+ years of experience. Required skills: AWS, SAP, R, Python. None mentioned. scrappy",2,4,None mentioned,2,Python|R|AWS|SAP,4,None mentioned,1
Data Analyst,enterprise,2022-05-15,2022,2022Q2,We are looking for a Data Analyst with 3+ years of experience. Required skills: Airflow. None mentioned. self-starter,3,1,None mentioned,3,Airflow,1,None mentioned,1
Data Analyst,startup,2022-05-15,2022,2022Q2,"We are looking for a Data Analyst with 3+ years of experience. Required skills: AWS, Statistics, SAP, R, Azure. None mentioned. self-starter",3,5,None mentioned,3,R|AWS|Azure|Statistics|SAP,5,None mentioned,1
Data Analyst,startup,2022-05-15,2022,2022Q2,"We are looking for a Data Analyst with 4+ years of experience. Required skills: Azure, SQL, Statistics, Spark, GCP. None mentioned. high-growth",4,5,None mentioned,4,SQL|Azure|GCP|Spark|Statistics,5,None mentioned,1
Data Analyst,enterprise,2022-05-15,2022,2022Q2,"We are looking for a Data Analyst with 1+ years of experience. Required skills: Power BI, Tableau, Salesforce, Statistics, Machine Learning. Bachelor's preferred. ambiguity",1,5,Bachelor's preferred,1,Tableau|Power BI|Statistics|Machine Learning|Salesforce,5,Bachelor's preferred,1
Data Analyst,startup,2022-05-15,2022,2022Q2,"We are looking for a Data Analyst with 2+ years of experience. Required skills: Airflow, Excel, Machine Learning, Power BI. None mentioned. fast-paced environment",2,4,None mentioned,2,Excel|Power BI|Airflow|Machine Learning,4,None mentioned,1
Data Analyst,startup,2022-05-15,2022,2022Q2,"Data Analyst - join our team! Ideal candidate has 1 years of relevant experience and is proficient in Azure, Python, Spark, GCP. None mentioned. We're looking for someone who can scrappy.",1,4,None mentioned,1,Python|Azure|GCP|Spark,4,None mentioned,1
Data Analyst,enterprise,2022-05-15,2022,2022Q2,We are looking for a Data Analyst with 2+ years of experience. Required skills: SAP. None mentioned. self-starter,2,1,None mentioned,2,SAP,1,None mentioned,1
Data Analyst,startup,2022-05-15,2022,2022Q2,"As a Data Analyst, you will work with Python, Machine Learning, Excel. Minimum 5 years experience required. None mentioned. Must thrive in a scrappy.",5,3,None mentioned,5,Python|Excel|Machine Learning,3,None mentioned,1
Data Analyst,mid-size,2022-05-15,2022,2022Q2,Data Analyst - join our team! Ideal candidate has 1 years of relevant experience and is proficient in Git. Bachelor's required. We're looking for someone who can high-growth.,1,1,Bachelor's required,1,Git,1,Bachelor's required,1
Data Analyst,startup,2022-05-15,2022,2022Q2,"We are looking for a Data Analyst with 1+ years of experience. Required skills: Spark, SQL, Excel, Snowflake. None mentioned. self-starter, cross-functional collaboration, scrappy",1,4,None mentioned,1,SQL|Excel|Snowflake|Spark,4,None mentioned,3
Data Analyst,mid-size,2022-05-15,2022,2022Q2,"As a Data Analyst, you will work with Machine Learning, Excel. Minimum 5 years experience required. None mentioned. Must thrive in a ownership mindset.",5,2,None mentioned,5,Excel|Machine Learning,2,None mentioned,1
Data Analyst,enterprise,2022-05-15,2022,2022Q2,"As a Data Analyst, you will work with A/B Testing, dbt, Excel. Minimum 2 years experience required. Bachelor's required. Must thrive in a ownership mindset.",2,3,Bachelor's required,2,Excel|dbt|A/B Testing,3,Bachelor's required,1
Data Analyst,startup,2022-05-15,2022,2022Q2,"We are looking for a Data Analyst with 2+ years of experience. Required skills: Airflow, Looker, dbt, Excel. Bachelor's preferred. ambiguity",2,4,Bachelor's preferred,2,Excel|Looker|dbt|Airflow,4,Bachelor's preferred,1
Data Analyst,startup,2022-05-15,2022,2022Q2,"We are looking for a Data Analyst with 2+ years of experience. Required skills: Git, Excel, Power BI. Bachelor's preferred. wear many hats, scrappy",2,3,Bachelor's preferred,2,Excel|Power BI|Git,3,Bachelor's preferred,2
Data Analyst,startup,2022-05-15,2022,2022Q2,"As a Data Analyst, you will work with SQL, Excel, dbt, Python, Tableau. Minimum 4 years experience required. Master's preferred. Must thrive in a stakeholder management.",4,5,Master's preferred,4,SQL|Python|Excel|Tableau|dbt,5,Master's preferred,1
Data Analyst,mid-size,2022-05-15,2022,2022Q2,"As a Data Analyst, you will work with Machine Learning, Tableau, dbt, Airflow, Statistics. Minimum 2 years experience required. None mentioned. Must thrive in a ownership mindset.",2,5,None mentioned,2,Tableau|dbt|Airflow|Statistics|Machine Learning,5,None mentioned,1
Data Analyst,mid-size,2022-05-15,2022,2022Q2,"We are looking for a Data Analyst with 3+ years of experience. Required skills: Spark, Salesforce, Airflow, Python, dbt. Bachelor's required. cross-functional collaboration",3,5,Bachelor's required,3,Python|dbt|Airflow|Spark|Salesforce,5,Bachelor's required,1
Data Analyst,startup,2022-05-15,2022,2022Q2,"We are looking for a Data Analyst with 2+ years of experience. Required skills: Azure, A/B Testing, Machine Learning, Git. Bachelor's preferred. scrappy",2,4,Bachelor's preferred,2,Azure|Git|A/B Testing|Machine Learning,4,Bachelor's preferred,1
Data Analyst,startup,2022-05-15,2022,2022Q2,Data Analyst - join our team! Ideal candidate has 2 years of relevant experience and is proficient in Git. Bachelor's required. We're looking for someone who can scrappy.,2,1,Bachelor's required,2,Git,1,Bachelor's required,1
Data Analyst,enterprise,2022-05-15,2022,2022Q2,"As a Data Analyst, you will work with Machine Learning, R. Minimum 4 years experience required. Master's preferred. Must thrive in a self-starter.",4,2,Master's preferred,4,R|Machine Learning,2,Master's preferred,1
Data Analyst,enterprise,2022-05-15,2022,2022Q2,"Data Analyst - join our team! Ideal candidate has 3 years of relevant experience and is proficient in GCP, Git, SAP. None mentioned. We're looking for someone who can stakeholder management.",3,3,None mentioned,3,GCP|Git|SAP,3,None mentioned,1
Data Analyst,enterprise,2022-05-15,2022,2022Q2,"As a Data Analyst, you will work with Azure, Looker, AWS. Minimum 4 years experience required. None mentioned. Must thrive in a fast-paced environment.",4,3,None mentioned,4,AWS|Azure|Looker,3,None mentioned,1
Data Analyst,enterprise,2022-05-15,2022,2022Q2,"As a Data Analyst, you will work with Azure, Git, A/B Testing, Excel, Statistics. Minimum 3 years experience required. Bachelor's preferred. Must thrive in a scrappy, ownership mindset, fast-paced environment.",3,5,Bachelor's preferred,3,Excel|Azure|Git|Statistics|A/B Testing,5,Bachelor's preferred,3
Data Analyst,mid-size,2022-05-15,2022,2022Q2,Data Analyst - join our team! Ideal candidate has 3 years of relevant experience and is proficient in Power BI. Bachelor's preferred. We're looking for someone who can ownership mindset.,3,1,Bachelor's preferred,3,Power BI,1,Bachelor's preferred,1
Data Analyst,startup,2022-05-15,2022,2022Q2,"As a Data Analyst, you will work with R, GCP, Statistics, Machine Learning, dbt. Minimum 2 years experience required. Bachelor's preferred. Must thrive in a ambiguity.",2,5,Bachelor's preferred,2,R|GCP|dbt|Statistics|Machine Learning,5,Bachelor's preferred,1
Data Analyst,mid-size,2022-05-15,2022,2022Q2,"Data Analyst - join our team! Ideal candidate has 0 years of relevant experience and is proficient in Airflow, Azure, Statistics, Git, Snowflake. None mentioned. We're looking for someone who can self-starter.",0,5,None mentioned,0,Azure|Snowflake|Airflow|Git|Statistics,5,None mentioned,1
Data Analyst,mid-size,2022-05-15,2022,2022Q2,"We are looking for a Data Analyst with 2+ years of experience. Required skills: AWS, Excel, Machine Learning, Looker, R, Airflow. None mentioned. scrappy",2,6,None mentioned,2,Excel|R|AWS|Looker|Airflow|Machine Learning,6,None mentioned,1
Data Analyst,enterprise,2022-05-15,2022,2022Q2,"Data Analyst - join our team! Ideal candidate has 0 years of relevant experience and is proficient in Airflow, Salesforce, Power BI. Bachelor's preferred. We're looking for someone who can ownership mindset.",0,3,Bachelor's preferred,0,Power BI|Airflow|Salesforce,3,Bachelor's preferred,1
Data Analyst,enterprise,2022-05-15,2022,2022Q2,"As a Data Analyst, you will work with Statistics, Spark, Python, Git. Minimum 3 years experience required. Bachelor's required. Must thrive in a ownership mindset.",3,4,Bachelor's required,3,Python|Spark|Git|Statistics,4,Bachelor's required,1
Data Analyst,mid-size,2022-05-15,2022,2022Q2,"Data Analyst - join our team! Ideal candidate has 1 years of relevant experience and is proficient in Power BI, Airflow. None mentioned. We're looking for someone who can scrappy.",1,2,None mentioned,1,Power BI|Airflow,2,None mentioned,1
Data Analyst,mid-size,2022-05-15,2022,2022Q2,"As a Data Analyst, you will work with dbt, Tableau, Python. Minimum 3 years experience required. Bachelor's preferred. Must thrive in a stakeholder management.",3,3,Bachelor's preferred,3,Python|Tableau|dbt,3,Bachelor's preferred,1
Data Analyst,startup,2022-08-15,2022,2022Q3,"Data Analyst - join our team! Ideal candidate has 4 years of relevant experience and is proficient in A/B Testing, Machine Learning, Airflow, Excel. None mentioned. We're looking for someone who can high-growth.",4,4,None mentioned,4,Excel|Airflow|A/B Testing|Machine Learning,4,None mentioned,1
Data Analyst,mid-size,2022-08-15,2022,2022Q3,"We are looking for a Data Analyst with 4+ years of experience. Required skills: AWS, GCP, A/B Testing, Spark. None mentioned. self-starter",4,4,None mentioned,4,AWS|GCP|Spark|A/B Testing,4,None mentioned,1
Data Analyst,enterprise,2022-08-15,2022,2022Q3,"We are looking for a Data Analyst with 2+ years of experience. Required skills: Snowflake, AWS, Tableau, A/B Testing, SQL, Machine Learning. Bachelor's preferred. self-starter",2,6,Bachelor's preferred,2,SQL|Tableau|AWS|Snowflake|A/B Testing|Machine Learning,6,Bachelor's preferred,1
Data Analyst,startup,2022-08-15,2022,2022Q3,"We are looking for a Data Analyst with 1+ years of experience. Required skills: Statistics, Power BI, SAP. None mentioned. scrappy",1,3,None mentioned,1,Power BI|Statistics|SAP,3,None mentioned,1
Data Analyst,startup,2022-08-15,2022,2022Q3,"As a Data Analyst, you will work with Tableau, dbt, Salesforce, Statistics. Minimum 2 years experience required. Bachelor's required. Must thrive in a scrappy.",2,4,Bachelor's required,2,Tableau|dbt|Statistics|Salesforce,4,Bachelor's required,1
Data Analyst,mid-size,2022-08-15,2022,2022Q3,"As a Data Analyst, you will work with Spark, Git. Minimum 3 years experience required. None mentioned. Must thrive in a cross-functional collaboration.",3,2,None mentioned,3,Spark|Git,2,None mentioned,1
Data Analyst,startup,2022-08-15,2022,2022Q3,"Data Analyst - join our team! Ideal candidate has 4 years of relevant experience and is proficient in Looker, Excel. Master's required. We're looking for someone who can stakeholder management.",4,2,Master's required,4,Excel|Looker,2,Master's required,1
Data Analyst,enterprise,2022-08-15,2022,2022Q3,"Data Analyst - join our team! Ideal candidate has 3 years of relevant experience and is proficient in AWS, Salesforce, Power BI, Statistics. Bachelor's preferred. We're looking for someone who can stakeholder management.",3,4,Bachelor's preferred,3,Power BI|AWS|Statistics|Salesforce,4,Bachelor's preferred,1
Data Analyst,enterprise,2022-08-15,2022,2022Q3,"As a Data Analyst, you will work with R, A/B Testing, AWS. Minimum 3 years experience required. Bachelor's required. Must thrive in a high-growth.",3,3,Bachelor's required,3,R|AWS|A/B Testing,3,Bachelor's required,1
Data Analyst,enterprise,2022-08-15,2022,2022Q3,"Data Analyst - join our team! Ideal candidate has 1 years of relevant experience and is proficient in Airflow. Bachelor's preferred. We're looking for someone who can fast-paced environment, ambiguity, ownership mindset.",1,1,Bachelor's preferred,1,Airflow,1,Bachelor's preferred,3
Data Analyst,startup,2022-08-15,2022,2022Q3,"As a Data Analyst, you will work with Azure, Looker, Spark. Minimum 2 years experience required. None mentioned. Must thrive in a ambiguity.",2,3,None mentioned,2,Azure|Looker|Spark,3,None mentioned,1
Data Analyst,enterprise,2022-08-15,2022,2022Q3,"Data Analyst - join our team! Ideal candidate has 2 years of relevant experience and is proficient in Machine Learning, Spark, AWS, Looker, Salesforce, Python. Bachelor's preferred. We're looking for someone who can cross-functional collaboration.",2,6,Bachelor's preferred,2,Python|AWS|Looker|Spark|Machine Learning|Salesforce,6,Bachelor's preferred,1
Data Analyst,enterprise,2022-08-15,2022,2022Q3,"We are looking for a Data Analyst with 2+ years of experience. Required skills: Snowflake, R, Airflow, Azure, Statistics. None mentioned. high-growth",2,5,None mentioned,2,R|Azure|Snowflake|Airflow|Statistics,5,None mentioned,1
Data Analyst,enterprise,2022-08-15,2022,2022Q3,"As a Data Analyst, you will work with A/B Testing, GCP, Airflow, Statistics. Minimum 3 years experience required. None mentioned. Must thrive in a stakeholder management.",3,4,None mentioned,3,GCP|Airflow|Statistics|A/B Testing,4,None mentioned,1
Data Analyst,mid-size,2022-08-15,2022,2022Q3,"Data Analyst - join our team! Ideal candidate has 2 years of relevant experience and is proficient in Salesforce, Airflow, Excel, Power BI, dbt, Machine Learning, SAP, A/B Testing. Bachelor's required. We're looking for someone who can ownership mindset.",2,8,Bachelor's required,2,Excel|Power BI|dbt|Airflow|A/B Testing|Machine Learning|Salesforce|SAP,8,Bachelor's required,1
Data Analyst,enterprise,2022-08-15,2022,2022Q3,"We are looking for a Data Analyst with 2+ years of experience. Required skills: Snowflake, Spark, SQL. None mentioned. cross-functional collaboration",2,3,None mentioned,2,SQL|Snowflake|Spark,3,None mentioned,1
Data Analyst,mid-size,2022-08-15,2022,2022Q3,"We are looking for a Data Analyst with 3+ years of experience. Required skills: R, Tableau. Master's required. self-starter",3,2,Master's required,3,Tableau|R,2,Master's required,1
Data Analyst,startup,2022-08-15,2022,2022Q3,"Data Analyst - join our team! Ideal candidate has 4 years of relevant experience and is proficient in R, AWS, SQL, Salesforce. None mentioned. We're looking for someone who can fast-paced environment.",4,4,None mentioned,4,SQL|R|AWS|Salesforce,4,None mentioned,1
Data Analyst,mid-size,2022-08-15,2022,2022Q3,"Data Analyst - join our team! Ideal candidate has 2 years of relevant experience and is proficient in Excel, SQL, Machine Learning, Airflow. Bachelor's required. We're looking for someone who can self-starter.",2,4,Bachelor's required,2,SQL|Excel|Airflow|Machine Learning,4,Bachelor's required,1
Data Analyst,enterprise,2022-08-15,2022,2022Q3,"As a Data Analyst, you will work with Tableau, A/B Testing, AWS, Airflow, Azure. Minimum 4 years experience required. Bachelor's preferred. Must thrive in a ownership mindset.",4,5,Bachelor's preferred,4,Tableau|AWS|Azure|Airflow|A/B Testing,5,Bachelor's preferred,1
Data Analyst,startup,2022-08-15,2022,2022Q3,"Data Analyst - join our team! Ideal candidate has 1 years of relevant experience and is proficient in Snowflake, Excel, Python, Salesforce. Master's preferred. We're looking for someone who can stakeholder management.",1,4,Master's preferred,1,Python|Excel|Snowflake|Salesforce,4,Master's preferred,1
Data Analyst,mid-size,2022-08-15,2022,2022Q3,"We are looking for a Data Analyst with 4+ years of experience. Required skills: Statistics, GCP, R, Spark. None mentioned. cross-functional collaboration",4,4,None mentioned,4,R|GCP|Spark|Statistics,4,None mentioned,1
Data Analyst,startup,2022-08-15,2022,2022Q3,"As a Data Analyst, you will work with Tableau, dbt, GCP. Minimum 3 years experience required. Bachelor's preferred. Must thrive in a stakeholder management.",3,3,Bachelor's preferred,3,Tableau|GCP|dbt,3,Bachelor's preferred,1
Data Analyst,enterprise,2022-08-15,2022,2022Q3,"As a Data Analyst, you will work with GCP, Tableau, Salesforce. Minimum 3 years experience required. None mentioned. Must thrive in a wear many hats.",3,3,None mentioned,3,Tableau|GCP|Salesforce,3,None mentioned,1
Data Analyst,enterprise,2022-08-15,2022,2022Q3,"Data Analyst - join our team! Ideal candidate has 3 years of relevant experience and is proficient in Airflow, Python, Statistics. Bachelor's required. We're looking for someone who can ownership mindset.",3,3,Bachelor's required,3,Python|Airflow|Statistics,3,Bachelor's required,1
Data Analyst,startup,2022-08-15,2022,2022Q3,"Data Analyst - join our team! Ideal candidate has 2 years of relevant experience and is proficient in Statistics, SAP. None mentioned. We're looking for someone who can high-growth.",2,2,None mentioned,2,Statistics|SAP,2,None mentioned,1
Data Analyst,enterprise,2022-08-15,2022,2022Q3,"Data Analyst - join our team! Ideal candidate has 2 years of relevant experience and is proficient in R, GCP, Power BI. Bachelor's preferred. We're looking for someone who can wear many hats.",2,3,Bachelor's preferred,2,Power BI|R|GCP,3,Bachelor's preferred,1
Data Analyst,mid-size,2022-08-15,2022,2022Q3,"As a Data Analyst, you will work with dbt, AWS, Tableau. Minimum 0 years experience required. None mentioned. Must thrive in a fast-paced environment.",0,3,None mentioned,0,Tableau|AWS|dbt,3,None mentioned,1
Data Analyst,mid-size,2022-08-15,2022,2022Q3,"Data Analyst - join our team! Ideal candidate has 1 years of relevant experience and is proficient in A/B Testing, dbt, Git. Bachelor's required. We're looking for someone who can self-starter.",1,3,Bachelor's required,1,dbt|Git|A/B Testing,3,Bachelor's required,1
Data Analyst,mid-size,2022-08-15,2022,2022Q3,"As a Data Analyst, you will work with Tableau, dbt. Minimum 2 years experience required. Bachelor's preferred. Must thrive in a stakeholder management.",2,2,Bachelor's preferred,2,Tableau|dbt,2,Bachelor's preferred,1
Data Analyst,mid-size,2022-08-15,2022,2022Q3,"Data Analyst - join our team! Ideal candidate has 2 years of relevant experience and is proficient in SAP, A/B Testing, SQL, Looker, Git. Bachelor's preferred. We're looking for someone who can cross-functional collaboration.",2,5,Bachelor's preferred,2,SQL|Looker|Git|A/B Testing|SAP,5,Bachelor's preferred,1
Data Analyst,startup,2022-08-15,2022,2022Q3,"Data Analyst - join our team! Ideal candidate has 2 years of relevant experience and is proficient in SQL, Python, Git, Snowflake. None mentioned. We're looking for someone who can self-starter.",2,4,None mentioned,2,SQL|Python|Snowflake|Git,4,None mentioned,1
Data Analyst,startup,2022-08-15,2022,2022Q3,"Data Analyst - join our team! Ideal candidate has 2 years of relevant experience and is proficient in AWS, Snowflake, Statistics. Bachelor's preferred. We're looking for someone who can cross-functional collaboration.",2,3,Bachelor's preferred,2,AWS|Snowflake|Statistics,3,Bachelor's preferred,1
Data Analyst,startup,2022-08-15,2022,2022Q3,"Data Analyst - join our team! Ideal candidate has 1 years of relevant experience and is proficient in Python, Power BI, dbt, Airflow, Excel. Master's required. We're looking for someone who can stakeholder management.",1,5,Master's required,1,Python|Excel|Power BI|dbt|Airflow,5,Master's required,1
Data Analyst,startup,2022-08-15,2022,2022Q3,"As a Data Analyst, you will work with SQL, Spark, Excel, AWS, Machine Learning. Minimum 2 years experience required. Bachelor's preferred. Must thrive in a scrappy.",2,5,Bachelor's preferred,2,SQL|Excel|AWS|Spark|Machine Learning,5,Bachelor's preferred,1
Data Analyst,enterprise,2022-08-15,2022,2022Q3,"We are looking for a Data Analyst with 2+ years of experience. Required skills: Looker, Power BI, R, Tableau, Snowflake. None mentioned. ambiguity",2,5,None mentioned,2,Tableau|Power BI|R|Looker|Snowflake,5,None mentioned,1
Data Analyst,startup,2022-08-15,2022,2022Q3,"Data Analyst - join our team! Ideal candidate has 4 years of relevant experience and is proficient in dbt, Excel, R. Bachelor's required. We're looking for someone who can stakeholder management.",4,3,Bachelor's required,4,Excel|R|dbt,3,Bachelor's required,1
Data Analyst,enterprise,2022-08-15,2022,2022Q3,"We are looking for a Data Analyst with 3+ years of experience. Required skills: Salesforce, Spark, Snowflake, GCP. None mentioned. ownership mindset",3,4,None mentioned,3,GCP|Snowflake|Spark|Salesforce,4,None mentioned,1
Data Analyst,mid-size,2022-08-15,2022,2022Q3,"We are looking for a Data Analyst with 4+ years of experience. Required skills: SQL, AWS, dbt. Master's preferred. stakeholder management",4,3,Master's preferred,4,SQL|AWS|dbt,3,Master's preferred,1
Data Analyst,startup,2022-08-15,2022,2022Q3,"We are looking for a Data Analyst with 3+ years of experience. Required skills: SAP, Azure, Snowflake. Bachelor's preferred. scrappy",3,3,Bachelor's preferred,3,Azure|Snowflake|SAP,3,Bachelor's preferred,1
Data Analyst,enterprise,2022-08-15,2022,2022Q3,"As a Data Analyst, you will work with Looker, Airflow, Salesforce. Minimum 2 years experience required. Master's preferred. Must thrive in a scrappy.",2,3,Master's preferred,2,Looker|Airflow|Salesforce,3,Master's preferred,1
Data Analyst,startup,2022-08-15,2022,2022Q3,"As a Data Analyst, you will work with Snowflake, Machine Learning, Python, AWS. Minimum 0 years experience required. Bachelor's preferred. Must thrive in a self-starter, ambiguity, wear many hats.",0,4,Bachelor's preferred,0,Python|AWS|Snowflake|Machine Learning,4,Bachelor's preferred,3
Data Analyst,enterprise,2022-08-15,2022,2022Q3,"We are looking for a Data Analyst with 1+ years of experience. Required skills: R, Excel. Master's preferred. self-starter",1,2,Master's preferred,1,Excel|R,2,Master's preferred,1
Data Analyst,startup,2022-08-15,2022,2022Q3,"As a Data Analyst, you will work with Snowflake, dbt. Minimum 1 years experience required. Bachelor's preferred. Must thrive in a fast-paced environment.",1,2,Bachelor's preferred,1,Snowflake|dbt,2,Bachelor's preferred,1
Data Analyst,startup,2022-08-15,2022,2022Q3,"As a Data Analyst, you will work with SQL, Tableau, Azure, Power BI, A/B Testing. Minimum 1 years experience required. Bachelor's preferred. Must thrive in a ownership mindset.",1,5,Bachelor's preferred,1,SQL|Tableau|Power BI|Azure|A/B Testing,5,Bachelor's preferred,1
Data Analyst,startup,2022-08-15,2022,2022Q3,"We are looking for a Data Analyst with 2+ years of experience. Required skills: Statistics, Snowflake, AWS, Salesforce. Bachelor's preferred. fast-paced environment",2,4,Bachelor's preferred,2,AWS|Snowflake|Statistics|Salesforce,4,Bachelor's preferred,1
Data Analyst,startup,2022-08-15,2022,2022Q3,"We are looking for a Data Analyst with 4+ years of experience. Required skills: Python, Salesforce. Master's required. cross-functional collaboration, high-growth, ambiguity",4,2,Master's required,4,Python|Salesforce,2,Master's required,3
Data Analyst,enterprise,2022-08-15,2022,2022Q3,"As a Data Analyst, you will work with Azure, Tableau, SQL. Minimum 2 years experience required. None mentioned. Must thrive in a scrappy.",2,3,None mentioned,2,SQL|Tableau|Azure,3,None mentioned,1
Data Analyst,mid-size,2022-08-15,2022,2022Q3,"Data Analyst - join our team! Ideal candidate has 1 years of relevant experience and is proficient in SAP, R, AWS, Machine Learning. Bachelor's preferred. We're looking for someone who can ownership mindset.",1,4,Bachelor's preferred,1,R|AWS|Machine Learning|SAP,4,Bachelor's preferred,1
Data Analyst,mid-size,2022-08-15,2022,2022Q3,"Data Analyst - join our team! Ideal candidate has 1 years of relevant experience and is proficient in Tableau, Azure, Spark, Python, Machine Learning, GCP, AWS. None mentioned. We're looking for someone who can ambiguity.",1,7,None mentioned,1,Python|Tableau|AWS|Azure|GCP|Spark|Machine Learning,7,None mentioned,1
Data Analyst,enterprise,2022-08-15,2022,2022Q3,"As a Data Analyst, you will work with GCP, Machine Learning. Minimum 2 years experience required. None mentioned. Must thrive in a cross-functional collaboration.",2,2,None mentioned,2,GCP|Machine Learning,2,None mentioned,1
Data Analyst,startup,2022-08-15,2022,2022Q3,"Data Analyst - join our team! Ideal candidate has 1 years of relevant experience and is proficient in Looker, Tableau, Statistics, SAP, Airflow. Bachelor's preferred. We're looking for someone who can scrappy.",1,5,Bachelor's preferred,1,Tableau|Looker|Airflow|Statistics|SAP,5,Bachelor's preferred,1
Data Analyst,enterprise,2022-08-15,2022,2022Q3,"Data Analyst - join our team! Ideal candidate has 3 years of relevant experience and is proficient in dbt, Power BI, Statistics. None mentioned. We're looking for someone who can fast-paced environment.",3,3,None mentioned,3,Power BI|dbt|Statistics,3,None mentioned,1
Data Analyst,startup,2022-08-15,2022,2022Q3,"We are looking for a Data Analyst with 3+ years of experience. Required skills: Statistics, Machine Learning, Salesforce, Power BI, Python, A/B Testing, SAP. Bachelor's required. fast-paced environment",3,7,Bachelor's required,3,Python|Power BI|Statistics|A/B Testing|Machine Learning|Salesforce|SAP,7,Bachelor's required,1
Data Analyst,mid-size,2022-08-15,2022,2022Q3,We are looking for a Data Analyst with 3+ years of experience. Required skills: Power BI. None mentioned. cross-functional collaboration,3,1,None mentioned,3,Power BI,1,None mentioned,1
Data Analyst,mid-size,2022-08-15,2022,2022Q3,"As a Data Analyst, you will work with Airflow, R, GCP. Minimum 3 years experience required. None mentioned. Must thrive in a fast-paced environment.",3,3,None mentioned,3,R|GCP|Airflow,3,None mentioned,1
Data Analyst,enterprise,2022-08-15,2022,2022Q3,"As a Data Analyst, you will work with SQL. Minimum 1 years experience required. None mentioned. Must thrive in a fast-paced environment.",1,1,None mentioned,1,SQL,1,None mentioned,1
Data Analyst,startup,2022-08-15,2022,2022Q3,"We are looking for a Data Analyst with 2+ years of experience. Required skills: SQL, Salesforce, Azure, Machine Learning, Excel. None mentioned. cross-functional collaboration",2,5,None mentioned,2,SQL|Excel|Azure|Machine Learning|Salesforce,5,None mentioned,1
Data Analyst,mid-size,2022-08-15,2022,2022Q3,"As a Data Analyst, you will work with Python, Statistics, R, GCP. Minimum 2 years experience required. Bachelor's preferred. Must thrive in a high-growth.",2,4,Bachelor's preferred,2,Python|R|GCP|Statistics,4,Bachelor's preferred,1
Data Analyst,mid-size,2022-08-15,2022,2022Q3,"Data Analyst - join our team! Ideal candidate has 2 years of relevant experience and is proficient in AWS, GCP, SQL. Bachelor's preferred. We're looking for someone who can stakeholder management.",2,3,Bachelor's preferred,2,SQL|AWS|GCP,3,Bachelor's preferred,1
Data Analyst,startup,2022-08-15,2022,2022Q3,"As a Data Analyst, you will work with GCP, Azure, Looker. Minimum 3 years experience required. Master's preferred. Must thrive in a wear many hats, fast-paced environment.",3,3,Master's preferred,3,Azure|GCP|Looker,3,Master's preferred,2
Data Analyst,mid-size,2022-08-15,2022,2022Q3,"We are looking for a Data Analyst with 1+ years of experience. Required skills: SAP, Looker, GCP, Git. None mentioned. cross-functional collaboration",1,4,None mentioned,1,GCP|Looker|Git|SAP,4,None mentioned,1
Data Analyst,startup,2022-08-15,2022,2022Q3,"We are looking for a Data Analyst with 3+ years of experience. Required skills: Looker, Spark, Statistics, Excel, R. None mentioned. ownership mindset",3,5,None mentioned,3,Excel|R|Looker|Spark|Statistics,5,None mentioned,1
Data Analyst,startup,2022-08-15,2022,2022Q3,"Data Analyst - join our team! Ideal candidate has 5 years of relevant experience and is proficient in Snowflake, Tableau, Power BI. Bachelor's preferred. We're looking for someone who can stakeholder management.",5,3,Bachelor's preferred,5,Tableau|Power BI|Snowflake,3,Bachelor's preferred,1
Data Analyst,mid-size,2022-08-15,2022,2022Q3,"Data Analyst - join our team! Ideal candidate has 3 years of relevant experience and is proficient in GCP, A/B Testing, Machine Learning. None mentioned. We're looking for someone who can wear many hats.",3,3,None mentioned,3,GCP|A/B Testing|Machine Learning,3,None mentioned,1
Data Analyst,startup,2022-08-15,2022,2022Q3,"As a Data Analyst, you will work with SQL, Snowflake. Minimum 1 years experience required. None mentioned. Must thrive in a scrappy.",1,2,None mentioned,1,SQL|Snowflake,2,None mentioned,1
Data Analyst,mid-size,2022-08-15,2022,2022Q3,"We are looking for a Data Analyst with 2+ years of experience. Required skills: Git, Machine Learning, R, GCP, SAP. Bachelor's preferred. stakeholder management",2,5,Bachelor's preferred,2,R|GCP|Git|Machine Learning|SAP,5,Bachelor's preferred,1
Data Analyst,enterprise,2022-08-15,2022,2022Q3,"We are looking for a Data Analyst with 2+ years of experience. Required skills: Excel, Spark, Statistics, SAP, Salesforce. Master's preferred. ownership mindset",2,5,Master's preferred,2,Excel|Spark|Statistics|Salesforce|SAP,5,Master's preferred,1
Data Analyst,mid-size,2022-08-15,2022,2022Q3,"As a Data Analyst, you will work with Azure, Machine Learning. Minimum 5 years experience required. Bachelor's preferred. Must thrive in a wear many hats.",5,2,Bachelor's preferred,5,Azure|Machine Learning,2,Bachelor's preferred,1
Data Analyst,mid-size,2022-08-15,2022,2022Q3,"Data Analyst - join our team! Ideal candidate has 2 years of relevant experience and is proficient in Looker, Airflow. Bachelor's preferred. We're looking for someone who can self-starter.",2,2,Bachelor's preferred,2,Looker|Airflow,2,Bachelor's preferred,1
Data Analyst,mid-size,2022-08-15,2022,2022Q3,"We are looking for a Data Analyst with 2+ years of experience. Required skills: Airflow, SAP, Looker, SQL, dbt. Bachelor's required. ambiguity",2,5,Bachelor's required,2,SQL|Looker|dbt|Airflow|SAP,5,Bachelor's required,1
Data Analyst,enterprise,2022-08-15,2022,2022Q3,"Data Analyst - join our team! Ideal candidate has 2 years of relevant experience and is proficient in Machine Learning, GCP, AWS, Airflow. None mentioned. We're looking for someone who can cross-functional collaboration.",2,4,None mentioned,2,AWS|GCP|Airflow|Machine Learning,4,None mentioned,1
Data Analyst,enterprise,2022-08-15,2022,2022Q3,"We are looking for a Data Analyst with 3+ years of experience. Required skills: Spark, AWS, Tableau, Statistics, Power BI. None mentioned. fast-paced environment",3,5,None mentioned,3,Tableau|Power BI|AWS|Spark|Statistics,5,None mentioned,1
Data Analyst,startup,2022-08-15,2022,2022Q3,"We are looking for a Data Analyst with 3+ years of experience. Required skills: Statistics, dbt, Python, Excel. Bachelor's preferred. self-starter",3,4,Bachelor's preferred,3,Python|Excel|dbt|Statistics,4,Bachelor's preferred,1
Data Analyst,mid-size,2022-08-15,2022,2022Q3,"Data Analyst - join our team! Ideal candidate has 5 years of relevant experience and is proficient in GCP, Tableau, Machine Learning, Snowflake. Master's preferred. We're looking for someone who can fast-paced environment.",5,4,Master's preferred,5,Tableau|GCP|Snowflake|Machine Learning,4,Master's preferred,1
Data Analyst,startup,2022-08-15,2022,2022Q3,"Data Analyst - join our team! Ideal candidate has 4 years of relevant experience and is proficient in Snowflake, Statistics. Bachelor's required. We're looking for someone who can fast-paced environment.",4,2,Bachelor's required,4,Snowflake|Statistics,2,Bachelor's required,1
Data Analyst,startup,2022-08-15,2022,2022Q3,"As a Data Analyst, you will work with Git, AWS, Looker. Minimum 2 years experience required. Master's preferred. Must thrive in a stakeholder management.",2,3,Master's preferred,2,AWS|Looker|Git,3,Master's preferred,1
Data Analyst,startup,2022-08-15,2022,2022Q3,Data Analyst - join our team! Ideal candidate has 4 years of relevant experience and is proficient in SAP. Master's preferred. We're looking for someone who can ownership mindset.,4,1,Master's preferred,4,SAP,1,Master's preferred,1
Data Analyst,startup,2022-08-15,2022,2022Q3,"We are looking for a Data Analyst with 4+ years of experience. Required skills: Excel, Looker. None mentioned. high-growth",4,2,None mentioned,4,Excel|Looker,2,None mentioned,1
Data Analyst,mid-size,2022-08-15,2022,2022Q3,"We are looking for a Data Analyst with 2+ years of experience. Required skills: Tableau, AWS, SQL. Bachelor's required. stakeholder management",2,3,Bachelor's required,2,SQL|Tableau|AWS,3,Bachelor's required,1
Data Analyst,enterprise,2022-08-15,2022,2022Q3,"As a Data Analyst, you will work with GCP, SAP, dbt, Machine Learning, Azure. Minimum 1 years experience required. Master's preferred. Must thrive in a ambiguity.",1,5,Master's preferred,1,Azure|GCP|dbt|Machine Learning|SAP,5,Master's preferred,1
Data Analyst,enterprise,2022-08-15,2022,2022Q3,"We are looking for a Data Analyst with 3+ years of experience. Required skills: Azure, Spark, A/B Testing, Tableau. None mentioned. fast-paced environment",3,4,None mentioned,3,Tableau|Azure|Spark|A/B Testing,4,None mentioned,1
Data Analyst,enterprise,2022-08-15,2022,2022Q3,"As a Data Analyst, you will work with Python, GCP, A/B Testing, R, Snowflake. Minimum 3 years experience required. Bachelor's preferred. Must thrive in a scrappy.",3,5,Bachelor's preferred,3,Python|R|GCP|Snowflake|A/B Testing,5,Bachelor's preferred,1
Data Analyst,mid-size,2022-08-15,2022,2022Q3,"Data Analyst - join our team! Ideal candidate has 2 years of relevant experience and is proficient in Spark, GCP, Salesforce, Python. Bachelor's preferred. We're looking for someone who can wear many hats.",2,4,Bachelor's preferred,2,Python|GCP|Spark|Salesforce,4,Bachelor's preferred,1
Data Analyst,mid-size,2022-08-15,2022,2022Q3,"As a Data Analyst, you will work with SAP, AWS, Python, Looker, GCP. Minimum 3 years experience required. None mentioned. Must thrive in a high-growth.",3,5,None mentioned,3,Python|AWS|GCP|Looker|SAP,5,None mentioned,1
Data Analyst,mid-size,2022-08-15,2022,2022Q3,"Data Analyst - join our team! Ideal candidate has 3 years of relevant experience and is proficient in Python, GCP, Looker, Machine Learning. None mentioned. We're looking for someone who can cross-functional collaboration.",3,4,None mentioned,3,Python|GCP|Looker|Machine Learning,4,None mentioned,1
Data Analyst,enterprise,2022-08-15,2022,2022Q3,"As a Data Analyst, you will work with Machine Learning. Minimum 1 years experience required. None mentioned. Must thrive in a high-growth.",1,1,None mentioned,1,Machine Learning,1,None mentioned,1
Data Analyst,mid-size,2022-08-15,2022,2022Q3,"Data Analyst - join our team! Ideal candidate has 0 years of relevant experience and is proficient in Excel, Power BI, Statistics, Python, Git. Bachelor's preferred. We're looking for someone who can ownership mindset.",0,5,Bachelor's preferred,0,Python|Excel|Power BI|Git|Statistics,5,Bachelor's preferred,1
Data Analyst,startup,2022-08-15,2022,2022Q3,"We are looking for a Data Analyst with 3+ years of experience. Required skills: Snowflake, SQL, GCP. Master's required. high-growth",3,3,Master's required,3,SQL|GCP|Snowflake,3,Master's required,1
Data Analyst,enterprise,2022-08-15,2022,2022Q3,"We are looking for a Data Analyst with 3+ years of experience. Required skills: Spark, AWS. None mentioned. scrappy",3,2,None mentioned,3,AWS|Spark,2,None mentioned,1
Data Analyst,mid-size,2022-08-15,2022,2022Q3,"Data Analyst - join our team! Ideal candidate has 1 years of relevant experience and is proficient in Spark, AWS. None mentioned. We're looking for someone who can scrappy.",1,2,None mentioned,1,AWS|Spark,2,None mentioned,1
Data Analyst,enterprise,2022-08-15,2022,2022Q3,"We are looking for a Data Analyst with 3+ years of experience. Required skills: Salesforce, Airflow. Bachelor's preferred. fast-paced environment",3,2,Bachelor's preferred,3,Airflow|Salesforce,2,Bachelor's preferred,1
Data Analyst,enterprise,2022-08-15,2022,2022Q3,"We are looking for a Data Analyst with 2+ years of experience. Required skills: GCP, Looker, AWS. Master's required. fast-paced environment",2,3,Master's required,2,AWS|GCP|Looker,3,Master's required,1
Data Analyst,mid-size,2022-08-15,2022,2022Q3,"As a Data Analyst, you will work with Git, R, Excel. Minimum 4 years experience required. Master's preferred. Must thrive in a high-growth.",4,3,Master's preferred,4,Excel|R|Git,3,Master's preferred,1
Data Analyst,startup,2022-08-15,2022,2022Q3,"As a Data Analyst, you will work with Tableau. Minimum 4 years experience required. Bachelor's required. Must thrive in a cross-functional collaboration.",4,1,Bachelor's required,4,Tableau,1,Bachelor's required,1
Data Analyst,startup,2022-08-15,2022,2022Q3,"Data Analyst - join our team! Ideal candidate has 2 years of relevant experience and is proficient in Airflow, A/B Testing, Snowflake, dbt, Git, Spark. Master's required. We're looking for someone who can scrappy.",2,6,Master's required,2,Snowflake|dbt|Airflow|Spark|Git|A/B Testing,6,Master's required,1
Data Analyst,enterprise,2022-08-15,2022,2022Q3,"We are looking for a Data Analyst with 3+ years of experience. Required skills: Git, Snowflake, Airflow, Machine Learning, Excel. Master's preferred. high-growth",3,5,Master's preferred,3,Excel|Snowflake|Airflow|Git|Machine Learning,5,Master's preferred,1
Data Analyst,startup,2022-08-15,2022,2022Q3,"Data Analyst - join our team! Ideal candidate has 3 years of relevant experience and is proficient in GCP, Azure, Tableau, Statistics. None mentioned. We're looking for someone who can scrappy.",3,4,None mentioned,3,Tableau|Azure|GCP|Statistics,4,None mentioned,1
Data Analyst,mid-size,2022-08-15,2022,2022Q3,"Data Analyst - join our team! Ideal candidate has 3 years of relevant experience and is proficient in Snowflake, Git, A/B Testing. None mentioned. We're looking for someone who can wear many hats.",3,3,None mentioned,3,Snowflake|Git|A/B Testing,3,None mentioned,1
Data Analyst,startup,2022-08-15,2022,2022Q3,"Data Analyst - join our team! Ideal candidate has 4 years of relevant experience and is proficient in Snowflake, Tableau, SQL, A/B Testing, Azure. Master's preferred. We're looking for someone who can cross-functional collaboration.",4,5,Master's preferred,4,SQL|Tableau|Azure|Snowflake|A/B Testing,5,Master's preferred,1
Data Analyst,enterprise,2022-08-15,2022,2022Q3,We are looking for a Data Analyst with 2+ years of experience. Required skills: Machine Learning. Bachelor's required. cross-functional collaboration,2,1,Bachelor's required,2,Machine Learning,1,Bachelor's required,1
Data Analyst,enterprise,2022-08-15,2022,2022Q3,"We are looking for a Data Analyst with 2+ years of experience. Required skills: Tableau, dbt, AWS, Spark, SQL. Bachelor's preferred. fast-paced environment",2,5,Bachelor's preferred,2,SQL|Tableau|AWS|dbt|Spark,5,Bachelor's preferred,1
Data Analyst,startup,2022-08-15,2022,2022Q3,"Data Analyst - join our team! Ideal candidate has 3 years of relevant experience and is proficient in Spark, Power BI. Bachelor's preferred. We're looking for someone who can stakeholder management, cross-functional collaboration, ownership mindset.",3,2,Bachelor's preferred,3,Power BI|Spark,2,Bachelor's preferred,3
Data Analyst,enterprise,2022-08-15,2022,2022Q3,"As a Data Analyst, you will work with Looker, Power BI, Machine Learning, Python. Minimum 3 years experience required. Bachelor's preferred. Must thrive in a cross-functional collaboration.",3,4,Bachelor's preferred,3,Python|Power BI|Looker|Machine Learning,4,Bachelor's preferred,1
Data Analyst,enterprise,2022-08-15,2022,2022Q3,"As a Data Analyst, you will work with Git, Spark, Snowflake, Azure, R. Minimum 0 years experience required. None mentioned. Must thrive in a ownership mindset.",0,5,None mentioned,0,R|Azure|Snowflake|Spark|Git,5,None mentioned,1
Data Analyst,enterprise,2022-08-15,2022,2022Q3,"Data Analyst - join our team! Ideal candidate has 4 years of relevant experience and is proficient in Statistics, A/B Testing, Machine Learning, Salesforce. Bachelor's required. We're looking for someone who can wear many hats.",4,4,Bachelor's required,4,Statistics|A/B Testing|Machine Learning|Salesforce,4,Bachelor's required,1
Data Analyst,startup,2022-08-15,2022,2022Q3,"As a Data Analyst, you will work with Excel, R, dbt, Statistics. Minimum 2 years experience required. None mentioned. Must thrive in a fast-paced environment.",2,4,None mentioned,2,Excel|R|dbt|Statistics,4,None mentioned,1
Data Analyst,mid-size,2022-08-15,2022,2022Q3,"Data Analyst - join our team! Ideal candidate has 0 years of relevant experience and is proficient in Git, Tableau, AWS, Azure. Bachelor's preferred. We're looking for someone who can cross-functional collaboration.",0,4,Bachelor's preferred,0,Tableau|AWS|Azure|Git,4,Bachelor's preferred,1
Data Analyst,mid-size,2022-08-15,2022,2022Q3,"We are looking for a Data Analyst with 1+ years of experience. Required skills: SAP, Snowflake, R. Master's required. self-starter",1,3,Master's required,1,R|Snowflake|SAP,3,Master's required,1
Data Analyst,startup,2022-08-15,2022,2022Q3,"Data Analyst - join our team! Ideal candidate has 3 years of relevant experience and is proficient in Statistics, SQL, Spark, Python. None mentioned. We're looking for someone who can self-starter, ownership mindset, scrappy.",3,4,None mentioned,3,SQL|Python|Spark|Statistics,4,None mentioned,3
Data Analyst,startup,2022-08-15,2022,2022Q3,"As a Data Analyst, you will work with R, GCP, Power BI, Airflow, A/B Testing. Minimum 5 years experience required. Bachelor's required. Must thrive in a high-growth.",5,5,Bachelor's required,5,Power BI|R|GCP|Airflow|A/B Testing,5,Bachelor's required,1
Data Analyst,startup,2022-08-15,2022,2022Q3,"We are looking for a Data Analyst with 3+ years of experience. Required skills: Git, R, AWS. Bachelor's preferred. cross-functional collaboration",3,3,Bachelor's preferred,3,R|AWS|Git,3,Bachelor's preferred,1
Data Analyst,mid-size,2022-08-15,2022,2022Q3,"Data Analyst - join our team! Ideal candidate has 0 years of relevant experience and is proficient in Airflow, SAP, dbt, Python, Power BI, Excel. None mentioned. We're looking for someone who can ambiguity.",0,6,None mentioned,0,Python|Excel|Power BI|dbt|Airflow|SAP,6,None mentioned,1
Data Analyst,startup,2022-08-15,2022,2022Q3,"Data Analyst - join our team! Ideal candidate has 1 years of relevant experience and is proficient in Spark, Git, SAP. Master's preferred. We're looking for someone who can cross-functional collaboration.",1,3,Master's preferred,1,Spark|Git|SAP,3,Master's preferred,1
Data Analyst,startup,2022-08-15,2022,2022Q3,"Data Analyst - join our team! Ideal candidate has 3 years of relevant experience and is proficient in SQL, Azure, R, AWS, Salesforce, Python. None mentioned. We're looking for someone who can high-growth.",3,6,None mentioned,3,SQL|Python|R|AWS|Azure|Salesforce,6,None mentioned,1
Data Analyst,startup,2022-08-15,2022,2022Q3,"As a Data Analyst, you will work with Looker, Snowflake, SAP. Minimum 4 years experience required. None mentioned. Must thrive in a high-growth.",4,3,None mentioned,4,Looker|Snowflake|SAP,3,None mentioned,1
Data Analyst,enterprise,2022-08-15,2022,2022Q3,"As a Data Analyst, you will work with Excel, Azure, Looker. Minimum 3 years experience required. Bachelor's preferred. Must thrive in a self-starter.",3,3,Bachelor's preferred,3,Excel|Azure|Looker,3,Bachelor's preferred,1
Data Analyst,startup,2022-08-15,2022,2022Q3,"As a Data Analyst, you will work with Machine Learning, AWS, Salesforce. Minimum 2 years experience required. Bachelor's preferred. Must thrive in a fast-paced environment.",2,3,Bachelor's preferred,2,AWS|Machine Learning|Salesforce,3,Bachelor's preferred,1
Data Analyst,enterprise,2022-08-15,2022,2022Q3,"Data Analyst - join our team! Ideal candidate has 4 years of relevant experience and is proficient in Tableau, Python, Git, Azure. None mentioned. We're looking for someone who can ownership mindset.",4,4,None mentioned,4,Python|Tableau|Azure|Git,4,None mentioned,1
Data Analyst,enterprise,2022-08-15,2022,2022Q3,"We are looking for a Data Analyst with 2+ years of experience. Required skills: Snowflake, dbt. None mentioned. fast-paced environment",2,2,None mentioned,2,Snowflake|dbt,2,None mentioned,1
Data Analyst,enterprise,2022-08-15,2022,2022Q3,"As a Data Analyst, you will work with AWS, Azure, SAP, GCP. Minimum 2 years experience required. Bachelor's preferred. Must thrive in a wear many hats, stakeholder management.",2,4,Bachelor's preferred,2,AWS|Azure|GCP|SAP,4,Bachelor's preferred,2
Data Analyst,enterprise,2022-08-15,2022,2022Q3,We are looking for a Data Analyst with 3+ years of experience. Required skills: Tableau. Bachelor's preferred. fast-paced environment,3,1,Bachelor's preferred,3,Tableau,1,Bachelor's preferred,1
Data Analyst,enterprise,2022-08-15,2022,2022Q3,"Data Analyst - join our team! Ideal candidate has 1 years of relevant experience and is proficient in SAP, Azure, SQL, R, Power BI. Bachelor's required. We're looking for someone who can wear many hats.",1,5,Bachelor's required,1,SQL|Power BI|R|Azure|SAP,5,Bachelor's required,1
Data Analyst,enterprise,2022-08-15,2022,2022Q3,"We are looking for a Data Analyst with 3+ years of experience. Required skills: Salesforce, Python. None mentioned. high-growth",3,2,None mentioned,3,Python|Salesforce,2,None mentioned,1
Data Analyst,mid-size,2022-08-15,2022,2022Q3,"We are looking for a Data Analyst with 3+ years of experience. Required skills: AWS, Machine Learning, Power BI. None mentioned. ownership mindset",3,3,None mentioned,3,Power BI|AWS|Machine Learning,3,None mentioned,1
Data Analyst,enterprise,2022-08-15,2022,2022Q3,"Data Analyst - join our team! Ideal candidate has 3 years of relevant experience and is proficient in Salesforce, R, Python. None mentioned. We're looking for someone who can stakeholder management.",3,3,None mentioned,3,Python|R|Salesforce,3,None mentioned,1
Data Analyst,startup,2022-08-15,2022,2022Q3,"We are looking for a Data Analyst with 4+ years of experience. Required skills: Excel, Airflow, Tableau, SQL. Bachelor's preferred. stakeholder management",4,4,Bachelor's preferred,4,SQL|Excel|Tableau|Airflow,4,Bachelor's preferred,1
Data Analyst,enterprise,2022-08-15,2022,2022Q3,"Data Analyst - join our team! Ideal candidate has 3 years of relevant experience and is proficient in AWS, Git, dbt, Statistics, Snowflake. Master's preferred. We're looking for someone who can self-starter.",3,5,Master's preferred,3,AWS|Snowflake|dbt|Git|Statistics,5,Master's preferred,1
Data Analyst,mid-size,2022-08-15,2022,2022Q3,"As a Data Analyst, you will work with GCP, SAP, Tableau. Minimum 3 years experience required. Bachelor's preferred. Must thrive in a self-starter.",3,3,Bachelor's preferred,3,Tableau|GCP|SAP,3,Bachelor's preferred,1
Data Analyst,startup,2022-08-15,2022,2022Q3,"Data Analyst - join our team! Ideal candidate has 3 years of relevant experience and is proficient in Spark, SQL, Git, Azure. Bachelor's preferred. We're looking for someone who can ownership mindset.",3,4,Bachelor's preferred,3,SQL|Azure|Spark|Git,4,Bachelor's preferred,1
Data Analyst,startup,2022-08-15,2022,2022Q3,"Data Analyst - join our team! Ideal candidate has 3 years of relevant experience and is proficient in Tableau, dbt, Machine Learning. None mentioned. We're looking for someone who can cross-functional collaboration.",3,3,None mentioned,3,Tableau|dbt|Machine Learning,3,None mentioned,1
Data Analyst,enterprise,2022-08-15,2022,2022Q3,"As a Data Analyst, you will work with Machine Learning, Statistics, GCP, AWS, Tableau. Minimum 2 years experience required. Master's preferred. Must thrive in a wear many hats.",2,5,Master's preferred,2,Tableau|AWS|GCP|Statistics|Machine Learning,5,Master's preferred,1
Data Analyst,enterprise,2022-08-15,2022,2022Q3,Data Analyst - join our team! Ideal candidate has 4 years of relevant experience and is proficient in Excel. Bachelor's preferred. We're looking for someone who can scrappy.,4,1,Bachelor's preferred,4,Excel,1,Bachelor's preferred,1
Data Analyst,enterprise,2022-08-15,2022,2022Q3,"Data Analyst - join our team! Ideal candidate has 3 years of relevant experience and is proficient in AWS, R, GCP. None mentioned. We're looking for someone who can fast-paced environment.",3,3,None mentioned,3,R|AWS|GCP,3,None mentioned,1
Data Analyst,enterprise,2022-08-15,2022,2022Q3,"As a Data Analyst, you will work with Looker. Minimum 3 years experience required. Bachelor's preferred. Must thrive in a high-growth.",3,1,Bachelor's preferred,3,Looker,1,Bachelor's preferred,1
Data Analyst,enterprise,2022-08-15,2022,2022Q3,We are looking for a Data Analyst with 2+ years of experience. Required skills: GCP. None mentioned. ambiguity,2,1,None mentioned,2,GCP,1,None mentioned,1
Data Analyst,mid-size,2022-08-15,2022,2022Q3,"We are looking for a Data Analyst with 2+ years of experience. Required skills: SAP, Looker, AWS, Salesforce. Master's preferred. high-growth",2,4,Master's preferred,2,AWS|Looker|Salesforce|SAP,4,Master's preferred,1
Data Analyst,enterprise,2022-08-15,2022,2022Q3,"As a Data Analyst, you will work with Salesforce, SAP. Minimum 4 years experience required. None mentioned. Must thrive in a scrappy.",4,2,None mentioned,4,Salesforce|SAP,2,None mentioned,1
Data Analyst,enterprise,2022-08-15,2022,2022Q3,"As a Data Analyst, you will work with Power BI, Azure. Minimum 2 years experience required. Bachelor's required. Must thrive in a wear many hats.",2,2,Bachelor's required,2,Power BI|Azure,2,Bachelor's required,1
Data Analyst,startup,2022-08-15,2022,2022Q3,"Data Analyst - join our team! Ideal candidate has 2 years of relevant experience and is proficient in AWS, Tableau, SQL, Looker. None mentioned. We're looking for someone who can high-growth.",2,4,None mentioned,2,SQL|Tableau|AWS|Looker,4,None mentioned,1
Data Analyst,mid-size,2022-08-15,2022,2022Q3,"As a Data Analyst, you will work with Tableau, dbt, Spark, Git, Statistics, Machine Learning. Minimum 1 years experience required. Bachelor's required. Must thrive in a ownership mindset.",1,6,Bachelor's required,1,Tableau|dbt|Spark|Git|Statistics|Machine Learning,6,Bachelor's required,1
Data Analyst,startup,2022-08-15,2022,2022Q3,"As a Data Analyst, you will work with Looker, Azure, Spark. Minimum 3 years experience required. Bachelor's required. Must thrive in a fast-paced environment.",3,3,Bachelor's required,3,Azure|Looker|Spark,3,Bachelor's required,1
Data Analyst,startup,2022-08-15,2022,2022Q3,"As a Data Analyst, you will work with A/B Testing, Salesforce, dbt, R, Machine Learning. Minimum 2 years experience required. Bachelor's preferred. Must thrive in a self-starter.",2,5,Bachelor's preferred,2,R|dbt|A/B Testing|Machine Learning|Salesforce,5,Bachelor's preferred,1
Data Analyst,enterprise,2022-08-15,2022,2022Q3,"We are looking for a Data Analyst with 3+ years of experience. Required skills: Spark, Salesforce, Tableau, Snowflake. Bachelor's preferred. fast-paced environment",3,4,Bachelor's preferred,3,Tableau|Snowflake|Spark|Salesforce,4,Bachelor's preferred,1
Data Analyst,startup,2022-08-15,2022,2022Q3,"As a Data Analyst, you will work with Snowflake, Excel, GCP, Looker. Minimum 3 years experience required. Bachelor's required. Must thrive in a scrappy.",3,4,Bachelor's required,3,Excel|GCP|Looker|Snowflake,4,Bachelor's required,1
Data Analyst,startup,2022-08-15,2022,2022Q3,"We are looking for a Data Analyst with 3+ years of experience. Required skills: Excel, Azure, SQL, Statistics, Python. Bachelor's preferred. fast-paced environment",3,5,Bachelor's preferred,3,SQL|Python|Excel|Azure|Statistics,5,Bachelor's preferred,1
Data Analyst,mid-size,2022-08-15,2022,2022Q3,Data Analyst - join our team! Ideal candidate has 4 years of relevant experience and is proficient in R. Bachelor's required. We're looking for someone who can high-growth.,4,1,Bachelor's required,4,R,1,Bachelor's required,1
Data Analyst,startup,2022-08-15,2022,2022Q3,"Data Analyst - join our team! Ideal candidate has 4 years of relevant experience and is proficient in AWS, Excel, Looker, dbt. Bachelor's preferred. We're looking for someone who can high-growth.",4,4,Bachelor's preferred,4,Excel|AWS|Looker|dbt,4,Bachelor's preferred,1
Data Analyst,mid-size,2022-08-15,2022,2022Q3,"We are looking for a Data Analyst with 3+ years of experience. Required skills: A/B Testing, GCP, Azure. Bachelor's required. fast-paced environment",3,3,Bachelor's required,3,Azure|GCP|A/B Testing,3,Bachelor's required,1
Data Analyst,startup,2022-08-15,2022,2022Q3,"We are looking for a Data Analyst with 3+ years of experience. Required skills: Python, SQL, Power BI. Bachelor's required. wear many hats",3,3,Bachelor's required,3,SQL|Python|Power BI,3,Bachelor's required,1
Data Analyst,startup,2022-11-15,2022,2022Q4,"Data Analyst - join our team! Ideal candidate has 3 years of relevant experience and is proficient in A/B Testing, Power BI, Tableau, Statistics, Git, Snowflake, AWS. Master's required. We're looking for someone who can fast-paced environment, ambiguity, self-starter.",3,7,Master's required,3,Tableau|Power BI|AWS|Snowflake|Git|Statistics|A/B Testing,7,Master's required,3
Data Analyst,enterprise,2022-11-15,2022,2022Q4,"As a Data Analyst, you will work with SQL, Tableau, Airflow. Minimum 3 years experience required. None mentioned. Must thrive in a cross-functional collaboration.",3,3,None mentioned,3,SQL|Tableau|Airflow,3,None mentioned,1
Data Analyst,mid-size,2022-11-15,2022,2022Q4,"Data Analyst - join our team! Ideal candidate has 4 years of relevant experience and is proficient in GCP, Power BI. Bachelor's required. We're looking for someone who can wear many hats.",4,2,Bachelor's required,4,Power BI|GCP,2,Bachelor's required,1
Data Analyst,mid-size,2022-11-15,2022,2022Q4,"As a Data Analyst, you will work with Python, Salesforce, SAP. Minimum 3 years experience required. Bachelor's required. Must thrive in a stakeholder management.",3,3,Bachelor's required,3,Python|Salesforce|SAP,3,Bachelor's required,1
Data Analyst,mid-size,2022-11-15,2022,2022Q4,"Data Analyst - join our team! Ideal candidate has 2 years of relevant experience and is proficient in Machine Learning, AWS, Looker. Bachelor's preferred. We're looking for someone who can scrappy.",2,3,Bachelor's preferred,2,AWS|Looker|Machine Learning,3,Bachelor's preferred,1
Data Analyst,enterprise,2022-11-15,2022,2022Q4,"Data Analyst - join our team! Ideal candidate has 2 years of relevant experience and is proficient in SQL, A/B Testing, Git. None mentioned. We're looking for someone who can high-growth.",2,3,None mentioned,2,SQL|Git|A/B Testing,3,None mentioned,1
Data Analyst,enterprise,2022-11-15,2022,2022Q4,"We are looking for a Data Analyst with 5+ years of experience. Required skills: Azure, AWS, Snowflake, Machine Learning. None mentioned. high-growth",5,4,None mentioned,5,AWS|Azure|Snowflake|Machine Learning,4,None mentioned,1
Data Analyst,enterprise,2022-11-15,2022,2022Q4,"As a Data Analyst, you will work with Airflow, Git, Tableau, Looker. Minimum 2 years experience required. Bachelor's required. Must thrive in a high-growth.",2,4,Bachelor's required,2,Tableau|Looker|Airflow|Git,4,Bachelor's required,1
Data Analyst,mid-size,2022-11-15,2022,2022Q4,"Data Analyst - join our team! Ideal candidate has 5 years of relevant experience and is proficient in Snowflake, Git, A/B Testing, SAP, Python. Bachelor's required. We're looking for someone who can cross-functional collaboration.",5,5,Bachelor's required,5,Python|Snowflake|Git|A/B Testing|SAP,5,Bachelor's required,1
Data Analyst,startup,2022-11-15,2022,2022Q4,"We are looking for a Data Analyst with 2+ years of experience. Required skills: A/B Testing, Airflow. None mentioned. scrappy",2,2,None mentioned,2,Airflow|A/B Testing,2,None mentioned,1
Data Analyst,enterprise,2022-11-15,2022,2022Q4,"Data Analyst - join our team! Ideal candidate has 2 years of relevant experience and is proficient in Spark, Git, Looker. Bachelor's preferred. We're looking for someone who can cross-functional collaboration.",2,3,Bachelor's preferred,2,Looker|Spark|Git,3,Bachelor's preferred,1
Data Analyst,enterprise,2022-11-15,2022,2022Q4,"Data Analyst - join our team! Ideal candidate has 3 years of relevant experience and is proficient in Azure, SAP, Git, Salesforce, Airflow, AWS. None mentioned. We're looking for someone who can ambiguity.",3,6,None mentioned,3,AWS|Azure|Airflow|Git|Salesforce|SAP,6,None mentioned,1
Data Analyst,enterprise,2022-11-15,2022,2022Q4,"As a Data Analyst, you will work with Snowflake, dbt, Looker, Machine Learning, Airflow. Minimum 3 years experience required. Master's required. Must thrive in a wear many hats.",3,5,Master's required,3,Looker|Snowflake|dbt|Airflow|Machine Learning,5,Master's required,1
Data Analyst,mid-size,2022-11-15,2022,2022Q4,"As a Data Analyst, you will work with Statistics, Looker, Excel, Snowflake. Minimum 3 years experience required. Bachelor's preferred. Must thrive in a ambiguity.",3,4,Bachelor's preferred,3,Excel|Looker|Snowflake|Statistics,4,Bachelor's preferred,1
Data Analyst,enterprise,2022-11-15,2022,2022Q4,"As a Data Analyst, you will work with SAP, Statistics, Python, dbt, Airflow, A/B Testing. Minimum 3 years experience required. Master's required. Must thrive in a wear many hats, scrappy.",3,6,Master's required,3,Python|dbt|Airflow|Statistics|A/B Testing|SAP,6,Master's required,2
Data Analyst,mid-size,2022-11-15,2022,2022Q4,"As a Data Analyst, you will work with A/B Testing, GCP, Git, Machine Learning. Minimum 2 years experience required. Bachelor's preferred. Must thrive in a ownership mindset.",2,4,Bachelor's preferred,2,GCP|Git|A/B Testing|Machine Learning,4,Bachelor's preferred,1
Data Analyst,enterprise,2022-11-15,2022,2022Q4,"We are looking for a Data Analyst with 2+ years of experience. Required skills: Machine Learning, SQL, SAP. Master's preferred. high-growth",2,3,Master's preferred,2,SQL|Machine Learning|SAP,3,Master's preferred,1
Data Analyst,startup,2022-11-15,2022,2022Q4,"Data Analyst - join our team! Ideal candidate has 0 years of relevant experience and is proficient in Azure, Airflow, AWS, Excel, Git. None mentioned. We're looking for someone who can ownership mindset.",0,5,None mentioned,0,Excel|AWS|Azure|Airflow|Git,5,None mentioned,1
Data Analyst,startup,2022-11-15,2022,2022Q4,"As a Data Analyst, you will work with SAP, dbt. Minimum 3 years experience required. None mentioned. Must thrive in a stakeholder management.",3,2,None mentioned,3,dbt|SAP,2,None mentioned,1
Data Analyst,startup,2022-11-15,2022,2022Q4,"Data Analyst - join our team! Ideal candidate has 4 years of relevant experience and is proficient in Excel, dbt, Power BI. Bachelor's required. We're looking for someone who can stakeholder management.",4,3,Bachelor's required,4,Excel|Power BI|dbt,3,Bachelor's required,1
Data Analyst,startup,2022-11-15,2022,2022Q4,"We are looking for a Data Analyst with 4+ years of experience. Required skills: AWS, Excel, dbt, Azure. Bachelor's required. ownership mindset",4,4,Bachelor's required,4,Excel|AWS|Azure|dbt,4,Bachelor's required,1
Data Analyst,enterprise,2022-11-15,2022,2022Q4,"We are looking for a Data Analyst with 3+ years of experience. Required skills: Machine Learning, Tableau, R. Master's required. self-starter",3,3,Master's required,3,Tableau|R|Machine Learning,3,Master's required,1
Data Analyst,startup,2022-11-15,2022,2022Q4,"As a Data Analyst, you will work with GCP, Spark, A/B Testing. Minimum 5 years experience required. Master's required. Must thrive in a ambiguity, wear many hats.",5,3,Master's required,5,GCP|Spark|A/B Testing,3,Master's required,2
Data Analyst,enterprise,2022-11-15,2022,2022Q4,"We are looking for a Data Analyst with 3+ years of experience. Required skills: R, Snowflake, Machine Learning, Git, SQL. Bachelor's preferred. cross-functional collaboration",3,5,Bachelor's preferred,3,SQL|R|Snowflake|Git|Machine Learning,5,Bachelor's preferred,1
Data Analyst,enterprise,2022-11-15,2022,2022Q4,"As a Data Analyst, you will work with Statistics, R, Salesforce, SAP. Minimum 2 years experience required. Bachelor's preferred. Must thrive in a scrappy.",2,4,Bachelor's preferred,2,R|Statistics|Salesforce|SAP,4,Bachelor's preferred,1
Data Analyst,mid-size,2022-11-15,2022,2022Q4,We are looking for a Data Analyst with 4+ years of experience. Required skills: Excel. Bachelor's required. high-growth,4,1,Bachelor's required,4,Excel,1,Bachelor's required,1
Data Analyst,mid-size,2022-11-15,2022,2022Q4,"We are looking for a Data Analyst with 3+ years of experience. Required skills: Machine Learning, AWS, Power BI. Bachelor's required. scrappy",3,3,Bachelor's required,3,Power BI|AWS|Machine Learning,3,Bachelor's required,1
Data Analyst,mid-size,2022-11-15,2022,2022Q4,"Data Analyst - join our team! Ideal candidate has 5 years of relevant experience and is proficient in Excel, Salesforce, A/B Testing, Power BI. None mentioned. We're looking for someone who can self-starter, high-growth, fast-paced environment.",5,4,None mentioned,5,Excel|Power BI|A/B Testing|Salesforce,4,None mentioned,3
Data Analyst,mid-size,2022-11-15,2022,2022Q4,"As a Data Analyst, you will work with Snowflake, dbt, Airflow. Minimum 3 years experience required. Bachelor's required. Must thrive in a ownership mindset.",3,3,Bachelor's required,3,Snowflake|dbt|Airflow,3,Bachelor's required,1
Data Analyst,startup,2022-11-15,2022,2022Q4,"As a Data Analyst, you will work with Salesforce, Airflow, GCP, Excel, Machine Learning. Minimum 2 years experience required. None mentioned. Must thrive in a high-growth, ownership mindset, scrappy.",2,5,None mentioned,2,Excel|GCP|Airflow|Machine Learning|Salesforce,5,None mentioned,3
Data Analyst,mid-size,2022-11-15,2022,2022Q4,"As a Data Analyst, you will work with Spark, Airflow, Azure, A/B Testing, dbt. Minimum 2 years experience required. None mentioned. Must thrive in a cross-functional collaboration.",2,5,None mentioned,2,Azure|dbt|Airflow|Spark|A/B Testing,5,None mentioned,1
Data Analyst,mid-size,2022-11-15,2022,2022Q4,"We are looking for a Data Analyst with 2+ years of experience. Required skills: Spark, A/B Testing, dbt, Statistics, Azure. None mentioned. stakeholder management, wear many hats, high-growth",2,5,None mentioned,2,Azure|dbt|Spark|Statistics|A/B Testing,5,None mentioned,3
Data Analyst,mid-size,2022-11-15,2022,2022Q4,"As a Data Analyst, you will work with Salesforce, R, Power BI, Tableau, SQL, Airflow, Python, AWS. Minimum 4 years experience required. Bachelor's required. Must thrive in a ownership mindset, fast-paced environment, stakeholder management.",4,8,Bachelor's required,4,SQL|Python|Tableau|Power BI|R|AWS|Airflow|Salesforce,8,Bachelor's required,3
Data Analyst,enterprise,2022-11-15,2022,2022Q4,"We are looking for a Data Analyst with 2+ years of experience. Required skills: R, Airflow, SQL, Azure, Power BI, GCP. Master's required. ownership mindset",2,6,Master's required,2,SQL|Power BI|R|Azure|GCP|Airflow,6,Master's required,1
Data Analyst,enterprise,2022-11-15,2022,2022Q4,"As a Data Analyst, you will work with Git, Machine Learning, Azure, R. Minimum 3 years experience required. None mentioned. Must thrive in a high-growth, fast-paced environment.",3,4,None mentioned,3,R|Azure|Git|Machine Learning,4,None mentioned,2
Data Analyst,mid-size,2022-11-15,2022,2022Q4,"As a Data Analyst, you will work with Spark, SQL, R, Salesforce. Minimum 4 years experience required. Bachelor's preferred. Must thrive in a high-growth.",4,4,Bachelor's preferred,4,SQL|R|Spark|Salesforce,4,Bachelor's preferred,1
Data Analyst,startup,2022-11-15,2022,2022Q4,Data Analyst - join our team! Ideal candidate has 4 years of relevant experience and is proficient in Machine Learning. Bachelor's preferred. We're looking for someone who can ownership mindset.,4,1,Bachelor's preferred,4,Machine Learning,1,Bachelor's preferred,1
Data Analyst,startup,2022-11-15,2022,2022Q4,"We are looking for a Data Analyst with 2+ years of experience. Required skills: Airflow, A/B Testing, Machine Learning. None mentioned. stakeholder management",2,3,None mentioned,2,Airflow|A/B Testing|Machine Learning,3,None mentioned,1
Data Analyst,enterprise,2022-11-15,2022,2022Q4,"As a Data Analyst, you will work with Spark, Power BI, Statistics, Airflow, Python. Minimum 5 years experience required. None mentioned. Must thrive in a wear many hats.",5,5,None mentioned,5,Python|Power BI|Airflow|Spark|Statistics,5,None mentioned,1
Data Analyst,startup,2022-11-15,2022,2022Q4,"We are looking for a Data Analyst with 3+ years of experience. Required skills: A/B Testing, Azure, Excel, Spark, GCP. Bachelor's preferred. wear many hats",3,5,Bachelor's preferred,3,Excel|Azure|GCP|Spark|A/B Testing,5,Bachelor's preferred,1
Data Analyst,enterprise,2022-11-15,2022,2022Q4,"We are looking for a Data Analyst with 2+ years of experience. Required skills: AWS, Python, R, Statistics. None mentioned. high-growth",2,4,None mentioned,2,Python|R|AWS|Statistics,4,None mentioned,1
Data Analyst,mid-size,2022-11-15,2022,2022Q4,"Data Analyst - join our team! Ideal candidate has 5 years of relevant experience and is proficient in Looker, SAP, Excel. None mentioned. We're looking for someone who can ambiguity.",5,3,None mentioned,5,Excel|Looker|SAP,3,None mentioned,1
Data Analyst,startup,2022-11-15,2022,2022Q4,"Data Analyst - join our team! Ideal candidate has 2 years of relevant experience and is proficient in Python, Looker, Git, Statistics, R. Master's preferred. We're looking for someone who can stakeholder management.",2,5,Master's preferred,2,Python|R|Looker|Git|Statistics,5,Master's preferred,1
Data Analyst,mid-size,2022-11-15,2022,2022Q4,"As a Data Analyst, you will work with Machine Learning, Looker, dbt. Minimum 3 years experience required. Master's preferred. Must thrive in a wear many hats.",3,3,Master's preferred,3,Looker|dbt|Machine Learning,3,Master's preferred,1
Data Analyst,mid-size,2022-11-15,2022,2022Q4,"Data Analyst - join our team! Ideal candidate has 4 years of relevant experience and is proficient in SQL, Airflow, Git, R. Master's required. We're looking for someone who can cross-functional collaboration.",4,4,Master's required,4,SQL|R|Airflow|Git,4,Master's required,1
Data Analyst,mid-size,2022-11-15,2022,2022Q4,"As a Data Analyst, you will work with Excel, Spark, Tableau, AWS. Minimum 4 years experience required. Bachelor's preferred. Must thrive in a fast-paced environment.",4,4,Bachelor's preferred,4,Excel|Tableau|AWS|Spark,4,Bachelor's preferred,1
Data Analyst,enterprise,2022-11-15,2022,2022Q4,"Data Analyst - join our team! Ideal candidate has 3 years of relevant experience and is proficient in Spark, Salesforce, Airflow, Machine Learning. Bachelor's preferred. We're looking for someone who can ownership mindset.",3,4,Bachelor's preferred,3,Airflow|Spark|Machine Learning|Salesforce,4,Bachelor's preferred,1
Data Analyst,enterprise,2022-11-15,2022,2022Q4,"As a Data Analyst, you will work with Machine Learning, Spark. Minimum 2 years experience required. Bachelor's preferred. Must thrive in a scrappy.",2,2,Bachelor's preferred,2,Spark|Machine Learning,2,Bachelor's preferred,1
Data Analyst,mid-size,2022-11-15,2022,2022Q4,"As a Data Analyst, you will work with Excel, Looker. Minimum 3 years experience required. None mentioned. Must thrive in a cross-functional collaboration.",3,2,None mentioned,3,Excel|Looker,2,None mentioned,1
Data Analyst,enterprise,2022-11-15,2022,2022Q4,"As a Data Analyst, you will work with Spark, Snowflake, Airflow, Azure, AWS. Minimum 1 years experience required. None mentioned. Must thrive in a self-starter.",1,5,None mentioned,1,AWS|Azure|Snowflake|Airflow|Spark,5,None mentioned,1
Data Analyst,enterprise,2022-11-15,2022,2022Q4,"Data Analyst - join our team! Ideal candidate has 2 years of relevant experience and is proficient in Azure, A/B Testing, dbt. Bachelor's preferred. We're looking for someone who can scrappy.",2,3,Bachelor's preferred,2,Azure|dbt|A/B Testing,3,Bachelor's preferred,1
Data Analyst,startup,2022-11-15,2022,2022Q4,"As a Data Analyst, you will work with SAP, Excel, Git, Snowflake. Minimum 2 years experience required. Bachelor's preferred. Must thrive in a ambiguity.",2,4,Bachelor's preferred,2,Excel|Snowflake|Git|SAP,4,Bachelor's preferred,1
Data Analyst,enterprise,2022-11-15,2022,2022Q4,"Data Analyst - join our team! Ideal candidate has 4 years of relevant experience and is proficient in SQL, Tableau, AWS, Spark. None mentioned. We're looking for someone who can ownership mindset.",4,4,None mentioned,4,SQL|Tableau|AWS|Spark,4,None mentioned,1
Data Analyst,mid-size,2022-11-15,2022,2022Q4,"Data Analyst - join our team! Ideal candidate has 2 years of relevant experience and is proficient in Excel, GCP, Python, Spark. Master's preferred. We're looking for someone who can high-growth.",2,4,Master's preferred,2,Python|Excel|GCP|Spark,4,Master's preferred,1
Data Analyst,mid-size,2022-11-15,2022,2022Q4,"Data Analyst - join our team! Ideal candidate has 4 years of relevant experience and is proficient in Machine Learning, Tableau, A/B Testing, Looker, Git. Bachelor's preferred. We're looking for someone who can wear many hats.",4,5,Bachelor's preferred,4,Tableau|Looker|Git|A/B Testing|Machine Learning,5,Bachelor's preferred,1
Data Analyst,mid-size,2022-11-15,2022,2022Q4,"Data Analyst - join our team! Ideal candidate has 3 years of relevant experience and is proficient in Git, Spark, Python, dbt, Looker. None mentioned. We're looking for someone who can stakeholder management.",3,5,None mentioned,3,Python|Looker|dbt|Spark|Git,5,None mentioned,1
Data Analyst,startup,2022-11-15,2022,2022Q4,"As a Data Analyst, you will work with Spark, Excel, Snowflake, SAP, A/B Testing. Minimum 2 years experience required. None mentioned. Must thrive in a fast-paced environment.",2,5,None mentioned,2,Excel|Snowflake|Spark|A/B Testing|SAP,5,None mentioned,1
Data Analyst,enterprise,2022-11-15,2022,2022Q4,"As a Data Analyst, you will work with Snowflake, A/B Testing, Git. Minimum 4 years experience required. None mentioned. Must thrive in a high-growth.",4,3,None mentioned,4,Snowflake|Git|A/B Testing,3,None mentioned,1
Data Analyst,mid-size,2022-11-15,2022,2022Q4,"We are looking for a Data Analyst with 2+ years of experience. Required skills: Airflow, Excel, Spark, AWS. Bachelor's preferred. cross-functional collaboration",2,4,Bachelor's preferred,2,Excel|AWS|Airflow|Spark,4,Bachelor's preferred,1
Data Analyst,mid-size,2022-11-15,2022,2022Q4,"As a Data Analyst, you will work with Airflow, Git, SQL. Minimum 2 years experience required. Bachelor's preferred. Must thrive in a wear many hats.",2,3,Bachelor's preferred,2,SQL|Airflow|Git,3,Bachelor's preferred,1
Data Analyst,enterprise,2022-11-15,2022,2022Q4,"Data Analyst - join our team! Ideal candidate has 5 years of relevant experience and is proficient in Snowflake, Airflow, Salesforce, Spark, Excel, A/B Testing, Statistics. Bachelor's preferred. We're looking for someone who can self-starter.",5,7,Bachelor's preferred,5,Excel|Snowflake|Airflow|Spark|Statistics|A/B Testing|Salesforce,7,Bachelor's preferred,1
Data Analyst,startup,2022-11-15,2022,2022Q4,"As a Data Analyst, you will work with Statistics, Airflow, Excel, R. Minimum 2 years experience required. None mentioned. Must thrive in a high-growth.",2,4,None mentioned,2,Excel|R|Airflow|Statistics,4,None mentioned,1
Data Analyst,mid-size,2022-11-15,2022,2022Q4,"As a Data Analyst, you will work with AWS, Looker, Azure. Minimum 4 years experience required. None mentioned. Must thrive in a ownership mindset, wear many hats, ambiguity.",4,3,None mentioned,4,AWS|Azure|Looker,3,None mentioned,3
Data Analyst,startup,2022-11-15,2022,2022Q4,"Data Analyst - join our team! Ideal candidate has 5 years of relevant experience and is proficient in Azure, Git, SQL, AWS, Snowflake, dbt. Bachelor's required. We're looking for someone who can ambiguity.",5,6,Bachelor's required,5,SQL|AWS|Azure|Snowflake|dbt|Git,6,Bachelor's required,1
Data Analyst,mid-size,2022-11-15,2022,2022Q4,Data Analyst - join our team! Ideal candidate has 3 years of relevant experience and is proficient in Python. Bachelor's preferred. We're looking for someone who can stakeholder management.,3,1,Bachelor's preferred,3,Python,1,Bachelor's preferred,1
Data Analyst,mid-size,2022-11-15,2022,2022Q4,"Data Analyst - join our team! Ideal candidate has 3 years of relevant experience and is proficient in R, dbt, Power BI, GCP, Azure, Looker. Bachelor's preferred. We're looking for someone who can high-growth.",3,6,Bachelor's preferred,3,Power BI|R|Azure|GCP|Looker|dbt,6,Bachelor's preferred,1
Data Analyst,startup,2022-11-15,2022,2022Q4,"We are looking for a Data Analyst with 2+ years of experience. Required skills: Azure, AWS, Git, Power BI, Tableau, GCP. None mentioned. wear many hats, cross-functional collaboration, fast-paced environment",2,6,None mentioned,2,Tableau|Power BI|AWS|Azure|GCP|Git,6,None mentioned,3
Data Analyst,mid-size,2022-11-15,2022,2022Q4,"Data Analyst - join our team! Ideal candidate has 2 years of relevant experience and is proficient in Power BI, Git, Tableau, Looker. Bachelor's preferred. We're looking for someone who can ambiguity.",2,4,Bachelor's preferred,2,Tableau|Power BI|Looker|Git,4,Bachelor's preferred,1
Data Analyst,enterprise,2022-11-15,2022,2022Q4,"We are looking for a Data Analyst with 2+ years of experience. Required skills: Git, Python, Excel, R. Master's preferred. scrappy",2,4,Master's preferred,2,Python|Excel|R|Git,4,Master's preferred,1
Data Analyst,enterprise,2022-11-15,2022,2022Q4,"We are looking for a Data Analyst with 4+ years of experience. Required skills: Statistics, Machine Learning, Excel. None mentioned. self-starter",4,3,None mentioned,4,Excel|Statistics|Machine Learning,3,None mentioned,1
Data Analyst,mid-size,2022-11-15,2022,2022Q4,"As a Data Analyst, you will work with Spark, Machine Learning, Airflow. Minimum 4 years experience required. None mentioned. Must thrive in a cross-functional collaboration.",4,3,None mentioned,4,Airflow|Spark|Machine Learning,3,None mentioned,1
Data Analyst,enterprise,2022-11-15,2022,2022Q4,"We are looking for a Data Analyst with 2+ years of experience. Required skills: Python, dbt, Airflow, R, SQL. None mentioned. ownership mindset",2,5,None mentioned,2,SQL|Python|R|dbt|Airflow,5,None mentioned,1
Data Analyst,enterprise,2022-11-15,2022,2022Q4,"We are looking for a Data Analyst with 3+ years of experience. Required skills: Tableau, Statistics, AWS, GCP. Bachelor's required. high-growth",3,4,Bachelor's required,3,Tableau|AWS|GCP|Statistics,4,Bachelor's required,1
Data Analyst,startup,2022-11-15,2022,2022Q4,"As a Data Analyst, you will work with A/B Testing, Looker. Minimum 0 years experience required. Bachelor's required. Must thrive in a cross-functional collaboration.",0,2,Bachelor's required,0,Looker|A/B Testing,2,Bachelor's required,1
Data Analyst,mid-size,2022-11-15,2022,2022Q4,"As a Data Analyst, you will work with Excel, Spark, Power BI. Minimum 1 years experience required. None mentioned. Must thrive in a ambiguity, cross-functional collaboration.",1,3,None mentioned,1,Excel|Power BI|Spark,3,None mentioned,2
Data Analyst,startup,2022-11-15,2022,2022Q4,We are looking for a Data Analyst with 3+ years of experience. Required skills: SQL. None mentioned. ownership mindset,3,1,None mentioned,3,SQL,1,None mentioned,1
Data Analyst,startup,2022-11-15,2022,2022Q4,"Data Analyst - join our team! Ideal candidate has 3 years of relevant experience and is proficient in SQL, GCP, Snowflake, Excel. None mentioned. We're looking for someone who can wear many hats.",3,4,None mentioned,3,SQL|Excel|GCP|Snowflake,4,None mentioned,1
Data Analyst,enterprise,2022-11-15,2022,2022Q4,We are looking for a Data Analyst with 3+ years of experience. Required skills: Power BI. None mentioned. wear many hats,3,1,None mentioned,3,Power BI,1,None mentioned,1
Data Analyst,enterprise,2022-11-15,2022,2022Q4,"As a Data Analyst, you will work with Azure, Looker, SAP, Excel, R. Minimum 3 years experience required. Master's preferred. Must thrive in a stakeholder management.",3,5,Master's preferred,3,Excel|R|Azure|Looker|SAP,5,Master's preferred,1
Data Analyst,mid-size,2022-11-15,2022,2022Q4,"Data Analyst - join our team! Ideal candidate has 3 years of relevant experience and is proficient in Airflow, Spark, Machine Learning, dbt, Salesforce. None mentioned. We're looking for someone who can fast-paced environment.",3,5,None mentioned,3,dbt|Airflow|Spark|Machine Learning|Salesforce,5,None mentioned,1
Data Analyst,enterprise,2022-11-15,2022,2022Q4,"Data Analyst - join our team! Ideal candidate has 1 years of relevant experience and is proficient in Statistics, Spark, Python, dbt, Snowflake, Machine Learning. Master's required. We're looking for someone who can self-starter.",1,6,Master's required,1,Python|Snowflake|dbt|Spark|Statistics|Machine Learning,6,Master's required,1
Data Analyst,enterprise,2022-11-15,2022,2022Q4,"As a Data Analyst, you will work with SAP, Git, Azure, AWS, Power BI, Airflow. Minimum 2 years experience required. Bachelor's required. Must thrive in a wear many hats.",2,6,Bachelor's required,2,Power BI|AWS|Azure|Airflow|Git|SAP,6,Bachelor's required,1
Data Analyst,mid-size,2022-11-15,2022,2022Q4,"We are looking for a Data Analyst with 5+ years of experience. Required skills: Git, Python, Excel, A/B Testing. None mentioned. self-starter",5,4,None mentioned,5,Python|Excel|Git|A/B Testing,4,None mentioned,1
Data Analyst,mid-size,2022-11-15,2022,2022Q4,"As a Data Analyst, you will work with Salesforce, Spark. Minimum 2 years experience required. None mentioned. Must thrive in a ownership mindset.",2,2,None mentioned,2,Spark|Salesforce,2,None mentioned,1
Data Analyst,mid-size,2022-11-15,2022,2022Q4,We are looking for a Data Analyst with 2+ years of experience. Required skills: dbt. Bachelor's preferred. wear many hats,2,1,Bachelor's preferred,2,dbt,1,Bachelor's preferred,1
Data Analyst,enterprise,2022-11-15,2022,2022Q4,"As a Data Analyst, you will work with SAP, Salesforce. Minimum 3 years experience required. None mentioned. Must thrive in a ownership mindset.",3,2,None mentioned,3,Salesforce|SAP,2,None mentioned,1
Data Analyst,enterprise,2022-11-15,2022,2022Q4,"As a Data Analyst, you will work with Power BI, SAP. Minimum 3 years experience required. Bachelor's preferred. Must thrive in a scrappy.",3,2,Bachelor's preferred,3,Power BI|SAP,2,Bachelor's preferred,1
Data Analyst,enterprise,2022-11-15,2022,2022Q4,"As a Data Analyst, you will work with A/B Testing, Tableau, AWS, SAP, SQL. Minimum 4 years experience required. None mentioned. Must thrive in a cross-functional collaboration, self-starter.",4,5,None mentioned,4,SQL|Tableau|AWS|A/B Testing|SAP,5,None mentioned,2
Data Analyst,startup,2022-11-15,2022,2022Q4,"Data Analyst - join our team! Ideal candidate has 2 years of relevant experience and is proficient in Statistics, Excel, dbt, Snowflake, GCP, Looker. None mentioned. We're looking for someone who can ownership mindset.",2,6,None mentioned,2,Excel|GCP|Looker|Snowflake|dbt|Statistics,6,None mentioned,1
Data Analyst,enterprise,2022-11-15,2022,2022Q4,"Data Analyst - join our team! Ideal candidate has 2 years of relevant experience and is proficient in A/B Testing, Airflow, Python, Machine Learning. None mentioned. We're looking for someone who can fast-paced environment.",2,4,None mentioned,2,Python|Airflow|A/B Testing|Machine Learning,4,None mentioned,1
Data Analyst,enterprise,2022-11-15,2022,2022Q4,"Data Analyst - join our team! Ideal candidate has 4 years of relevant experience and is proficient in Airflow, R, Spark. Bachelor's preferred. We're looking for someone who can high-growth.",4,3,Bachelor's preferred,4,R|Airflow|Spark,3,Bachelor's preferred,1
Data Analyst,enterprise,2022-11-15,2022,2022Q4,We are looking for a Data Analyst with 2+ years of experience. Required skills: Azure. Bachelor's preferred. high-growth,2,1,Bachelor's preferred,2,Azure,1,Bachelor's preferred,1
Data Analyst,startup,2022-11-15,2022,2022Q4,"Data Analyst - join our team! Ideal candidate has 4 years of relevant experience and is proficient in Snowflake, GCP, SQL, R. None mentioned. We're looking for someone who can fast-paced environment.",4,4,None mentioned,4,SQL|R|GCP|Snowflake,4,None mentioned,1
Data Analyst,startup,2022-11-15,2022,2022Q4,"As a Data Analyst, you will work with Snowflake, Power BI, Statistics, Looker. Minimum 2 years experience required. None mentioned. Must thrive in a self-starter.",2,4,None mentioned,2,Power BI|Looker|Snowflake|Statistics,4,None mentioned,1
Data Analyst,mid-size,2022-11-15,2022,2022Q4,"Data Analyst - join our team! Ideal candidate has 2 years of relevant experience and is proficient in Python, Machine Learning, Statistics. Bachelor's preferred. We're looking for someone who can scrappy, wear many hats.",2,3,Bachelor's preferred,2,Python|Statistics|Machine Learning,3,Bachelor's preferred,2
Data Analyst,startup,2022-11-15,2022,2022Q4,"We are looking for a Data Analyst with 3+ years of experience. Required skills: dbt, Salesforce, A/B Testing. None mentioned. self-starter, ambiguity, fast-paced environment",3,3,None mentioned,3,dbt|A/B Testing|Salesforce,3,None mentioned,3
Data Analyst,mid-size,2022-11-15,2022,2022Q4,"Data Analyst - join our team! Ideal candidate has 2 years of relevant experience and is proficient in AWS, Machine Learning, Airflow, R. Master's required. We're looking for someone who can ambiguity.",2,4,Master's required,2,R|AWS|Airflow|Machine Learning,4,Master's required,1
Data Analyst,startup,2022-11-15,2022,2022Q4,"Data Analyst - join our team! Ideal candidate has 3 years of relevant experience and is proficient in AWS, Airflow. Master's preferred. We're looking for someone who can ownership mindset, self-starter.",3,2,Master's preferred,3,AWS|Airflow,2,Master's preferred,2
Data Analyst,mid-size,2022-11-15,2022,2022Q4,"Data Analyst - join our team! Ideal candidate has 2 years of relevant experience and is proficient in Salesforce, Git, A/B Testing, Looker. Bachelor's required. We're looking for someone who can wear many hats.",2,4,Bachelor's required,2,Looker|Git|A/B Testing|Salesforce,4,Bachelor's required,1
Data Analyst,startup,2022-11-15,2022,2022Q4,"As a Data Analyst, you will work with Git, Spark, SAP, Power BI. Minimum 3 years experience required. Master's preferred. Must thrive in a scrappy.",3,4,Master's preferred,3,Power BI|Spark|Git|SAP,4,Master's preferred,1
Data Analyst,enterprise,2022-11-15,2022,2022Q4,"Data Analyst - join our team! Ideal candidate has 5 years of relevant experience and is proficient in R, A/B Testing, Tableau, GCP. None mentioned. We're looking for someone who can self-starter.",5,4,None mentioned,5,Tableau|R|GCP|A/B Testing,4,None mentioned,1
Data Analyst,enterprise,2022-11-15,2022,2022Q4,"We are looking for a Data Analyst with 3+ years of experience. Required skills: Azure, R, Python. None mentioned. self-starter",3,3,None mentioned,3,Python|R|Azure,3,None mentioned,1
Data Analyst,mid-size,2022-11-15,2022,2022Q4,"We are looking for a Data Analyst with 4+ years of experience. Required skills: Excel, Spark, R, Git, GCP. Master's required. ownership mindset",4,5,Master's required,4,Excel|R|GCP|Spark|Git,5,Master's required,1
Data Analyst,startup,2022-11-15,2022,2022Q4,"Data Analyst - join our team! Ideal candidate has 3 years of relevant experience and is proficient in Looker, Salesforce, Snowflake, R, Excel, Machine Learning. None mentioned. We're looking for someone who can wear many hats.",3,6,None mentioned,3,Excel|R|Looker|Snowflake|Machine Learning|Salesforce,6,None mentioned,1
Data Analyst,startup,2022-11-15,2022,2022Q4,"We are looking for a Data Analyst with 3+ years of experience. Required skills: Snowflake, Looker, Power BI, Tableau. None mentioned. stakeholder management",3,4,None mentioned,3,Tableau|Power BI|Looker|Snowflake,4,None mentioned,1
Data Analyst,mid-size,2022-11-15,2022,2022Q4,"As a Data Analyst, you will work with SQL, Machine Learning, SAP, Spark, A/B Testing. Minimum 3 years experience required. Bachelor's required. Must thrive in a high-growth.",3,5,Bachelor's required,3,SQL|Spark|A/B Testing|Machine Learning|SAP,5,Bachelor's required,1
Data Analyst,enterprise,2022-11-15,2022,2022Q4,"As a Data Analyst, you will work with Airflow, Excel. Minimum 3 years experience required. Master's preferred. Must thrive in a wear many hats.",3,2,Master's preferred,3,Excel|Airflow,2,Master's preferred,1
Data Analyst,enterprise,2022-11-15,2022,2022Q4,"As a Data Analyst, you will work with Azure, Power BI, R, Snowflake, Spark. Minimum 1 years experience required. None mentioned. Must thrive in a self-starter.",1,5,None mentioned,1,Power BI|R|Azure|Snowflake|Spark,5,None mentioned,1
Data Analyst,startup,2022-11-15,2022,2022Q4,"We are looking for a Data Analyst with 2+ years of experience. Required skills: GCP, Git, A/B Testing. None mentioned. fast-paced environment",2,3,None mentioned,2,GCP|Git|A/B Testing,3,None mentioned,1
Data Analyst,startup,2022-11-15,2022,2022Q4,"We are looking for a Data Analyst with 3+ years of experience. Required skills: Python, SAP. None mentioned. ambiguity",3,2,None mentioned,3,Python|SAP,2,None mentioned,1
Data Analyst,enterprise,2022-11-15,2022,2022Q4,"We are looking for a Data Analyst with 2+ years of experience. Required skills: Tableau, A/B Testing, Looker, dbt. None mentioned. ownership mindset, ambiguity, fast-paced environment",2,4,None mentioned,2,Tableau|Looker|dbt|A/B Testing,4,None mentioned,3
Data Analyst,mid-size,2022-11-15,2022,2022Q4,"We are looking for a Data Analyst with 3+ years of experience. Required skills: Salesforce, Git, Machine Learning, A/B Testing, Excel. None mentioned. self-starter",3,5,None mentioned,3,Excel|Git|A/B Testing|Machine Learning|Salesforce,5,None mentioned,1
Data Analyst,mid-size,2022-11-15,2022,2022Q4,"Data Analyst - join our team! Ideal candidate has 3 years of relevant experience and is proficient in Azure, dbt, Git, Looker, Spark, Python. Bachelor's preferred. We're looking for someone who can ownership mindset.",3,6,Bachelor's preferred,3,Python|Azure|Looker|dbt|Spark|Git,6,Bachelor's preferred,1
Data Analyst,enterprise,2022-11-15,2022,2022Q4,"Data Analyst - join our team! Ideal candidate has 3 years of relevant experience and is proficient in Salesforce, Power BI, R. Master's required. We're looking for someone who can stakeholder management.",3,3,Master's required,3,Power BI|R|Salesforce,3,Master's required,1
Data Analyst,startup,2022-11-15,2022,2022Q4,"Data Analyst - join our team! Ideal candidate has 2 years of relevant experience and is proficient in AWS, Power BI, Snowflake, dbt. Bachelor's preferred. We're looking for someone who can high-growth.",2,4,Bachelor's preferred,2,Power BI|AWS|Snowflake|dbt,4,Bachelor's preferred,1
Data Analyst,startup,2022-11-15,2022,2022Q4,"We are looking for a Data Analyst with 3+ years of experience. Required skills: Snowflake, Airflow. Bachelor's required. fast-paced environment",3,2,Bachelor's required,3,Snowflake|Airflow,2,Bachelor's required,1
Data Analyst,enterprise,2022-11-15,2022,2022Q4,"We are looking for a Data Analyst with 2+ years of experience. Required skills: Git, Power BI, SAP, AWS, Looker. None mentioned. ambiguity",2,5,None mentioned,2,Power BI|AWS|Looker|Git|SAP,5,None mentioned,1
Data Analyst,startup,2022-11-15,2022,2022Q4,"Data Analyst - join our team! Ideal candidate has 1 years of relevant experience and is proficient in Airflow, AWS, Git. Master's required. We're looking for someone who can wear many hats.",1,3,Master's required,1,AWS|Airflow|Git,3,Master's required,1
Data Analyst,startup,2022-11-15,2022,2022Q4,"As a Data Analyst, you will work with Salesforce, Spark, Azure, Python, Airflow, dbt. Minimum 3 years experience required. Master's preferred. Must thrive in a scrappy.",3,6,Master's preferred,3,Python|Azure|dbt|Airflow|Spark|Salesforce,6,Master's preferred,1
Data Analyst,mid-size,2022-11-15,2022,2022Q4,"As a Data Analyst, you will work with Snowflake, Machine Learning, Looker, AWS, Git, SAP. Minimum 2 years experience required. None mentioned. Must thrive in a wear many hats.",2,6,None mentioned,2,AWS|Looker|Snowflake|Git|Machine Learning|SAP,6,None mentioned,1
Data Analyst,enterprise,2022-11-15,2022,2022Q4,"As a Data Analyst, you will work with Salesforce, Statistics, Azure, Tableau. Minimum 4 years experience required. Bachelor's required. Must thrive in a ownership mindset.",4,4,Bachelor's required,4,Tableau|Azure|Statistics|Salesforce,4,Bachelor's required,1
Data Analyst,startup,2022-11-15,2022,2022Q4,"We are looking for a Data Analyst with 3+ years of experience. Required skills: Snowflake, A/B Testing, Tableau, Python. None mentioned. self-starter",3,4,None mentioned,3,Python|Tableau|Snowflake|A/B Testing,4,None mentioned,1
Data Analyst,mid-size,2022-11-15,2022,2022Q4,"Data Analyst - join our team! Ideal candidate has 5 years of relevant experience and is proficient in Machine Learning, Tableau, GCP, Power BI, Git, Azure. None mentioned. We're looking for someone who can scrappy.",5,6,None mentioned,5,Tableau|Power BI|Azure|GCP|Git|Machine Learning,6,None mentioned,1
Data Analyst,enterprise,2022-11-15,2022,2022Q4,"We are looking for a Data Analyst with 3+ years of experience. Required skills: Statistics, Azure. Bachelor's preferred. fast-paced environment",3,2,Bachelor's preferred,3,Azure|Statistics,2,Bachelor's preferred,1
Data Analyst,startup,2022-11-15,2022,2022Q4,"As a Data Analyst, you will work with Machine Learning, Salesforce, Azure, Power BI, A/B Testing. Minimum 2 years experience required. None mentioned. Must thrive in a scrappy, ownership mindset.",2,5,None mentioned,2,Power BI|Azure|A/B Testing|Machine Learning|Salesforce,5,None mentioned,2
Data Analyst,startup,2022-11-15,2022,2022Q4,"As a Data Analyst, you will work with Spark, dbt, Tableau, A/B Testing, Power BI. Minimum 3 years experience required. None mentioned. Must thrive in a ambiguity, scrappy, high-growth.",3,5,None mentioned,3,Tableau|Power BI|dbt|Spark|A/B Testing,5,None mentioned,3
Data Analyst,mid-size,2022-11-15,2022,2022Q4,"We are looking for a Data Analyst with 5+ years of experience. Required skills: R, A/B Testing, Statistics, Salesforce. Master's preferred. stakeholder management",5,4,Master's preferred,5,R|Statistics|A/B Testing|Salesforce,4,Master's preferred,1
Data Analyst,mid-size,2022-11-15,2022,2022Q4,"We are looking for a Data Analyst with 2+ years of experience. Required skills: AWS, SQL, Snowflake, R, Looker. Bachelor's preferred. ambiguity",2,5,Bachelor's preferred,2,SQL|R|AWS|Looker|Snowflake,5,Bachelor's preferred,1
Data Analyst,startup,2022-11-15,2022,2022Q4,"Data Analyst - join our team! Ideal candidate has 4 years of relevant experience and is proficient in Looker, R, Spark. Bachelor's preferred. We're looking for someone who can self-starter.",4,3,Bachelor's preferred,4,R|Looker|Spark,3,Bachelor's preferred,1
Data Analyst,startup,2022-11-15,2022,2022Q4,"As a Data Analyst, you will work with R, Looker, Statistics. Minimum 1 years experience required. None mentioned. Must thrive in a ownership mindset.",1,3,None mentioned,1,R|Looker|Statistics,3,None mentioned,1
Data Analyst,enterprise,2022-11-15,2022,2022Q4,"We are looking for a Data Analyst with 4+ years of experience. Required skills: Snowflake, Looker, Tableau. None mentioned. cross-functional collaboration",4,3,None mentioned,4,Tableau|Looker|Snowflake,3,None mentioned,1
Data Analyst,mid-size,2022-11-15,2022,2022Q4,"As a Data Analyst, you will work with Spark, Machine Learning, Azure, Looker, Power BI. Minimum 4 years experience required. None mentioned. Must thrive in a cross-functional collaboration.",4,5,None mentioned,4,Power BI|Azure|Looker|Spark|Machine Learning,5,None mentioned,1
Data Analyst,enterprise,2022-11-15,2022,2022Q4,"Data Analyst - join our team! Ideal candidate has 4 years of relevant experience and is proficient in SQL, Power BI, SAP, Git, dbt, Python. None mentioned. We're looking for someone who can fast-paced environment.",4,6,None mentioned,4,SQL|Python|Power BI|dbt|Git|SAP,6,None mentioned,1
Data Analyst,startup,2022-11-15,2022,2022Q4,"We are looking for a Data Analyst with 5+ years of experience. Required skills: GCP, Azure, Python. None mentioned. wear many hats, ownership mindset, self-starter",5,3,None mentioned,5,Python|Azure|GCP,3,None mentioned,3
Data Analyst,enterprise,2022-11-15,2022,2022Q4,"We are looking for a Data Analyst with 2+ years of experience. Required skills: Spark, R, dbt, Python. Bachelor's preferred. high-growth",2,4,Bachelor's preferred,2,Python|R|dbt|Spark,4,Bachelor's preferred,1
Data Analyst,startup,2022-11-15,2022,2022Q4,"Data Analyst - join our team! Ideal candidate has 3 years of relevant experience and is proficient in Excel, R, AWS. None mentioned. We're looking for someone who can stakeholder management.",3,3,None mentioned,3,Excel|R|AWS,3,None mentioned,1
Data Analyst,startup,2022-11-15,2022,2022Q4,"We are looking for a Data Analyst with 2+ years of experience. Required skills: Git, GCP, R, Airflow. Master's required. wear many hats",2,4,Master's required,2,R|GCP|Airflow|Git,4,Master's required,1
Data Analyst,enterprise,2022-11-15,2022,2022Q4,"We are looking for a Data Analyst with 4+ years of experience. Required skills: GCP, R, Salesforce, dbt. Bachelor's required. ownership mindset, wear many hats",4,4,Bachelor's required,4,R|GCP|dbt|Salesforce,4,Bachelor's required,2
Data Analyst,mid-size,2022-11-15,2022,2022Q4,"We are looking for a Data Analyst with 3+ years of experience. Required skills: Looker, Spark, R, Snowflake, AWS, Power BI. None mentioned. scrappy",3,6,None mentioned,3,Power BI|R|AWS|Looker|Snowflake|Spark,6,None mentioned,1
Data Analyst,startup,2022-11-15,2022,2022Q4,"We are looking for a Data Analyst with 1+ years of experience. Required skills: SAP, Excel, A/B Testing, R, Spark. Master's preferred. cross-functional collaboration",1,5,Master's preferred,1,Excel|R|Spark|A/B Testing|SAP,5,Master's preferred,1
Data Analyst,enterprise,2022-11-15,2022,2022Q4,"We are looking for a Data Analyst with 6+ years of experience. Required skills: Git, Excel, Azure, SQL, Tableau. Bachelor's preferred. ambiguity",6,5,Bachelor's preferred,6,SQL|Excel|Tableau|Azure|Git,5,Bachelor's preferred,1
Data Analyst,enterprise,2022-11-15,2022,2022Q4,"As a Data Analyst, you will work with Tableau, Machine Learning, AWS, Statistics. Minimum 2 years experience required. Bachelor's required. Must thrive in a cross-functional collaboration.",2,4,Bachelor's required,2,Tableau|AWS|Statistics|Machine Learning,4,Bachelor's required,1
Data Analyst,enterprise,2022-11-15,2022,2022Q4,"Data Analyst - join our team! Ideal candidate has 2 years of relevant experience and is proficient in Excel, Machine Learning, AWS, SAP, SQL. Bachelor's preferred. We're looking for someone who can self-starter.",2,5,Bachelor's preferred,2,SQL|Excel|AWS|Machine Learning|SAP,5,Bachelor's preferred,1
Data Analyst,mid-size,2022-11-15,2022,2022Q4,"Data Analyst - join our team! Ideal candidate has 4 years of relevant experience and is proficient in Spark, Excel, SAP. Master's preferred. We're looking for someone who can self-starter, stakeholder management, high-growth.",4,3,Master's preferred,4,Excel|Spark|SAP,3,Master's preferred,3
Data Analyst,enterprise,2022-11-15,2022,2022Q4,"Data Analyst - join our team! Ideal candidate has 4 years of relevant experience and is proficient in Spark, Azure, Power BI, Tableau, Git. Bachelor's preferred. We're looking for someone who can self-starter.",4,5,Bachelor's preferred,4,Tableau|Power BI|Azure|Spark|Git,5,Bachelor's preferred,1
Data Analyst,mid-size,2022-11-15,2022,2022Q4,"We are looking for a Data Analyst with 1+ years of experience. Required skills: SQL, A/B Testing, Machine Learning, Airflow, Statistics. Bachelor's preferred. cross-functional collaboration",1,5,Bachelor's preferred,1,SQL|Airflow|Statistics|A/B Testing|Machine Learning,5,Bachelor's preferred,1
Data Analyst,enterprise,2022-11-15,2022,2022Q4,"As a Data Analyst, you will work with AWS, Tableau, Azure. Minimum 2 years experience required. None mentioned. Must thrive in a self-starter.",2,3,None mentioned,2,Tableau|AWS|Azure,3,None mentioned,1
Data Analyst,enterprise,2022-11-15,2022,2022Q4,"Data Analyst - join our team! Ideal candidate has 3 years of relevant experience and is proficient in AWS, Airflow, SQL, Machine Learning, dbt, Statistics, Azure, Tableau. Master's required. We're looking for someone who can cross-functional collaboration.",3,8,Master's required,3,SQL|Tableau|AWS|Azure|dbt|Airflow|Statistics|Machine Learning,8,Master's required,1
Data Analyst,mid-size,2022-11-15,2022,2022Q4,"Data Analyst - join our team! Ideal candidate has 5 years of relevant experience and is proficient in Excel, Snowflake, Python, Git. None mentioned. We're looking for someone who can self-starter.",5,4,None mentioned,5,Python|Excel|Snowflake|Git,4,None mentioned,1
Data Analyst,startup,2022-11-15,2022,2022Q4,"As a Data Analyst, you will work with Airflow, A/B Testing, Snowflake, AWS. Minimum 3 years experience required. Master's required. Must thrive in a cross-functional collaboration.",3,4,Master's required,3,AWS|Snowflake|Airflow|A/B Testing,4,Master's required,1
Data Analyst,enterprise,2023-02-15,2023,2023Q1,"Data Analyst - join our team! Ideal candidate has 4 years of relevant experience and is proficient in A/B Testing, Salesforce. None mentioned. We're looking for someone who can stakeholder management.",4,2,None mentioned,4,A/B Testing|Salesforce,2,None mentioned,1
Data Analyst,startup,2023-02-15,2023,2023Q1,"We are looking for a Data Analyst with 6+ years of experience. Required skills: Snowflake, Spark, Python, Looker, Git. Master's preferred. ambiguity",6,5,Master's preferred,6,Python|Looker|Snowflake|Spark|Git,5,Master's preferred,1
Data Analyst,startup,2023-02-15,2023,2023Q1,We are looking for a Data Analyst with 2+ years of experience. Required skills: Excel. Bachelor's required. wear many hats,2,1,Bachelor's required,2,Excel,1,Bachelor's required,1
Data Analyst,enterprise,2023-02-15,2023,2023Q1,"As a Data Analyst, you will work with Looker, R, Tableau, Excel. Minimum 3 years experience required. Bachelor's preferred. Must thrive in a scrappy, wear many hats, stakeholder management.",3,4,Bachelor's preferred,3,Excel|Tableau|R|Looker,4,Bachelor's preferred,3
Data Analyst,mid-size,2023-02-15,2023,2023Q1,"Data Analyst - join our team! Ideal candidate has 2 years of relevant experience and is proficient in Python, AWS, Machine Learning, Snowflake, Power BI, A/B Testing, GCP. None mentioned. We're looking for someone who can ambiguity.",2,7,None mentioned,2,Python|Power BI|AWS|GCP|Snowflake|A/B Testing|Machine Learning,7,None mentioned,1
Data Analyst,startup,2023-02-15,2023,2023Q1,"We are looking for a Data Analyst with 3+ years of experience. Required skills: Spark, A/B Testing, Git, Airflow. None mentioned. cross-functional collaboration",3,4,None mentioned,3,Airflow|Spark|Git|A/B Testing,4,None mentioned,1
Data Analyst,enterprise,2023-02-15,2023,2023Q1,"As a Data Analyst, you will work with Looker, Spark, Tableau, Snowflake. Minimum 4 years experience required. None mentioned. Must thrive in a cross-functional collaboration.",4,4,None mentioned,4,Tableau|Looker|Snowflake|Spark,4,None mentioned,1
Data Analyst,startup,2023-02-15,2023,2023Q1,"We are looking for a Data Analyst with 4+ years of experience. Required skills: Power BI, Git, Spark, A/B Testing. Bachelor's required. wear many hats",4,4,Bachelor's required,4,Power BI|Spark|Git|A/B Testing,4,Bachelor's required,1
Data Analyst,mid-size,2023-02-15,2023,2023Q1,"Data Analyst - join our team! Ideal candidate has 3 years of relevant experience and is proficient in AWS, dbt, Salesforce, Looker. Master's preferred. We're looking for someone who can high-growth, cross-functional collaboration.",3,4,Master's preferred,3,AWS|Looker|dbt|Salesforce,4,Master's preferred,2
Data Analyst,enterprise,2023-02-15,2023,2023Q1,"Data Analyst - join our team! Ideal candidate has 4 years of relevant experience and is proficient in Statistics, dbt, SQL. None mentioned. We're looking for someone who can cross-functional collaboration.",4,3,None mentioned,4,SQL|dbt|Statistics,3,None mentioned,1
Data Analyst,startup,2023-02-15,2023,2023Q1,"As a Data Analyst, you will work with SAP, Power BI, A/B Testing, R. Minimum 1 years experience required. Bachelor's preferred. Must thrive in a ownership mindset.",1,4,Bachelor's preferred,1,Power BI|R|A/B Testing|SAP,4,Bachelor's preferred,1
Data Analyst,startup,2023-02-15,2023,2023Q1,"As a Data Analyst, you will work with SAP, Azure, A/B Testing, Excel. Minimum 1 years experience required. Bachelor's required. Must thrive in a ambiguity, self-starter.",1,4,Bachelor's required,1,Excel|Azure|A/B Testing|SAP,4,Bachelor's required,2
Data Analyst,mid-size,2023-02-15,2023,2023Q1,"We are looking for a Data Analyst with 2+ years of experience. Required skills: Azure, A/B Testing, GCP, Tableau, SQL. Bachelor's preferred. fast-paced environment, ambiguity, ownership mindset",2,5,Bachelor's preferred,2,SQL|Tableau|Azure|GCP|A/B Testing,5,Bachelor's preferred,3
Data Analyst,mid-size,2023-02-15,2023,2023Q1,"Data Analyst - join our team! Ideal candidate has 2 years of relevant experience and is proficient in Snowflake, Salesforce, Python, Azure. Bachelor's preferred. We're looking for someone who can scrappy.",2,4,Bachelor's preferred,2,Python|Azure|Snowflake|Salesforce,4,Bachelor's preferred,1
Data Analyst,startup,2023-02-15,2023,2023Q1,"Data Analyst - join our team! Ideal candidate has 1 years of relevant experience and is proficient in Statistics, Git, Excel, Python, R, Airflow. Master's required. We're looking for someone who can wear many hats.",1,6,Master's required,1,Python|Excel|R|Airflow|Git|Statistics,6,Master's required,1
Data Analyst,startup,2023-02-15,2023,2023Q1,"As a Data Analyst, you will work with Spark, SQL, GCP, Snowflake. Minimum 3 years experience required. Bachelor's preferred. Must thrive in a ambiguity.",3,4,Bachelor's preferred,3,SQL|GCP|Snowflake|Spark,4,Bachelor's preferred,1
Data Analyst,startup,2023-02-15,2023,2023Q1,"We are looking for a Data Analyst with 4+ years of experience. Required skills: Python, Looker, Statistics, Spark. Master's required. ambiguity, scrappy, self-starter",4,4,Master's required,4,Python|Looker|Spark|Statistics,4,Master's required,3
Data Analyst,enterprise,2023-02-15,2023,2023Q1,"As a Data Analyst, you will work with Spark, Git, Statistics. Minimum 2 years experience required. None mentioned. Must thrive in a ambiguity.",2,3,None mentioned,2,Spark|Git|Statistics,3,None mentioned,1
Data Analyst,enterprise,2023-02-15,2023,2023Q1,"As a Data Analyst, you will work with Machine Learning, R, dbt, Python, Spark, GCP. Minimum 3 years experience required. Bachelor's preferred. Must thrive in a ambiguity.",3,6,Bachelor's preferred,3,Python|R|GCP|dbt|Spark|Machine Learning,6,Bachelor's preferred,1
Data Analyst,mid-size,2023-02-15,2023,2023Q1,"We are looking for a Data Analyst with 4+ years of experience. Required skills: A/B Testing, AWS, Looker, Excel, Machine Learning, SQL. Master's preferred. high-growth",4,6,Master's preferred,4,SQL|Excel|AWS|Looker|A/B Testing|Machine Learning,6,Master's preferred,1
Data Analyst,startup,2023-02-15,2023,2023Q1,"Data Analyst - join our team! Ideal candidate has 4 years of relevant experience and is proficient in AWS, Tableau, Statistics, Snowflake, R, Airflow, SQL. None mentioned. We're looking for someone who can high-growth.",4,7,None mentioned,4,SQL|Tableau|R|AWS|Snowflake|Airflow|Statistics,7,None mentioned,1
Data Analyst,enterprise,2023-02-15,2023,2023Q1,"As a Data Analyst, you will work with Python, Spark, Snowflake, Tableau, Azure, AWS. Minimum 4 years experience required. Bachelor's preferred. Must thrive in a scrappy.",4,6,Bachelor's preferred,4,Python|Tableau|AWS|Azure|Snowflake|Spark,6,Bachelor's preferred,1
Data Analyst,startup,2023-02-15,2023,2023Q1,"As a Data Analyst, you will work with Azure, Excel, dbt. Minimum 2 years experience required. None mentioned. Must thrive in a stakeholder management.",2,3,None mentioned,2,Excel|Azure|dbt,3,None mentioned,1
Data Analyst,startup,2023-02-15,2023,2023Q1,"As a Data Analyst, you will work with Looker, A/B Testing, Git, Tableau. Minimum 3 years experience required. Bachelor's preferred. Must thrive in a high-growth.",3,4,Bachelor's preferred,3,Tableau|Looker|Git|A/B Testing,4,Bachelor's preferred,1
Data Analyst,mid-size,2023-02-15,2023,2023Q1,"As a Data Analyst, you will work with Airflow, Snowflake, R, Azure. Minimum 2 years experience required. None mentioned. Must thrive in a self-starter.",2,4,None mentioned,2,R|Azure|Snowflake|Airflow,4,None mentioned,1
Data Analyst,mid-size,2023-02-15,2023,2023Q1,"Data Analyst - join our team! Ideal candidate has 2 years of relevant experience and is proficient in Spark, Salesforce, Azure, AWS, SQL, GCP, Statistics, A/B Testing, Excel. Master's required. We're looking for someone who can self-starter.",2,9,Master's required,2,SQL|Excel|AWS|Azure|GCP|Spark|Statistics|A/B Testing|Salesforce,9,Master's required,1
Data Analyst,mid-size,2023-02-15,2023,2023Q1,"We are looking for a Data Analyst with 4+ years of experience. Required skills: Tableau, A/B Testing, AWS, Excel, Spark, Salesforce. None mentioned. fast-paced environment, ambiguity, scrappy",4,6,None mentioned,4,Excel|Tableau|AWS|Spark|A/B Testing|Salesforce,6,None mentioned,3
Data Analyst,enterprise,2023-02-15,2023,2023Q1,"As a Data Analyst, you will work with Python, Looker, AWS, SQL, Power BI, SAP, Git. Minimum 3 years experience required. Bachelor's required. Must thrive in a cross-functional collaboration.",3,7,Bachelor's required,3,SQL|Python|Power BI|AWS|Looker|Git|SAP,7,Bachelor's required,1
Data Analyst,startup,2023-02-15,2023,2023Q1,"We are looking for a Data Analyst with 2+ years of experience. Required skills: Python, SAP, R, Looker. Bachelor's preferred. fast-paced environment, high-growth, self-starter",2,4,Bachelor's preferred,2,Python|R|Looker|SAP,4,Bachelor's preferred,3
Data Analyst,enterprise,2023-02-15,2023,2023Q1,"As a Data Analyst, you will work with Excel, Python, R, Snowflake, Machine Learning. Minimum 2 years experience required. Bachelor's preferred. Must thrive in a high-growth, ambiguity.",2,5,Bachelor's preferred,2,Python|Excel|R|Snowflake|Machine Learning,5,Bachelor's preferred,2
Data Analyst,mid-size,2023-02-15,2023,2023Q1,"Data Analyst - join our team! Ideal candidate has 1 years of relevant experience and is proficient in Statistics, Snowflake, SAP, Excel. Bachelor's required. We're looking for someone who can stakeholder management, ownership mindset.",1,4,Bachelor's required,1,Excel|Snowflake|Statistics|SAP,4,Bachelor's required,2
Data Analyst,mid-size,2023-02-15,2023,2023Q1,"Data Analyst - join our team! Ideal candidate has 3 years of relevant experience and is proficient in SQL, AWS, Salesforce, Statistics. Bachelor's preferred. We're looking for someone who can ownership mindset.",3,4,Bachelor's preferred,3,SQL|AWS|Statistics|Salesforce,4,Bachelor's preferred,1
Data Analyst,mid-size,2023-02-15,2023,2023Q1,"We are looking for a Data Analyst with 3+ years of experience. Required skills: dbt, R. Master's preferred. fast-paced environment",3,2,Master's preferred,3,R|dbt,2,Master's preferred,1
Data Analyst,enterprise,2023-02-15,2023,2023Q1,"We are looking for a Data Analyst with 5+ years of experience. Required skills: Excel, Spark, Statistics, R, Airflow, dbt, Looker, SQL. None mentioned. wear many hats",5,8,None mentioned,5,SQL|Excel|R|Looker|dbt|Airflow|Spark|Statistics,8,None mentioned,1
Data Analyst,mid-size,2023-02-15,2023,2023Q1,"Data Analyst - join our team! Ideal candidate has 4 years of relevant experience and is proficient in Salesforce, AWS, Git, SAP, GCP. None mentioned. We're looking for someone who can ownership mindset.",4,5,None mentioned,4,AWS|GCP|Git|Salesforce|SAP,5,None mentioned,1
Data Analyst,startup,2023-02-15,2023,2023Q1,"Data Analyst - join our team! Ideal candidate has 2 years of relevant experience and is proficient in SAP, Snowflake, Spark, AWS. None mentioned. We're looking for someone who can fast-paced environment.",2,4,None mentioned,2,AWS|Snowflake|Spark|SAP,4,None mentioned,1
Data Analyst,mid-size,2023-02-15,2023,2023Q1,"As a Data Analyst, you will work with Git, Python, Snowflake, SQL, A/B Testing, Excel, AWS. Minimum 3 years experience required. None mentioned. Must thrive in a stakeholder management.",3,7,None mentioned,3,SQL|Python|Excel|AWS|Snowflake|Git|A/B Testing,7,None mentioned,1
Data Analyst,startup,2023-02-15,2023,2023Q1,"As a Data Analyst, you will work with R, Power BI, Salesforce, SAP, Statistics. Minimum 4 years experience required. Bachelor's preferred. Must thrive in a cross-functional collaboration.",4,5,Bachelor's preferred,4,Power BI|R|Statistics|Salesforce|SAP,5,Bachelor's preferred,1
Data Analyst,mid-size,2023-02-15,2023,2023Q1,"We are looking for a Data Analyst with 3+ years of experience. Required skills: Python, R, dbt, SAP. Bachelor's preferred. wear many hats",3,4,Bachelor's preferred,3,Python|R|dbt|SAP,4,Bachelor's preferred,1
Data Analyst,mid-size,2023-02-15,2023,2023Q1,"We are looking for a Data Analyst with 5+ years of experience. Required skills: SAP, Azure, Spark, Python. Master's required. fast-paced environment",5,4,Master's required,5,Python|Azure|Spark|SAP,4,Master's required,1
Data Analyst,startup,2023-02-15,2023,2023Q1,"Data Analyst - join our team! Ideal candidate has 4 years of relevant experience and is proficient in dbt, AWS, Excel, Machine Learning, Snowflake. None mentioned. We're looking for someone who can ambiguity.",4,5,None mentioned,4,Excel|AWS|Snowflake|dbt|Machine Learning,5,None mentioned,1
Data Analyst,startup,2023-02-15,2023,2023Q1,"As a Data Analyst, you will work with Azure, Machine Learning, A/B Testing, Python. Minimum 3 years experience required. None mentioned. Must thrive in a stakeholder management, self-starter, scrappy.",3,4,None mentioned,3,Python|Azure|A/B Testing|Machine Learning,4,None mentioned,3
Data Analyst,startup,2023-02-15,2023,2023Q1,"Data Analyst - join our team! Ideal candidate has 3 years of relevant experience and is proficient in GCP, AWS, Airflow, Excel, A/B Testing. None mentioned. We're looking for someone who can ownership mindset.",3,5,None mentioned,3,Excel|AWS|GCP|Airflow|A/B Testing,5,None mentioned,1
Data Analyst,startup,2023-02-15,2023,2023Q1,"We are looking for a Data Analyst with 4+ years of experience. Required skills: Tableau, A/B Testing, Machine Learning. None mentioned. wear many hats",4,3,None mentioned,4,Tableau|A/B Testing|Machine Learning,3,None mentioned,1
Data Analyst,mid-size,2023-02-15,2023,2023Q1,"Data Analyst - join our team! Ideal candidate has 3 years of relevant experience and is proficient in SAP, Spark, Power BI, Looker, GCP. None mentioned. We're looking for someone who can stakeholder management.",3,5,None mentioned,3,Power BI|GCP|Looker|Spark|SAP,5,None mentioned,1
Data Analyst,startup,2023-02-15,2023,2023Q1,"We are looking for a Data Analyst with 5+ years of experience. Required skills: Git, SAP, Salesforce, Machine Learning, Excel. Bachelor's preferred. high-growth",5,5,Bachelor's preferred,5,Excel|Git|Machine Learning|Salesforce|SAP,5,Bachelor's preferred,1
Data Analyst,mid-size,2023-02-15,2023,2023Q1,"We are looking for a Data Analyst with 3+ years of experience. Required skills: A/B Testing, Salesforce, GCP, Airflow. Bachelor's preferred. wear many hats, ownership mindset",3,4,Bachelor's preferred,3,GCP|Airflow|A/B Testing|Salesforce,4,Bachelor's preferred,2
Data Analyst,mid-size,2023-02-15,2023,2023Q1,"Data Analyst - join our team! Ideal candidate has 2 years of relevant experience and is proficient in Airflow, Machine Learning, Azure, A/B Testing, Looker. Bachelor's preferred. We're looking for someone who can high-growth, stakeholder management.",2,5,Bachelor's preferred,2,Azure|Looker|Airflow|A/B Testing|Machine Learning,5,Bachelor's preferred,2
Data Analyst,startup,2023-02-15,2023,2023Q1,"As a Data Analyst, you will work with dbt, AWS, Spark. Minimum 3 years experience required. Master's required. Must thrive in a wear many hats.",3,3,Master's required,3,AWS|dbt|Spark,3,Master's required,1
Data Analyst,enterprise,2023-02-15,2023,2023Q1,"We are looking for a Data Analyst with 2+ years of experience. Required skills: Snowflake, Azure, Tableau, AWS, A/B Testing, Power BI, Python. Bachelor's preferred. fast-paced environment",2,7,Bachelor's preferred,2,Python|Tableau|Power BI|AWS|Azure|Snowflake|A/B Testing,7,Bachelor's preferred,1
Data Analyst,mid-size,2023-02-15,2023,2023Q1,"We are looking for a Data Analyst with 4+ years of experience. Required skills: Git, AWS, GCP, SAP, A/B Testing, Airflow, Salesforce. Master's required. scrappy, stakeholder management, ambiguity",4,7,Master's required,4,AWS|GCP|Airflow|Git|A/B Testing|Salesforce|SAP,7,Master's required,3
Data Analyst,enterprise,2023-02-15,2023,2023Q1,"As a Data Analyst, you will work with R, Azure, dbt, Salesforce, Git. Minimum 6 years experience required. None mentioned. Must thrive in a fast-paced environment.",6,5,None mentioned,6,R|Azure|dbt|Git|Salesforce,5,None mentioned,1
Data Analyst,mid-size,2023-02-15,2023,2023Q1,"Data Analyst - join our team! Ideal candidate has 3 years of relevant experience and is proficient in Looker, R. Master's preferred. We're looking for someone who can high-growth.",3,2,Master's preferred,3,R|Looker,2,Master's preferred,1
Data Analyst,mid-size,2023-02-15,2023,2023Q1,"Data Analyst - join our team! Ideal candidate has 3 years of relevant experience and is proficient in SQL, Looker, Azure, Tableau, Salesforce, AWS. Bachelor's preferred. We're looking for someone who can self-starter, high-growth.",3,6,Bachelor's preferred,3,SQL|Tableau|AWS|Azure|Looker|Salesforce,6,Bachelor's preferred,2
Data Analyst,startup,2023-02-15,2023,2023Q1,"As a Data Analyst, you will work with Machine Learning, Excel. Minimum 2 years experience required. Bachelor's preferred. Must thrive in a wear many hats, ownership mindset.",2,2,Bachelor's preferred,2,Excel|Machine Learning,2,Bachelor's preferred,2
Data Analyst,mid-size,2023-02-15,2023,2023Q1,"Data Analyst - join our team! Ideal candidate has 4 years of relevant experience and is proficient in SQL, Airflow, Spark, Statistics. None mentioned. We're looking for someone who can ambiguity.",4,4,None mentioned,4,SQL|Airflow|Spark|Statistics,4,None mentioned,1
Data Analyst,enterprise,2023-02-15,2023,2023Q1,"Data Analyst - join our team! Ideal candidate has 2 years of relevant experience and is proficient in Excel, R, AWS, Azure, Tableau, A/B Testing. None mentioned. We're looking for someone who can fast-paced environment.",2,6,None mentioned,2,Excel|Tableau|R|AWS|Azure|A/B Testing,6,None mentioned,1
Data Analyst,mid-size,2023-02-15,2023,2023Q1,"As a Data Analyst, you will work with A/B Testing, Git, Python, Statistics. Minimum 4 years experience required. Bachelor's preferred. Must thrive in a scrappy.",4,4,Bachelor's preferred,4,Python|Git|Statistics|A/B Testing,4,Bachelor's preferred,1
Data Analyst,startup,2023-02-15,2023,2023Q1,"Data Analyst - join our team! Ideal candidate has 4 years of relevant experience and is proficient in AWS, dbt, Looker. Master's required. We're looking for someone who can stakeholder management.",4,3,Master's required,4,AWS|Looker|dbt,3,Master's required,1
Data Analyst,enterprise,2023-02-15,2023,2023Q1,"As a Data Analyst, you will work with Salesforce, Power BI, Airflow, R. Minimum 4 years experience required. None mentioned. Must thrive in a self-starter.",4,4,None mentioned,4,Power BI|R|Airflow|Salesforce,4,None mentioned,1
Data Analyst,mid-size,2023-02-15,2023,2023Q1,"We are looking for a Data Analyst with 2+ years of experience. Required skills: SAP, dbt, Airflow, R, Spark. None mentioned. self-starter",2,5,None mentioned,2,R|dbt|Airflow|Spark|SAP,5,None mentioned,1
Data Analyst,startup,2023-02-15,2023,2023Q1,"Data Analyst - join our team! Ideal candidate has 7 years of relevant experience and is proficient in Airflow, Snowflake, R, AWS. Bachelor's required. We're looking for someone who can ownership mindset.",7,4,Bachelor's required,7,R|AWS|Snowflake|Airflow,4,Bachelor's required,1
Data Analyst,enterprise,2023-02-15,2023,2023Q1,"We are looking for a Data Analyst with 5+ years of experience. Required skills: Airflow, Statistics. None mentioned. cross-functional collaboration, self-starter, scrappy",5,2,None mentioned,5,Airflow|Statistics,2,None mentioned,3
Data Analyst,startup,2023-02-15,2023,2023Q1,Data Analyst - join our team! Ideal candidate has 3 years of relevant experience and is proficient in Tableau. Bachelor's required. We're looking for someone who can stakeholder management.,3,1,Bachelor's required,3,Tableau,1,Bachelor's required,1
Data Analyst,enterprise,2023-02-15,2023,2023Q1,"Data Analyst - join our team! Ideal candidate has 4 years of relevant experience and is proficient in SQL, Azure, Tableau, R, GCP, dbt, Statistics. Master's required. We're looking for someone who can self-starter.",4,7,Master's required,4,SQL|Tableau|R|Azure|GCP|dbt|Statistics,7,Master's required,1
Data Analyst,startup,2023-02-15,2023,2023Q1,"We are looking for a Data Analyst with 2+ years of experience. Required skills: Power BI, dbt, GCP, AWS, Tableau. Bachelor's required. stakeholder management, ownership mindset, self-starter",2,5,Bachelor's required,2,Tableau|Power BI|AWS|GCP|dbt,5,Bachelor's required,3
Data Analyst,startup,2023-02-15,2023,2023Q1,"As a Data Analyst, you will work with Spark, Tableau, Salesforce, Python, Snowflake, Airflow. Minimum 4 years experience required. Bachelor's required. Must thrive in a fast-paced environment, wear many hats, ambiguity.",4,6,Bachelor's required,4,Python|Tableau|Snowflake|Airflow|Spark|Salesforce,6,Bachelor's required,3
Data Analyst,mid-size,2023-02-15,2023,2023Q1,"Data Analyst - join our team! Ideal candidate has 4 years of relevant experience and is proficient in Looker, Tableau, AWS, Snowflake, Excel, Power BI. None mentioned. We're looking for someone who can wear many hats, ambiguity.",4,6,None mentioned,4,Excel|Tableau|Power BI|AWS|Looker|Snowflake,6,None mentioned,2
Data Analyst,enterprise,2023-02-15,2023,2023Q1,"We are looking for a Data Analyst with 2+ years of experience. Required skills: Looker, Python, Azure, Git, Salesforce, Snowflake, AWS. Bachelor's preferred. wear many hats, self-starter, ambiguity",2,7,Bachelor's preferred,2,Python|AWS|Azure|Looker|Snowflake|Git|Salesforce,7,Bachelor's preferred,3
Data Analyst,startup,2023-02-15,2023,2023Q1,"As a Data Analyst, you will work with Tableau, A/B Testing, Azure. Minimum 3 years experience required. Master's required. Must thrive in a ambiguity.",3,3,Master's required,3,Tableau|Azure|A/B Testing,3,Master's required,1
Data Analyst,enterprise,2023-02-15,2023,2023Q1,"Data Analyst - join our team! Ideal candidate has 4 years of relevant experience and is proficient in SQL, Excel, Power BI, Azure. Bachelor's preferred. We're looking for someone who can fast-paced environment.",4,4,Bachelor's preferred,4,SQL|Excel|Power BI|Azure,4,Bachelor's preferred,1
Data Analyst,mid-size,2023-02-15,2023,2023Q1,"We are looking for a Data Analyst with 3+ years of experience. Required skills: Snowflake, Looker, dbt. None mentioned. ownership mindset",3,3,None mentioned,3,Looker|Snowflake|dbt,3,None mentioned,1
Data Analyst,enterprise,2023-02-15,2023,2023Q1,"We are looking for a Data Analyst with 2+ years of experience. Required skills: AWS, Airflow, R, Power BI. Bachelor's preferred. wear many hats",2,4,Bachelor's preferred,2,Power BI|R|AWS|Airflow,4,Bachelor's preferred,1
Data Analyst,enterprise,2023-02-15,2023,2023Q1,"We are looking for a Data Analyst with 3+ years of experience. Required skills: SQL, dbt, Git, A/B Testing. Bachelor's preferred. ownership mindset",3,4,Bachelor's preferred,3,SQL|dbt|Git|A/B Testing,4,Bachelor's preferred,1
Data Analyst,mid-size,2023-02-15,2023,2023Q1,"We are looking for a Data Analyst with 2+ years of experience. Required skills: Looker, Snowflake, Machine Learning, Salesforce. None mentioned. wear many hats",2,4,None mentioned,2,Looker|Snowflake|Machine Learning|Salesforce,4,None mentioned,1
Data Analyst,mid-size,2023-02-15,2023,2023Q1,"As a Data Analyst, you will work with SQL, Salesforce, Python, A/B Testing, Machine Learning. Minimum 5 years experience required. None mentioned. Must thrive in a self-starter.",5,5,None mentioned,5,SQL|Python|A/B Testing|Machine Learning|Salesforce,5,None mentioned,1
Data Analyst,enterprise,2023-02-15,2023,2023Q1,"Data Analyst - join our team! Ideal candidate has 1 years of relevant experience and is proficient in Excel, Azure, GCP, Machine Learning, Git, A/B Testing. Bachelor's preferred. We're looking for someone who can cross-functional collaboration.",1,6,Bachelor's preferred,1,Excel|Azure|GCP|Git|A/B Testing|Machine Learning,6,Bachelor's preferred,1
Data Analyst,enterprise,2023-02-15,2023,2023Q1,"We are looking for a Data Analyst with 3+ years of experience. Required skills: dbt, Statistics, A/B Testing. Bachelor's preferred. ownership mindset",3,3,Bachelor's preferred,3,dbt|Statistics|A/B Testing,3,Bachelor's preferred,1
Data Analyst,enterprise,2023-02-15,2023,2023Q1,"Data Analyst - join our team! Ideal candidate has 2 years of relevant experience and is proficient in SAP, AWS, Machine Learning, SQL. None mentioned. We're looking for someone who can scrappy.",2,4,None mentioned,2,SQL|AWS|Machine Learning|SAP,4,None mentioned,1
Data Analyst,startup,2023-02-15,2023,2023Q1,"As a Data Analyst, you will work with SAP, Python, Salesforce, Airflow, Statistics, Excel. Minimum 5 years experience required. None mentioned. Must thrive in a fast-paced environment.",5,6,None mentioned,5,Python|Excel|Airflow|Statistics|Salesforce|SAP,6,None mentioned,1
Data Analyst,enterprise,2023-02-15,2023,2023Q1,"We are looking for a Data Analyst with 4+ years of experience. Required skills: SAP, Statistics, Power BI, Salesforce, Tableau. Master's preferred. cross-functional collaboration",4,5,Master's preferred,4,Tableau|Power BI|Statistics|Salesforce|SAP,5,Master's preferred,1
Data Analyst,startup,2023-02-15,2023,2023Q1,"We are looking for a Data Analyst with 3+ years of experience. Required skills: Snowflake, Tableau, Excel, Python. Master's required. wear many hats",3,4,Master's required,3,Python|Excel|Tableau|Snowflake,4,Master's required,1
Data Analyst,mid-size,2023-02-15,2023,2023Q1,"We are looking for a Data Analyst with 4+ years of experience. Required skills: GCP, Statistics, Airflow, Snowflake, SAP, SQL, dbt. None mentioned. fast-paced environment",4,7,None mentioned,4,SQL|GCP|Snowflake|dbt|Airflow|Statistics|SAP,7,None mentioned,1
Data Analyst,mid-size,2023-02-15,2023,2023Q1,"As a Data Analyst, you will work with R, dbt, Git, GCP, Looker. Minimum 4 years experience required. Bachelor's preferred. Must thrive in a ownership mindset.",4,5,Bachelor's preferred,4,R|GCP|Looker|dbt|Git,5,Bachelor's preferred,1
Data Analyst,startup,2023-02-15,2023,2023Q1,"As a Data Analyst, you will work with Python. Minimum 6 years experience required. Bachelor's preferred. Must thrive in a ownership mindset.",6,1,Bachelor's preferred,6,Python,1,Bachelor's preferred,1
Data Analyst,startup,2023-02-15,2023,2023Q1,"Data Analyst - join our team! Ideal candidate has 3 years of relevant experience and is proficient in Looker, Tableau, GCP, SQL, Spark, Git. Master's required. We're looking for someone who can ownership mindset, ambiguity, cross-functional collaboration.",3,6,Master's required,3,SQL|Tableau|GCP|Looker|Spark|Git,6,Master's required,3
Data Analyst,startup,2023-02-15,2023,2023Q1,"Data Analyst - join our team! Ideal candidate has 4 years of relevant experience and is proficient in Tableau, A/B Testing, SQL, Python, AWS. None mentioned. We're looking for someone who can self-starter, fast-paced environment, stakeholder management.",4,5,None mentioned,4,SQL|Python|Tableau|AWS|A/B Testing,5,None mentioned,3
Data Analyst,enterprise,2023-02-15,2023,2023Q1,"Data Analyst - join our team! Ideal candidate has 5 years of relevant experience and is proficient in A/B Testing, Airflow, R, Looker. None mentioned. We're looking for someone who can ownership mindset.",5,4,None mentioned,5,R|Looker|Airflow|A/B Testing,4,None mentioned,1
Data Analyst,enterprise,2023-02-15,2023,2023Q1,"We are looking for a Data Analyst with 3+ years of experience. Required skills: AWS, Power BI, R, Salesforce, dbt. Master's preferred. wear many hats",3,5,Master's preferred,3,Power BI|R|AWS|dbt|Salesforce,5,Master's preferred,1
Data Analyst,enterprise,2023-02-15,2023,2023Q1,"As a Data Analyst, you will work with Snowflake, Python, R, Statistics. Minimum 4 years experience required. Bachelor's preferred. Must thrive in a stakeholder management, high-growth.",4,4,Bachelor's preferred,4,Python|R|Snowflake|Statistics,4,Bachelor's preferred,2
Data Analyst,enterprise,2023-02-15,2023,2023Q1,"Data Analyst - join our team! Ideal candidate has 1 years of relevant experience and is proficient in dbt, AWS, Tableau. Bachelor's preferred. We're looking for someone who can ownership mindset.",1,3,Bachelor's preferred,1,Tableau|AWS|dbt,3,Bachelor's preferred,1
Data Analyst,mid-size,2023-02-15,2023,2023Q1,"As a Data Analyst, you will work with A/B Testing, Power BI, Spark, Azure, Salesforce. Minimum 5 years experience required. Master's required. Must thrive in a ownership mindset.",5,5,Master's required,5,Power BI|Azure|Spark|A/B Testing|Salesforce,5,Master's required,1
Data Analyst,startup,2023-02-15,2023,2023Q1,"Data Analyst - join our team! Ideal candidate has 3 years of relevant experience and is proficient in dbt, A/B Testing, SQL. None mentioned. We're looking for someone who can ownership mindset.",3,3,None mentioned,3,SQL|dbt|A/B Testing,3,None mentioned,1
Data Analyst,enterprise,2023-02-15,2023,2023Q1,"Data Analyst - join our team! Ideal candidate has 2 years of relevant experience and is proficient in Excel, Machine Learning, Looker, SQL, Tableau, Snowflake. Bachelor's preferred. We're looking for someone who can scrappy.",2,6,Bachelor's preferred,2,SQL|Excel|Tableau|Looker|Snowflake|Machine Learning,6,Bachelor's preferred,1
Data Analyst,enterprise,2023-02-15,2023,2023Q1,"We are looking for a Data Analyst with 4+ years of experience. Required skills: Machine Learning, Excel, Looker, Power BI, GCP. None mentioned. ambiguity",4,5,None mentioned,4,Excel|Power BI|GCP|Looker|Machine Learning,5,None mentioned,1
Data Analyst,enterprise,2023-02-15,2023,2023Q1,"As a Data Analyst, you will work with Tableau, Salesforce. Minimum 5 years experience required. None mentioned. Must thrive in a wear many hats.",5,2,None mentioned,5,Tableau|Salesforce,2,None mentioned,1
Data Analyst,enterprise,2023-02-15,2023,2023Q1,"Data Analyst - join our team! Ideal candidate has 2 years of relevant experience and is proficient in SQL, Salesforce, Snowflake, Looker, Spark. None mentioned. We're looking for someone who can cross-functional collaboration, scrappy, self-starter.",2,5,None mentioned,2,SQL|Looker|Snowflake|Spark|Salesforce,5,None mentioned,3
Data Analyst,startup,2023-02-15,2023,2023Q1,"We are looking for a Data Analyst with 1+ years of experience. Required skills: Looker, Python, Power BI, AWS, Git, GCP, Machine Learning. Bachelor's required. self-starter",1,7,Bachelor's required,1,Python|Power BI|AWS|GCP|Looker|Git|Machine Learning,7,Bachelor's required,1
Data Analyst,mid-size,2023-02-15,2023,2023Q1,"Data Analyst - join our team! Ideal candidate has 5 years of relevant experience and is proficient in Spark, Snowflake, dbt, Excel. None mentioned. We're looking for someone who can stakeholder management.",5,4,None mentioned,5,Excel|Snowflake|dbt|Spark,4,None mentioned,1
Data Analyst,startup,2023-02-15,2023,2023Q1,"We are looking for a Data Analyst with 4+ years of experience. Required skills: Machine Learning, dbt, GCP, Excel, R, Tableau. None mentioned. high-growth",4,6,None mentioned,4,Excel|Tableau|R|GCP|dbt|Machine Learning,6,None mentioned,1
Data Analyst,enterprise,2023-02-15,2023,2023Q1,"Data Analyst - join our team! Ideal candidate has 5 years of relevant experience and is proficient in Salesforce, Azure, SQL, Python, Airflow, Git, Machine Learning, dbt. Bachelor's required. We're looking for someone who can scrappy.",5,8,Bachelor's required,5,SQL|Python|Azure|dbt|Airflow|Git|Machine Learning|Salesforce,8,Bachelor's required,1
Data Analyst,enterprise,2023-02-15,2023,2023Q1,"We are looking for a Data Analyst with 4+ years of experience. Required skills: SAP, Excel, Git, Azure, SQL. None mentioned. high-growth",4,5,None mentioned,4,SQL|Excel|Azure|Git|SAP,5,None mentioned,1
Data Analyst,enterprise,2023-02-15,2023,2023Q1,"Data Analyst - join our team! Ideal candidate has 5 years of relevant experience and is proficient in Salesforce, A/B Testing, Looker, SAP, Machine Learning, Spark. None mentioned. We're looking for someone who can stakeholder management.",5,6,None mentioned,5,Looker|Spark|A/B Testing|Machine Learning|Salesforce|SAP,6,None mentioned,1
Data Analyst,mid-size,2023-02-15,2023,2023Q1,"Data Analyst - join our team! Ideal candidate has 3 years of relevant experience and is proficient in Git, Snowflake, Power BI, Python, Excel, SQL. Bachelor's required. We're looking for someone who can wear many hats.",3,6,Bachelor's required,3,SQL|Python|Excel|Power BI|Snowflake|Git,6,Bachelor's required,1
Data Analyst,startup,2023-02-15,2023,2023Q1,We are looking for a Data Analyst with 4+ years of experience. Required skills: Tableau. Bachelor's required. self-starter,4,1,Bachelor's required,4,Tableau,1,Bachelor's required,1
Data Analyst,mid-size,2023-02-15,2023,2023Q1,"As a Data Analyst, you will work with Python, SAP, Machine Learning, Airflow, Git, GCP. Minimum 4 years experience required. Bachelor's preferred. Must thrive in a cross-functional collaboration.",4,6,Bachelor's preferred,4,Python|GCP|Airflow|Git|Machine Learning|SAP,6,Bachelor's preferred,1
Data Analyst,enterprise,2023-02-15,2023,2023Q1,"We are looking for a Data Analyst with 4+ years of experience. Required skills: Looker, Git, Power BI, A/B Testing. Master's preferred. ownership mindset, fast-paced environment",4,4,Master's preferred,4,Power BI|Looker|Git|A/B Testing,4,Master's preferred,2
Data Analyst,startup,2023-02-15,2023,2023Q1,"As a Data Analyst, you will work with Salesforce, A/B Testing, Statistics. Minimum 4 years experience required. Bachelor's preferred. Must thrive in a cross-functional collaboration.",4,3,Bachelor's preferred,4,Statistics|A/B Testing|Salesforce,3,Bachelor's preferred,1
Data Analyst,enterprise,2023-02-15,2023,2023Q1,"As a Data Analyst, you will work with Tableau, Python, dbt. Minimum 4 years experience required. Bachelor's preferred. Must thrive in a stakeholder management.",4,3,Bachelor's preferred,4,Python|Tableau|dbt,3,Bachelor's preferred,1
Data Analyst,mid-size,2023-02-15,2023,2023Q1,"Data Analyst - join our team! Ideal candidate has 4 years of relevant experience and is proficient in dbt, Machine Learning. Bachelor's preferred. We're looking for someone who can stakeholder management.",4,2,Bachelor's preferred,4,dbt|Machine Learning,2,Bachelor's preferred,1
Data Analyst,startup,2023-02-15,2023,2023Q1,"We are looking for a Data Analyst with 1+ years of experience. Required skills: Statistics, Azure, Power BI, Git. Master's preferred. ambiguity",1,4,Master's preferred,1,Power BI|Azure|Git|Statistics,4,Master's preferred,1
Data Analyst,mid-size,2023-02-15,2023,2023Q1,"As a Data Analyst, you will work with SAP, Salesforce, Azure. Minimum 5 years experience required. None mentioned. Must thrive in a high-growth.",5,3,None mentioned,5,Azure|Salesforce|SAP,3,None mentioned,1
Data Analyst,enterprise,2023-02-15,2023,2023Q1,Data Analyst - join our team! Ideal candidate has 3 years of relevant experience and is proficient in SQL. None mentioned. We're looking for someone who can ambiguity.,3,1,None mentioned,3,SQL,1,None mentioned,1
Data Analyst,enterprise,2023-02-15,2023,2023Q1,"Data Analyst - join our team! Ideal candidate has 5 years of relevant experience and is proficient in Snowflake, Power BI, GCP, Python, dbt, A/B Testing. Bachelor's required. We're looking for someone who can scrappy.",5,6,Bachelor's required,5,Python|Power BI|GCP|Snowflake|dbt|A/B Testing,6,Bachelor's required,1
Data Analyst,enterprise,2023-02-15,2023,2023Q1,"Data Analyst - join our team! Ideal candidate has 5 years of relevant experience and is proficient in Machine Learning, SQL, dbt. Bachelor's required. We're looking for someone who can ownership mindset, cross-functional collaboration, stakeholder management.",5,3,Bachelor's required,5,SQL|dbt|Machine Learning,3,Bachelor's required,3
Data Analyst,startup,2023-02-15,2023,2023Q1,"Data Analyst - join our team! Ideal candidate has 4 years of relevant experience and is proficient in SAP, R, Tableau, Git, Snowflake, dbt. None mentioned. We're looking for someone who can stakeholder management.",4,6,None mentioned,4,Tableau|R|Snowflake|dbt|Git|SAP,6,None mentioned,1
Data Analyst,startup,2023-02-15,2023,2023Q1,"We are looking for a Data Analyst with 3+ years of experience. Required skills: Excel, Spark. Bachelor's preferred. cross-functional collaboration, ownership mindset",3,2,Bachelor's preferred,3,Excel|Spark,2,Bachelor's preferred,2
Data Analyst,startup,2023-02-15,2023,2023Q1,"As a Data Analyst, you will work with Looker, dbt, Power BI, Excel, Git, SQL. Minimum 2 years experience required. Master's required. Must thrive in a stakeholder management, fast-paced environment, wear many hats.",2,6,Master's required,2,SQL|Excel|Power BI|Looker|dbt|Git,6,Master's required,3
Data Analyst,enterprise,2023-02-15,2023,2023Q1,"We are looking for a Data Analyst with 2+ years of experience. Required skills: Salesforce, Machine Learning, Power BI, AWS, SAP, Azure, dbt. Bachelor's preferred. fast-paced environment",2,7,Bachelor's preferred,2,Power BI|AWS|Azure|dbt|Machine Learning|Salesforce|SAP,7,Bachelor's preferred,1
Data Analyst,startup,2023-02-15,2023,2023Q1,"As a Data Analyst, you will work with Tableau, R, Salesforce, GCP, Airflow. Minimum 3 years experience required. Bachelor's preferred. Must thrive in a fast-paced environment.",3,5,Bachelor's preferred,3,Tableau|R|GCP|Airflow|Salesforce,5,Bachelor's preferred,1
Data Analyst,mid-size,2023-02-15,2023,2023Q1,"As a Data Analyst, you will work with Python, Tableau, AWS, Git. Minimum 5 years experience required. None mentioned. Must thrive in a high-growth.",5,4,None mentioned,5,Python|Tableau|AWS|Git,4,None mentioned,1
Data Analyst,mid-size,2023-02-15,2023,2023Q1,"Data Analyst - join our team! Ideal candidate has 4 years of relevant experience and is proficient in Python, Snowflake, SQL, GCP. Bachelor's required. We're looking for someone who can scrappy, stakeholder management.",4,4,Bachelor's required,4,SQL|Python|GCP|Snowflake,4,Bachelor's required,2
Data Analyst,enterprise,2023-02-15,2023,2023Q1,"Data Analyst - join our team! Ideal candidate has 2 years of relevant experience and is proficient in Python, Salesforce. Bachelor's required. We're looking for someone who can cross-functional collaboration.",2,2,Bachelor's required,2,Python|Salesforce,2,Bachelor's required,1
Data Analyst,enterprise,2023-02-15,2023,2023Q1,"We are looking for a Data Analyst with 5+ years of experience. Required skills: AWS, Airflow, Excel, R. None mentioned. ambiguity",5,4,None mentioned,5,Excel|R|AWS|Airflow,4,None mentioned,1
Data Analyst,enterprise,2023-02-15,2023,2023Q1,"As a Data Analyst, you will work with dbt, Power BI, Azure, Looker, AWS, Snowflake. Minimum 3 years experience required. Master's preferred. Must thrive in a scrappy, wear many hats.",3,6,Master's preferred,3,Power BI|AWS|Azure|Looker|Snowflake|dbt,6,Master's preferred,2
Data Analyst,mid-size,2023-02-15,2023,2023Q1,"We are looking for a Data Analyst with 2+ years of experience. Required skills: Power BI, GCP, Python. None mentioned. stakeholder management",2,3,None mentioned,2,Python|Power BI|GCP,3,None mentioned,1
Data Analyst,startup,2023-02-15,2023,2023Q1,"As a Data Analyst, you will work with Tableau, Spark, Power BI, Excel, A/B Testing, GCP. Minimum 4 years experience required. None mentioned. Must thrive in a stakeholder management.",4,6,None mentioned,4,Excel|Tableau|Power BI|GCP|Spark|A/B Testing,6,None mentioned,1
Data Analyst,enterprise,2023-02-15,2023,2023Q1,"We are looking for a Data Analyst with 4+ years of experience. Required skills: Tableau, SQL, GCP, Python, Spark, A/B Testing. None mentioned. ownership mindset",4,6,None mentioned,4,SQL|Python|Tableau|GCP|Spark|A/B Testing,6,None mentioned,1
Data Analyst,startup,2023-02-15,2023,2023Q1,"We are looking for a Data Analyst with 4+ years of experience. Required skills: SAP, Python, Azure, Looker, GCP. Bachelor's required. scrappy",4,5,Bachelor's required,4,Python|Azure|GCP|Looker|SAP,5,Bachelor's required,1
Data Analyst,mid-size,2023-02-15,2023,2023Q1,"We are looking for a Data Analyst with 4+ years of experience. Required skills: SAP, Airflow, SQL, AWS. Bachelor's preferred. cross-functional collaboration",4,4,Bachelor's preferred,4,SQL|AWS|Airflow|SAP,4,Bachelor's preferred,1
Data Analyst,startup,2023-02-15,2023,2023Q1,"We are looking for a Data Analyst with 5+ years of experience. Required skills: SAP, Salesforce, Excel, Azure, Machine Learning. Bachelor's preferred. wear many hats",5,5,Bachelor's preferred,5,Excel|Azure|Machine Learning|Salesforce|SAP,5,Bachelor's preferred,1
Data Analyst,mid-size,2023-02-15,2023,2023Q1,"As a Data Analyst, you will work with SQL, SAP, GCP, dbt. Minimum 2 years experience required. None mentioned. Must thrive in a self-starter.",2,4,None mentioned,2,SQL|GCP|dbt|SAP,4,None mentioned,1
Data Analyst,enterprise,2023-02-15,2023,2023Q1,"Data Analyst - join our team! Ideal candidate has 3 years of relevant experience and is proficient in AWS, Salesforce, R, Spark, Looker, GCP. None mentioned. We're looking for someone who can cross-functional collaboration.",3,6,None mentioned,3,R|AWS|GCP|Looker|Spark|Salesforce,6,None mentioned,1
Data Analyst,enterprise,2023-02-15,2023,2023Q1,"We are looking for a Data Analyst with 2+ years of experience. Required skills: GCP, Machine Learning, Power BI. Bachelor's preferred. scrappy",2,3,Bachelor's preferred,2,Power BI|GCP|Machine Learning,3,Bachelor's preferred,1
Data Analyst,enterprise,2023-02-15,2023,2023Q1,"We are looking for a Data Analyst with 3+ years of experience. Required skills: Power BI, Looker, Salesforce. Bachelor's preferred. cross-functional collaboration, ownership mindset",3,3,Bachelor's preferred,3,Power BI|Looker|Salesforce,3,Bachelor's preferred,2
Data Analyst,enterprise,2023-02-15,2023,2023Q1,"Data Analyst - join our team! Ideal candidate has 6 years of relevant experience and is proficient in dbt, R, Snowflake, Statistics, Python, Looker. None mentioned. We're looking for someone who can cross-functional collaboration.",6,6,None mentioned,6,Python|R|Looker|Snowflake|dbt|Statistics,6,None mentioned,1
Data Analyst,startup,2023-02-15,2023,2023Q1,"We are looking for a Data Analyst with 3+ years of experience. Required skills: Airflow, Machine Learning. Bachelor's preferred. self-starter, fast-paced environment, ambiguity",3,2,Bachelor's preferred,3,Airflow|Machine Learning,2,Bachelor's preferred,3
Data Analyst,startup,2023-02-15,2023,2023Q1,"Data Analyst - join our team! Ideal candidate has 1 years of relevant experience and is proficient in Azure, Tableau, Git, Statistics. None mentioned. We're looking for someone who can high-growth.",1,4,None mentioned,1,Tableau|Azure|Git|Statistics,4,None mentioned,1
Data Analyst,enterprise,2023-02-15,2023,2023Q1,"We are looking for a Data Analyst with 4+ years of experience. Required skills: dbt, Tableau, SAP, Azure, Spark. None mentioned. self-starter, fast-paced environment, cross-functional collaboration",4,5,None mentioned,4,Tableau|Azure|dbt|Spark|SAP,5,None mentioned,3
Data Analyst,enterprise,2023-02-15,2023,2023Q1,"Data Analyst - join our team! Ideal candidate has 5 years of relevant experience and is proficient in GCP, Snowflake, A/B Testing, dbt. None mentioned. We're looking for someone who can self-starter, ambiguity, fast-paced environment.",5,4,None mentioned,5,GCP|Snowflake|dbt|A/B Testing,4,None mentioned,3
Data Analyst,mid-size,2023-02-15,2023,2023Q1,"Data Analyst - join our team! Ideal candidate has 4 years of relevant experience and is proficient in Power BI, GCP, Python, SAP, Salesforce. Bachelor's preferred. We're looking for someone who can high-growth.",4,5,Bachelor's preferred,4,Python|Power BI|GCP|Salesforce|SAP,5,Bachelor's preferred,1
Data Analyst,mid-size,2023-02-15,2023,2023Q1,"We are looking for a Data Analyst with 3+ years of experience. Required skills: Airflow, Tableau, Snowflake, Git, Salesforce. None mentioned. high-growth",3,5,None mentioned,3,Tableau|Snowflake|Airflow|Git|Salesforce,5,None mentioned,1
Data Analyst,enterprise,2023-02-15,2023,2023Q1,"We are looking for a Data Analyst with 5+ years of experience. Required skills: Git, GCP, Azure. None mentioned. fast-paced environment",5,3,None mentioned,5,Azure|GCP|Git,3,None mentioned,1
Data Analyst,startup,2023-02-15,2023,2023Q1,"Data Analyst - join our team! Ideal candidate has 2 years of relevant experience and is proficient in Salesforce, dbt, Tableau, Snowflake, Azure. Master's preferred. We're looking for someone who can cross-functional collaboration.",2,5,Master's preferred,2,Tableau|Azure|Snowflake|dbt|Salesforce,5,Master's preferred,1
Data Analyst,mid-size,2023-02-15,2023,2023Q1,"Data Analyst - join our team! Ideal candidate has 4 years of relevant experience and is proficient in Tableau, Airflow, Snowflake, SAP, GCP, Spark, Power BI. Bachelor's required. We're looking for someone who can scrappy.",4,7,Bachelor's required,4,Tableau|Power BI|GCP|Snowflake|Airflow|Spark|SAP,7,Bachelor's required,1
Data Analyst,mid-size,2023-02-15,2023,2023Q1,"We are looking for a Data Analyst with 4+ years of experience. Required skills: Azure, R, dbt, A/B Testing, Python. Bachelor's required. ownership mindset",4,5,Bachelor's required,4,Python|R|Azure|dbt|A/B Testing,5,Bachelor's required,1
Data Analyst,enterprise,2023-02-15,2023,2023Q1,"Data Analyst - join our team! Ideal candidate has 4 years of relevant experience and is proficient in Azure, Salesforce. None mentioned. We're looking for someone who can ambiguity.",4,2,None mentioned,4,Azure|Salesforce,2,None mentioned,1
Data Analyst,enterprise,2023-02-15,2023,2023Q1,"Data Analyst - join our team! Ideal candidate has 2 years of relevant experience and is proficient in Azure, Excel, GCP, Python. None mentioned. We're looking for someone who can scrappy.",2,4,None mentioned,2,Python|Excel|Azure|GCP,4,None mentioned,1
Data Analyst,startup,2023-02-15,2023,2023Q1,"We are looking for a Data Analyst with 2+ years of experience. Required skills: Tableau, Python, A/B Testing, Looker, Airflow. None mentioned. fast-paced environment",2,5,None mentioned,2,Python|Tableau|Looker|Airflow|A/B Testing,5,None mentioned,1
Data Analyst,enterprise,2023-02-15,2023,2023Q1,"We are looking for a Data Analyst with 4+ years of experience. Required skills: Git, GCP, Excel, Azure. Bachelor's preferred. scrappy, ownership mindset, high-growth",4,4,Bachelor's preferred,4,Excel|Azure|GCP|Git,4,Bachelor's preferred,3
Data Analyst,mid-size,2023-05-15,2023,2023Q2,"We are looking for a Data Analyst with 2+ years of experience. Required skills: R, Statistics, Tableau, Airflow, Looker. Bachelor's preferred. ambiguity, self-starter",2,5,Bachelor's preferred,2,Tableau|R|Looker|Airflow|Statistics,5,Bachelor's preferred,2
Data Analyst,enterprise,2023-05-15,2023,2023Q2,"We are looking for a Data Analyst with 2+ years of experience. Required skills: Azure, Power BI, AWS, Excel, Tableau. None mentioned. ambiguity, wear many hats, self-starter",2,5,None mentioned,2,Excel|Tableau|Power BI|AWS|Azure,5,None mentioned,3
Data Analyst,mid-size,2023-05-15,2023,2023Q2,"Data Analyst - join our team! Ideal candidate has 3 years of relevant experience and is proficient in SAP, R, Excel, SQL, Looker. Master's required. We're looking for someone who can wear many hats.",3,5,Master's required,3,SQL|Excel|R|Looker|SAP,5,Master's required,1
Data Analyst,mid-size,2023-05-15,2023,2023Q2,"As a Data Analyst, you will work with dbt, A/B Testing, Excel, Spark, Git. Minimum 3 years experience required. Bachelor's preferred. Must thrive in a wear many hats.",3,5,Bachelor's preferred,3,Excel|dbt|Spark|Git|A/B Testing,5,Bachelor's preferred,1
Data Analyst,startup,2023-05-15,2023,2023Q2,"Data Analyst - join our team! Ideal candidate has 5 years of relevant experience and is proficient in Snowflake, Power BI, SAP, Looker, AWS, Salesforce. Bachelor's required. We're looking for someone who can cross-functional collaboration.",5,6,Bachelor's required,5,Power BI|AWS|Looker|Snowflake|Salesforce|SAP,6,Bachelor's required,1
Data Analyst,startup,2023-05-15,2023,2023Q2,"Data Analyst - join our team! Ideal candidate has 3 years of relevant experience and is proficient in Machine Learning, Power BI, Python, R. Bachelor's preferred. We're looking for someone who can fast-paced environment.",3,4,Bachelor's preferred,3,Python|Power BI|R|Machine Learning,4,Bachelor's preferred,1
Data Analyst,startup,2023-05-15,2023,2023Q2,"Data Analyst - join our team! Ideal candidate has 4 years of relevant experience and is proficient in Tableau, A/B Testing, Power BI, SQL, Azure, GCP. Bachelor's required. We're looking for someone who can scrappy.",4,6,Bachelor's required,4,SQL|Tableau|Power BI|Azure|GCP|A/B Testing,6,Bachelor's required,1
Data Analyst,enterprise,2023-05-15,2023,2023Q2,"We are looking for a Data Analyst with 6+ years of experience. Required skills: AWS, Machine Learning, dbt. Master's required. self-starter",6,3,Master's required,6,AWS|dbt|Machine Learning,3,Master's required,1
Data Analyst,enterprise,2023-05-15,2023,2023Q2,"We are looking for a Data Analyst with 5+ years of experience. Required skills: Excel, dbt, Python, Snowflake, Airflow. Bachelor's preferred. scrappy",5,5,Bachelor's preferred,5,Python|Excel|Snowflake|dbt|Airflow,5,Bachelor's preferred,1
Data Analyst,mid-size,2023-05-15,2023,2023Q2,"Data Analyst - join our team! Ideal candidate has 3 years of relevant experience and is proficient in Salesforce, Statistics, Looker, Spark, dbt. None mentioned. We're looking for someone who can ambiguity, self-starter.",3,5,None mentioned,3,Looker|dbt|Spark|Statistics|Salesforce,5,None mentioned,2
Data Analyst,startup,2023-05-15,2023,2023Q2,"As a Data Analyst, you will work with R, SQL, Git, Tableau, SAP, Airflow, AWS. Minimum 0 years experience required. Bachelor's preferred. Must thrive in a ownership mindset.",0,7,Bachelor's preferred,0,SQL|Tableau|R|AWS|Airflow|Git|SAP,7,Bachelor's preferred,1
Data Analyst,enterprise,2023-05-15,2023,2023Q2,"We are looking for a Data Analyst with 5+ years of experience. Required skills: Git, Airflow. Bachelor's required. self-starter",5,2,Bachelor's required,5,Airflow|Git,2,Bachelor's required,1
Data Analyst,enterprise,2023-05-15,2023,2023Q2,"Data Analyst - join our team! Ideal candidate has 2 years of relevant experience and is proficient in Git, Python, SQL, GCP. Bachelor's preferred. We're looking for someone who can wear many hats, self-starter, cross-functional collaboration.",2,4,Bachelor's preferred,2,SQL|Python|GCP|Git,4,Bachelor's preferred,3
Data Analyst,startup,2023-05-15,2023,2023Q2,"Data Analyst - join our team! Ideal candidate has 3 years of relevant experience and is proficient in Tableau, Looker, Azure, Salesforce, dbt, Python. Master's required. We're looking for someone who can stakeholder management.",3,6,Master's required,3,Python|Tableau|Azure|Looker|dbt|Salesforce,6,Master's required,1
Data Analyst,mid-size,2023-05-15,2023,2023Q2,"As a Data Analyst, you will work with GCP, dbt, Airflow, A/B Testing. Minimum 1 years experience required. Bachelor's preferred. Must thrive in a ownership mindset.",1,4,Bachelor's preferred,1,GCP|dbt|Airflow|A/B Testing,4,Bachelor's preferred,1
Data Analyst,enterprise,2023-05-15,2023,2023Q2,"Data Analyst - join our team! Ideal candidate has 4 years of relevant experience and is proficient in Azure, Power BI, GCP, Tableau. None mentioned. We're looking for someone who can wear many hats.",4,4,None mentioned,4,Tableau|Power BI|Azure|GCP,4,None mentioned,1
Data Analyst,startup,2023-05-15,2023,2023Q2,"We are looking for a Data Analyst with 4+ years of experience. Required skills: SQL, dbt, R. Bachelor's required. wear many hats",4,3,Bachelor's required,4,SQL|R|dbt,3,Bachelor's required,1
Data Analyst,enterprise,2023-05-15,2023,2023Q2,"As a Data Analyst, you will work with SQL, Statistics, Excel, Machine Learning, Snowflake. Minimum 3 years experience required. Bachelor's preferred. Must thrive in a high-growth, self-starter, fast-paced environment.",3,5,Bachelor's preferred,3,SQL|Excel|Snowflake|Statistics|Machine Learning,5,Bachelor's preferred,3
Data Analyst,mid-size,2023-05-15,2023,2023Q2,"Data Analyst - join our team! Ideal candidate has 6 years of relevant experience and is proficient in Spark, Power BI, R, Git. None mentioned. We're looking for someone who can ambiguity.",6,4,None mentioned,6,Power BI|R|Spark|Git,4,None mentioned,1
Data Analyst,startup,2023-05-15,2023,2023Q2,"Data Analyst - join our team! Ideal candidate has 4 years of relevant experience and is proficient in Snowflake, Tableau, Machine Learning, GCP, Azure. Master's preferred. We're looking for someone who can ownership mindset.",4,5,Master's preferred,4,Tableau|Azure|GCP|Snowflake|Machine Learning,5,Master's preferred,1
Data Analyst,startup,2023-05-15,2023,2023Q2,"Data Analyst - join our team! Ideal candidate has 4 years of relevant experience and is proficient in dbt, Tableau, SAP, AWS, Spark. Bachelor's required. We're looking for someone who can scrappy.",4,5,Bachelor's required,4,Tableau|AWS|dbt|Spark|SAP,5,Bachelor's required,1
Data Analyst,mid-size,2023-05-15,2023,2023Q2,"As a Data Analyst, you will work with SQL, AWS, Git, Excel. Minimum 3 years experience required. Master's preferred. Must thrive in a stakeholder management.",3,4,Master's preferred,3,SQL|Excel|AWS|Git,4,Master's preferred,1
Data Analyst,mid-size,2023-05-15,2023,2023Q2,"Data Analyst - join our team! Ideal candidate has 2 years of relevant experience and is proficient in Machine Learning, Git, Snowflake, Azure, dbt, GCP. Master's required. We're looking for someone who can high-growth.",2,6,Master's required,2,Azure|GCP|Snowflake|dbt|Git|Machine Learning,6,Master's required,1
Data Analyst,enterprise,2023-05-15,2023,2023Q2,"As a Data Analyst, you will work with Excel, Snowflake, SQL, Statistics. Minimum 4 years experience required. None mentioned. Must thrive in a stakeholder management, cross-functional collaboration, self-starter.",4,4,None mentioned,4,SQL|Excel|Snowflake|Statistics,4,None mentioned,3
Data Analyst,mid-size,2023-05-15,2023,2023Q2,"We are looking for a Data Analyst with 4+ years of experience. Required skills: GCP, dbt, Airflow, Looker. Bachelor's preferred. wear many hats",4,4,Bachelor's preferred,4,GCP|Looker|dbt|Airflow,4,Bachelor's preferred,1
Data Analyst,mid-size,2023-05-15,2023,2023Q2,"Data Analyst - join our team! Ideal candidate has 3 years of relevant experience and is proficient in Excel, Salesforce, Snowflake. None mentioned. We're looking for someone who can ambiguity.",3,3,None mentioned,3,Excel|Snowflake|Salesforce,3,None mentioned,1
Data Analyst,mid-size,2023-05-15,2023,2023Q2,"As a Data Analyst, you will work with SQL, dbt, GCP, Git, Salesforce, Machine Learning, Looker, AWS. Minimum 4 years experience required. Bachelor's preferred. Must thrive in a stakeholder management, self-starter, cross-functional collaboration.",4,8,Bachelor's preferred,4,SQL|AWS|GCP|Looker|dbt|Git|Machine Learning|Salesforce,8,Bachelor's preferred,3
Data Analyst,mid-size,2023-05-15,2023,2023Q2,"Data Analyst - join our team! Ideal candidate has 5 years of relevant experience and is proficient in Statistics, SQL, Snowflake, Airflow. Bachelor's preferred. We're looking for someone who can stakeholder management.",5,4,Bachelor's preferred,5,SQL|Snowflake|Airflow|Statistics,4,Bachelor's preferred,1
Data Analyst,enterprise,2023-05-15,2023,2023Q2,"Data Analyst - join our team! Ideal candidate has 5 years of relevant experience and is proficient in dbt, Spark, Snowflake, Power BI. None mentioned. We're looking for someone who can scrappy.",5,4,None mentioned,5,Power BI|Snowflake|dbt|Spark,4,None mentioned,1
Data Analyst,enterprise,2023-05-15,2023,2023Q2,"We are looking for a Data Analyst with 3+ years of experience. Required skills: Azure, Excel, Salesforce, Looker, R, Power BI. None mentioned. wear many hats",3,6,None mentioned,3,Excel|Power BI|R|Azure|Looker|Salesforce,6,None mentioned,1
Data Analyst,startup,2023-05-15,2023,2023Q2,"Data Analyst - join our team! Ideal candidate has 6 years of relevant experience and is proficient in Excel, Git, Azure, SQL, SAP, Airflow. Master's required. We're looking for someone who can cross-functional collaboration.",6,6,Master's required,6,SQL|Excel|Azure|Airflow|Git|SAP,6,Master's required,1
Data Analyst,startup,2023-05-15,2023,2023Q2,"We are looking for a Data Analyst with 5+ years of experience. Required skills: GCP, dbt. Bachelor's preferred. stakeholder management, wear many hats",5,2,Bachelor's preferred,5,GCP|dbt,2,Bachelor's preferred,2
Data Analyst,enterprise,2023-05-15,2023,2023Q2,"We are looking for a Data Analyst with 4+ years of experience. Required skills: SQL, GCP, Spark, Statistics. Bachelor's preferred. ambiguity",4,4,Bachelor's preferred,4,SQL|GCP|Spark|Statistics,4,Bachelor's preferred,1
Data Analyst,enterprise,2023-05-15,2023,2023Q2,"Data Analyst - join our team! Ideal candidate has 4 years of relevant experience and is proficient in Azure, AWS, SQL, Snowflake. Master's preferred. We're looking for someone who can stakeholder management.",4,4,Master's preferred,4,SQL|AWS|Azure|Snowflake,4,Master's preferred,1
Data Analyst,startup,2023-05-15,2023,2023Q2,"Data Analyst - join our team! Ideal candidate has 2 years of relevant experience and is proficient in dbt, Statistics, Excel, Tableau, R. Bachelor's preferred. We're looking for someone who can self-starter, ownership mindset, fast-paced environment.",2,5,Bachelor's preferred,2,Excel|Tableau|R|dbt|Statistics,5,Bachelor's preferred,3
Data Analyst,startup,2023-05-15,2023,2023Q2,"Data Analyst - join our team! Ideal candidate has 3 years of relevant experience and is proficient in Statistics, Azure, Airflow, Python, Spark. Bachelor's required. We're looking for someone who can scrappy.",3,5,Bachelor's required,3,Python|Azure|Airflow|Spark|Statistics,5,Bachelor's required,1
Data Analyst,startup,2023-05-15,2023,2023Q2,"Data Analyst - join our team! Ideal candidate has 4 years of relevant experience and is proficient in R, Airflow, Excel, dbt, Statistics. Master's required. We're looking for someone who can wear many hats.",4,5,Master's required,4,Excel|R|dbt|Airflow|Statistics,5,Master's required,1
Data Analyst,enterprise,2023-05-15,2023,2023Q2,"We are looking for a Data Analyst with 3+ years of experience. Required skills: Airflow, R, Salesforce, Machine Learning, Spark, GCP. Bachelor's preferred. ambiguity, fast-paced environment, stakeholder management",3,6,Bachelor's preferred,3,R|GCP|Airflow|Spark|Machine Learning|Salesforce,6,Bachelor's preferred,3
Data Analyst,mid-size,2023-05-15,2023,2023Q2,"We are looking for a Data Analyst with 2+ years of experience. Required skills: Machine Learning, AWS, Salesforce, Spark, Azure. Master's required. cross-functional collaboration",2,5,Master's required,2,AWS|Azure|Spark|Machine Learning|Salesforce,5,Master's required,1
Data Analyst,mid-size,2023-05-15,2023,2023Q2,"Data Analyst - join our team! Ideal candidate has 3 years of relevant experience and is proficient in Statistics, Spark, Tableau, R, A/B Testing. Bachelor's required. We're looking for someone who can ownership mindset.",3,5,Bachelor's required,3,Tableau|R|Spark|Statistics|A/B Testing,5,Bachelor's required,1
Data Analyst,enterprise,2023-05-15,2023,2023Q2,"We are looking for a Data Analyst with 1+ years of experience. Required skills: R. Bachelor's required. cross-functional collaboration, high-growth",1,1,Bachelor's required,1,R,1,Bachelor's required,2
Data Analyst,enterprise,2023-05-15,2023,2023Q2,"Data Analyst - join our team! Ideal candidate has 3 years of relevant experience and is proficient in Airflow, GCP, Salesforce, Git, AWS, SQL. Bachelor's preferred. We're looking for someone who can cross-functional collaboration.",3,6,Bachelor's preferred,3,SQL|AWS|GCP|Airflow|Git|Salesforce,6,Bachelor's preferred,1
Data Analyst,mid-size,2023-05-15,2023,2023Q2,"Data Analyst - join our team! Ideal candidate has 5 years of relevant experience and is proficient in Snowflake, Spark, R, GCP, Azure, SAP. Bachelor's required. We're looking for someone who can ambiguity, stakeholder management, fast-paced environment.",5,6,Bachelor's required,5,R|Azure|GCP|Snowflake|Spark|SAP,6,Bachelor's required,3
Data Analyst,startup,2023-05-15,2023,2023Q2,"We are looking for a Data Analyst with 3+ years of experience. Required skills: A/B Testing, GCP, Python, Azure, Salesforce, Snowflake, Airflow. Master's preferred. wear many hats, self-starter",3,7,Master's preferred,3,Python|Azure|GCP|Snowflake|Airflow|A/B Testing|Salesforce,7,Master's preferred,2
Data Analyst,mid-size,2023-05-15,2023,2023Q2,"We are looking for a Data Analyst with 5+ years of experience. Required skills: Spark, SAP, Snowflake, Salesforce, Python, Airflow, Tableau. Master's required. scrappy",5,7,Master's required,5,Python|Tableau|Snowflake|Airflow|Spark|Salesforce|SAP,7,Master's required,1
Data Analyst,enterprise,2023-05-15,2023,2023Q2,"Data Analyst - join our team! Ideal candidate has 3 years of relevant experience and is proficient in GCP, Power BI, Snowflake, Git, Airflow, Python, R. Bachelor's preferred. We're looking for someone who can cross-functional collaboration.",3,7,Bachelor's preferred,3,Python|Power BI|R|GCP|Snowflake|Airflow|Git,7,Bachelor's preferred,1
Data Analyst,enterprise,2023-05-15,2023,2023Q2,"Data Analyst - join our team! Ideal candidate has 4 years of relevant experience and is proficient in GCP, Snowflake, Salesforce, dbt. Bachelor's preferred. We're looking for someone who can ambiguity, ownership mindset.",4,4,Bachelor's preferred,4,GCP|Snowflake|dbt|Salesforce,4,Bachelor's preferred,2
Data Analyst,startup,2023-05-15,2023,2023Q2,"We are looking for a Data Analyst with 4+ years of experience. Required skills: SAP, R. Bachelor's preferred. ownership mindset, stakeholder management",4,2,Bachelor's preferred,4,R|SAP,2,Bachelor's preferred,2
Data Analyst,startup,2023-05-15,2023,2023Q2,"Data Analyst - join our team! Ideal candidate has 3 years of relevant experience and is proficient in Salesforce, Azure, AWS, Excel, Tableau. Bachelor's required. We're looking for someone who can scrappy.",3,5,Bachelor's required,3,Excel|Tableau|AWS|Azure|Salesforce,5,Bachelor's required,1
Data Analyst,startup,2023-05-15,2023,2023Q2,"As a Data Analyst, you will work with Looker, Snowflake, Excel, SQL, Spark. Minimum 5 years experience required. Master's preferred. Must thrive in a stakeholder management.",5,5,Master's preferred,5,SQL|Excel|Looker|Snowflake|Spark,5,Master's preferred,1
Data Analyst,startup,2023-05-15,2023,2023Q2,"We are looking for a Data Analyst with 3+ years of experience. Required skills: dbt, Statistics, Git, R, Python, Power BI. Bachelor's required. high-growth, self-starter, cross-functional collaboration",3,6,Bachelor's required,3,Python|Power BI|R|dbt|Git|Statistics,6,Bachelor's required,3
Data Analyst,startup,2023-05-15,2023,2023Q2,"Data Analyst - join our team! Ideal candidate has 4 years of relevant experience and is proficient in R, Tableau, AWS, Spark. Bachelor's preferred. We're looking for someone who can stakeholder management.",4,4,Bachelor's preferred,4,Tableau|R|AWS|Spark,4,Bachelor's preferred,1
Data Analyst,startup,2023-05-15,2023,2023Q2,"We are looking for a Data Analyst with 1+ years of experience. Required skills: Snowflake, SAP, Excel, SQL, dbt, Git. Master's required. self-starter",1,6,Master's required,1,SQL|Excel|Snowflake|dbt|Git|SAP,6,Master's required,1
Data Analyst,enterprise,2023-05-15,2023,2023Q2,"Data Analyst - join our team! Ideal candidate has 4 years of relevant experience and is proficient in AWS, Salesforce, A/B Testing. Master's preferred. We're looking for someone who can self-starter, wear many hats.",4,3,Master's preferred,4,AWS|A/B Testing|Salesforce,3,Master's preferred,2
Data Analyst,enterprise,2023-05-15,2023,2023Q2,"As a Data Analyst, you will work with Salesforce, Looker, Statistics, Machine Learning. Minimum 4 years experience required. None mentioned. Must thrive in a ambiguity.",4,4,None mentioned,4,Looker|Statistics|Machine Learning|Salesforce,4,None mentioned,1
Data Analyst,mid-size,2023-05-15,2023,2023Q2,"We are looking for a Data Analyst with 4+ years of experience. Required skills: Salesforce, dbt, AWS, Power BI, GCP, Python. Bachelor's required. scrappy",4,6,Bachelor's required,4,Python|Power BI|AWS|GCP|dbt|Salesforce,6,Bachelor's required,1
Data Analyst,mid-size,2023-05-15,2023,2023Q2,"We are looking for a Data Analyst with 3+ years of experience. Required skills: Looker, Salesforce, Statistics, Python, Snowflake, R, Machine Learning. None mentioned. ownership mindset, ambiguity, high-growth",3,7,None mentioned,3,Python|R|Looker|Snowflake|Statistics|Machine Learning|Salesforce,7,None mentioned,3
Data Analyst,startup,2023-05-15,2023,2023Q2,"As a Data Analyst, you will work with dbt, Azure, Python, Salesforce, R, Looker. Minimum 4 years experience required. None mentioned. Must thrive in a ambiguity.",4,6,None mentioned,4,Python|R|Azure|Looker|dbt|Salesforce,6,None mentioned,1
Data Analyst,enterprise,2023-05-15,2023,2023Q2,"Data Analyst - join our team! Ideal candidate has 3 years of relevant experience and is proficient in Airflow, Spark, Machine Learning, Salesforce, Statistics. Bachelor's required. We're looking for someone who can cross-functional collaboration.",3,5,Bachelor's required,3,Airflow|Spark|Statistics|Machine Learning|Salesforce,5,Bachelor's required,1
Data Analyst,enterprise,2023-05-15,2023,2023Q2,"We are looking for a Data Analyst with 2+ years of experience. Required skills: Looker, Tableau, SQL, Power BI, R, GCP, dbt. Bachelor's preferred. self-starter",2,7,Bachelor's preferred,2,SQL|Tableau|Power BI|R|GCP|Looker|dbt,7,Bachelor's preferred,1
Data Analyst,enterprise,2023-05-15,2023,2023Q2,"We are looking for a Data Analyst with 3+ years of experience. Required skills: R, SAP, Git, Spark, Machine Learning, Looker, Statistics. None mentioned. self-starter",3,7,None mentioned,3,R|Looker|Spark|Git|Statistics|Machine Learning|SAP,7,None mentioned,1
Data Analyst,mid-size,2023-05-15,2023,2023Q2,"Data Analyst - join our team! Ideal candidate has 4 years of relevant experience and is proficient in R, SAP, Power BI, Tableau. Bachelor's preferred. We're looking for someone who can ownership mindset.",4,4,Bachelor's preferred,4,Tableau|Power BI|R|SAP,4,Bachelor's preferred,1
Data Analyst,startup,2023-05-15,2023,2023Q2,"Data Analyst - join our team! Ideal candidate has 7 years of relevant experience and is proficient in GCP, Snowflake, Git, Python, AWS, Machine Learning. Bachelor's preferred. We're looking for someone who can high-growth.",7,6,Bachelor's preferred,7,Python|AWS|GCP|Snowflake|Git|Machine Learning,6,Bachelor's preferred,1
Data Analyst,enterprise,2023-05-15,2023,2023Q2,"As a Data Analyst, you will work with SAP, Git, Looker. Minimum 5 years experience required. Bachelor's preferred. Must thrive in a ambiguity.",5,3,Bachelor's preferred,5,Looker|Git|SAP,3,Bachelor's preferred,1
Data Analyst,startup,2023-05-15,2023,2023Q2,"As a Data Analyst, you will work with Snowflake, SQL, A/B Testing, Machine Learning. Minimum 5 years experience required. Master's required. Must thrive in a ambiguity.",5,4,Master's required,5,SQL|Snowflake|A/B Testing|Machine Learning,4,Master's required,1
Data Analyst,startup,2023-05-15,2023,2023Q2,"We are looking for a Data Analyst with 3+ years of experience. Required skills: SAP, R, SQL, Tableau, Statistics, GCP. Bachelor's required. scrappy",3,6,Bachelor's required,3,SQL|Tableau|R|GCP|Statistics|SAP,6,Bachelor's required,1
Data Analyst,startup,2023-05-15,2023,2023Q2,"As a Data Analyst, you will work with Azure, Git, Power BI, Tableau. Minimum 3 years experience required. Master's preferred. Must thrive in a high-growth.",3,4,Master's preferred,3,Tableau|Power BI|Azure|Git,4,Master's preferred,1
Data Analyst,startup,2023-05-15,2023,2023Q2,"As a Data Analyst, you will work with A/B Testing, GCP, Python, AWS, Airflow, Tableau. Minimum 6 years experience required. Bachelor's preferred. Must thrive in a ambiguity.",6,6,Bachelor's preferred,6,Python|Tableau|AWS|GCP|Airflow|A/B Testing,6,Bachelor's preferred,1
Data Analyst,mid-size,2023-05-15,2023,2023Q2,"Data Analyst - join our team! Ideal candidate has 4 years of relevant experience and is proficient in Power BI, AWS, SAP, Spark. Master's required. We're looking for someone who can fast-paced environment.",4,4,Master's required,4,Power BI|AWS|Spark|SAP,4,Master's required,1
Data Analyst,mid-size,2023-05-15,2023,2023Q2,"We are looking for a Data Analyst with 4+ years of experience. Required skills: Tableau, SAP, dbt, Python. Master's preferred. ownership mindset",4,4,Master's preferred,4,Python|Tableau|dbt|SAP,4,Master's preferred,1
Data Analyst,enterprise,2023-05-15,2023,2023Q2,"Data Analyst - join our team! Ideal candidate has 6 years of relevant experience and is proficient in SQL, Python. Bachelor's preferred. We're looking for someone who can cross-functional collaboration, self-starter.",6,2,Bachelor's preferred,6,SQL|Python,2,Bachelor's preferred,2
Data Analyst,mid-size,2023-05-15,2023,2023Q2,"Data Analyst - join our team! Ideal candidate has 2 years of relevant experience and is proficient in SQL, Looker, Python, Tableau. Bachelor's preferred. We're looking for someone who can self-starter, high-growth.",2,4,Bachelor's preferred,2,SQL|Python|Tableau|Looker,4,Bachelor's preferred,2
Data Analyst,enterprise,2023-05-15,2023,2023Q2,"As a Data Analyst, you will work with Git, AWS, Machine Learning, Azure, Statistics, dbt. Minimum 5 years experience required. Bachelor's required. Must thrive in a scrappy.",5,6,Bachelor's required,5,AWS|Azure|dbt|Git|Statistics|Machine Learning,6,Bachelor's required,1
Data Analyst,enterprise,2023-05-15,2023,2023Q2,"Data Analyst - join our team! Ideal candidate has 4 years of relevant experience and is proficient in AWS, GCP, Airflow, Machine Learning, Snowflake, Power BI. None mentioned. We're looking for someone who can cross-functional collaboration.",4,6,None mentioned,4,Power BI|AWS|GCP|Snowflake|Airflow|Machine Learning,6,None mentioned,1
Data Analyst,mid-size,2023-05-15,2023,2023Q2,"We are looking for a Data Analyst with 4+ years of experience. Required skills: Salesforce, Spark, Git, dbt, SAP, Statistics, Power BI. Master's required. scrappy",4,7,Master's required,4,Power BI|dbt|Spark|Git|Statistics|Salesforce|SAP,7,Master's required,1
Data Analyst,startup,2023-05-15,2023,2023Q2,"We are looking for a Data Analyst with 3+ years of experience. Required skills: Airflow, Azure, Spark, Git, Snowflake. Master's preferred. scrappy",3,5,Master's preferred,3,Azure|Snowflake|Airflow|Spark|Git,5,Master's preferred,1
Data Analyst,mid-size,2023-05-15,2023,2023Q2,"We are looking for a Data Analyst with 4+ years of experience. Required skills: GCP, Machine Learning, Airflow, Statistics, Salesforce, Python. Bachelor's preferred. cross-functional collaboration",4,6,Bachelor's preferred,4,Python|GCP|Airflow|Statistics|Machine Learning|Salesforce,6,Bachelor's preferred,1
Data Analyst,enterprise,2023-05-15,2023,2023Q2,"As a Data Analyst, you will work with Spark, AWS, Machine Learning, R, Airflow, Statistics, Salesforce, A/B Testing. Minimum 4 years experience required. Bachelor's preferred. Must thrive in a wear many hats.",4,8,Bachelor's preferred,4,R|AWS|Airflow|Spark|Statistics|A/B Testing|Machine Learning|Salesforce,8,Bachelor's preferred,1
Data Analyst,enterprise,2023-05-15,2023,2023Q2,"Data Analyst - join our team! Ideal candidate has 5 years of relevant experience and is proficient in Airflow, R, Python. None mentioned. We're looking for someone who can self-starter.",5,3,None mentioned,5,Python|R|Airflow,3,None mentioned,1
Data Analyst,startup,2023-05-15,2023,2023Q2,"As a Data Analyst, you will work with Excel, Salesforce, SAP. Minimum 2 years experience required. Master's required. Must thrive in a fast-paced environment.",2,3,Master's required,2,Excel|Salesforce|SAP,3,Master's required,1
Data Analyst,enterprise,2023-05-15,2023,2023Q2,"Data Analyst - join our team! Ideal candidate has 3 years of relevant experience and is proficient in Machine Learning, dbt, Statistics, Tableau, Azure. Bachelor's preferred. We're looking for someone who can wear many hats.",3,5,Bachelor's preferred,3,Tableau|Azure|dbt|Statistics|Machine Learning,5,Bachelor's preferred,1
Data Analyst,mid-size,2023-05-15,2023,2023Q2,"We are looking for a Data Analyst with 3+ years of experience. Required skills: Statistics, R, Power BI, Snowflake, Salesforce, Airflow. Bachelor's preferred. cross-functional collaboration",3,6,Bachelor's preferred,3,Power BI|R|Snowflake|Airflow|Statistics|Salesforce,6,Bachelor's preferred,1
Data Analyst,mid-size,2023-05-15,2023,2023Q2,"We are looking for a Data Analyst with 3+ years of experience. Required skills: Spark, Tableau, A/B Testing, dbt, Machine Learning, AWS. None mentioned. ambiguity",3,6,None mentioned,3,Tableau|AWS|dbt|Spark|A/B Testing|Machine Learning,6,None mentioned,1
Data Analyst,startup,2023-05-15,2023,2023Q2,"We are looking for a Data Analyst with 3+ years of experience. Required skills: SAP, Airflow, Git, Spark, GCP, Power BI, Tableau. None mentioned. fast-paced environment, ambiguity, stakeholder management",3,7,None mentioned,3,Tableau|Power BI|GCP|Airflow|Spark|Git|SAP,7,None mentioned,3
Data Analyst,enterprise,2023-05-15,2023,2023Q2,"Data Analyst - join our team! Ideal candidate has 4 years of relevant experience and is proficient in AWS, Airflow, Azure, Snowflake. None mentioned. We're looking for someone who can scrappy, ambiguity.",4,4,None mentioned,4,AWS|Azure|Snowflake|Airflow,4,None mentioned,2
Data Analyst,startup,2023-05-15,2023,2023Q2,"Data Analyst - join our team! Ideal candidate has 5 years of relevant experience and is proficient in dbt, Machine Learning, Tableau, A/B Testing. Bachelor's preferred. We're looking for someone who can scrappy, ownership mindset, stakeholder management.",5,4,Bachelor's preferred,5,Tableau|dbt|A/B Testing|Machine Learning,4,Bachelor's preferred,3
Data Analyst,mid-size,2023-05-15,2023,2023Q2,"We are looking for a Data Analyst with 5+ years of experience. Required skills: Looker, AWS, Spark, Salesforce, Airflow, Snowflake, dbt. None mentioned. scrappy",5,7,None mentioned,5,AWS|Looker|Snowflake|dbt|Airflow|Spark|Salesforce,7,None mentioned,1
Data Analyst,enterprise,2023-05-15,2023,2023Q2,"As a Data Analyst, you will work with Snowflake, Azure, Machine Learning, Spark, R, Excel. Minimum 4 years experience required. Master's required. Must thrive in a high-growth, ambiguity.",4,6,Master's required,4,Excel|R|Azure|Snowflake|Spark|Machine Learning,6,Master's required,2
Data Analyst,enterprise,2023-05-15,2023,2023Q2,"We are looking for a Data Analyst with 5+ years of experience. Required skills: AWS, Looker, A/B Testing, Salesforce, SAP, Excel. Master's required. ownership mindset",5,6,Master's required,5,Excel|AWS|Looker|A/B Testing|Salesforce|SAP,6,Master's required,1
Data Analyst,mid-size,2023-05-15,2023,2023Q2,"Data Analyst - join our team! Ideal candidate has 2 years of relevant experience and is proficient in Airflow, Azure, Python, Looker. Bachelor's preferred. We're looking for someone who can wear many hats, ownership mindset, fast-paced environment.",2,4,Bachelor's preferred,2,Python|Azure|Looker|Airflow,4,Bachelor's preferred,3
Data Analyst,mid-size,2023-05-15,2023,2023Q2,"As a Data Analyst, you will work with Azure, Power BI, Statistics, GCP, Excel, SAP. Minimum 3 years experience required. Bachelor's preferred. Must thrive in a ambiguity.",3,6,Bachelor's preferred,3,Excel|Power BI|Azure|GCP|Statistics|SAP,6,Bachelor's preferred,1
Data Analyst,mid-size,2023-05-15,2023,2023Q2,"Data Analyst - join our team! Ideal candidate has 2 years of relevant experience and is proficient in AWS, Azure, SQL, GCP, Excel, Looker, Tableau. Bachelor's required. We're looking for someone who can ownership mindset.",2,7,Bachelor's required,2,SQL|Excel|Tableau|AWS|Azure|GCP|Looker,7,Bachelor's required,1
Data Analyst,mid-size,2023-05-15,2023,2023Q2,"As a Data Analyst, you will work with Excel, SQL, Statistics, dbt, SAP, Snowflake. Minimum 5 years experience required. Bachelor's required. Must thrive in a fast-paced environment, scrappy.",5,6,Bachelor's required,5,SQL|Excel|Snowflake|dbt|Statistics|SAP,6,Bachelor's required,2
Data Analyst,mid-size,2023-05-15,2023,2023Q2,"Data Analyst - join our team! Ideal candidate has 3 years of relevant experience and is proficient in A/B Testing, Excel, GCP, SAP, Machine Learning, Python. Bachelor's required. We're looking for someone who can ambiguity, scrappy, wear many hats.",3,6,Bachelor's required,3,Python|Excel|GCP|A/B Testing|Machine Learning|SAP,6,Bachelor's required,3
Data Analyst,startup,2023-05-15,2023,2023Q2,"We are looking for a Data Analyst with 5+ years of experience. Required skills: GCP, Python, SAP, Tableau. None mentioned. stakeholder management",5,4,None mentioned,5,Python|Tableau|GCP|SAP,4,None mentioned,1
Data Analyst,startup,2023-05-15,2023,2023Q2,"Data Analyst - join our team! Ideal candidate has 5 years of relevant experience and is proficient in Power BI, Machine Learning, Azure, Airflow, Salesforce, GCP. Master's preferred. We're looking for someone who can ambiguity.",5,6,Master's preferred,5,Power BI|Azure|GCP|Airflow|Machine Learning|Salesforce,6,Master's preferred,1
Data Analyst,startup,2023-05-15,2023,2023Q2,"Data Analyst - join our team! Ideal candidate has 2 years of relevant experience and is proficient in Excel, SAP, AWS, GCP, Power BI, dbt, Git, Airflow. Bachelor's required. We're looking for someone who can high-growth.",2,8,Bachelor's required,2,Excel|Power BI|AWS|GCP|dbt|Airflow|Git|SAP,8,Bachelor's required,1
Data Analyst,startup,2023-05-15,2023,2023Q2,"We are looking for a Data Analyst with 5+ years of experience. Required skills: Airflow, Excel, A/B Testing, R, Azure, Machine Learning. Master's preferred. ambiguity",5,6,Master's preferred,5,Excel|R|Azure|Airflow|A/B Testing|Machine Learning,6,Master's preferred,1
Data Analyst,enterprise,2023-05-15,2023,2023Q2,"As a Data Analyst, you will work with Airflow, Snowflake, R, Statistics, Azure. Minimum 3 years experience required. Master's preferred. Must thrive in a cross-functional collaboration.",3,5,Master's preferred,3,R|Azure|Snowflake|Airflow|Statistics,5,Master's preferred,1
Data Analyst,enterprise,2023-05-15,2023,2023Q2,"As a Data Analyst, you will work with SQL, A/B Testing, Python. Minimum 3 years experience required. None mentioned. Must thrive in a ownership mindset.",3,3,None mentioned,3,SQL|Python|A/B Testing,3,None mentioned,1
Data Analyst,enterprise,2023-05-15,2023,2023Q2,"Data Analyst - join our team! Ideal candidate has 2 years of relevant experience and is proficient in Git, Statistics, Snowflake, Python, Power BI, Spark. Bachelor's required. We're looking for someone who can ownership mindset.",2,6,Bachelor's required,2,Python|Power BI|Snowflake|Spark|Git|Statistics,6,Bachelor's required,1
Data Analyst,enterprise,2023-05-15,2023,2023Q2,"As a Data Analyst, you will work with Python, Azure, SAP, Salesforce, Power BI. Minimum 4 years experience required. Master's required. Must thrive in a self-starter.",4,5,Master's required,4,Python|Power BI|Azure|Salesforce|SAP,5,Master's required,1
Data Analyst,mid-size,2023-05-15,2023,2023Q2,"We are looking for a Data Analyst with 3+ years of experience. Required skills: Snowflake, Salesforce, dbt, Azure, Airflow, SQL. Master's preferred. scrappy, fast-paced environment, high-growth",3,6,Master's preferred,3,SQL|Azure|Snowflake|dbt|Airflow|Salesforce,6,Master's preferred,3
Data Analyst,startup,2023-05-15,2023,2023Q2,"As a Data Analyst, you will work with Power BI, GCP, Airflow. Minimum 2 years experience required. Bachelor's preferred. Must thrive in a wear many hats.",2,3,Bachelor's preferred,2,Power BI|GCP|Airflow,3,Bachelor's preferred,1
Data Analyst,mid-size,2023-05-15,2023,2023Q2,"As a Data Analyst, you will work with Python, Machine Learning, Statistics, Power BI. Minimum 4 years experience required. Bachelor's required. Must thrive in a ambiguity.",4,4,Bachelor's required,4,Python|Power BI|Statistics|Machine Learning,4,Bachelor's required,1
Data Analyst,startup,2023-05-15,2023,2023Q2,"We are looking for a Data Analyst with 1+ years of experience. Required skills: Power BI, Machine Learning, Python, SAP, SQL, R. Bachelor's preferred. ambiguity",1,6,Bachelor's preferred,1,SQL|Python|Power BI|R|Machine Learning|SAP,6,Bachelor's preferred,1
Data Analyst,mid-size,2023-05-15,2023,2023Q2,"Data Analyst - join our team! Ideal candidate has 5 years of relevant experience and is proficient in A/B Testing, SAP, GCP, Machine Learning. Master's required. We're looking for someone who can stakeholder management, high-growth.",5,4,Master's required,5,GCP|A/B Testing|Machine Learning|SAP,4,Master's required,2
Data Analyst,startup,2023-05-15,2023,2023Q2,"Data Analyst - join our team! Ideal candidate has 3 years of relevant experience and is proficient in GCP, Python, Excel, Statistics. None mentioned. We're looking for someone who can wear many hats.",3,4,None mentioned,3,Python|Excel|GCP|Statistics,4,None mentioned,1
Data Analyst,startup,2023-05-15,2023,2023Q2,"As a Data Analyst, you will work with Excel, Snowflake, Spark, Machine Learning. Minimum 3 years experience required. Bachelor's preferred. Must thrive in a high-growth.",3,4,Bachelor's preferred,3,Excel|Snowflake|Spark|Machine Learning,4,Bachelor's preferred,1
Data Analyst,mid-size,2023-05-15,2023,2023Q2,"Data Analyst - join our team! Ideal candidate has 4 years of relevant experience and is proficient in Power BI, Python, Excel, dbt, SQL, Airflow, Snowflake, Machine Learning, Git. Bachelor's required. We're looking for someone who can self-starter, high-growth.",4,9,Bachelor's required,4,SQL|Python|Excel|Power BI|Snowflake|dbt|Airflow|Git|Machine Learning,9,Bachelor's required,2
Data Analyst,startup,2023-05-15,2023,2023Q2,"Data Analyst - join our team! Ideal candidate has 5 years of relevant experience and is proficient in R, Salesforce, Excel, Machine Learning. Bachelor's required. We're looking for someone who can ambiguity.",5,4,Bachelor's required,5,Excel|R|Machine Learning|Salesforce,4,Bachelor's required,1
Data Analyst,startup,2023-05-15,2023,2023Q2,"Data Analyst - join our team! Ideal candidate has 1 years of relevant experience and is proficient in SQL, Excel, Tableau, Statistics, Salesforce, dbt. Bachelor's preferred. We're looking for someone who can self-starter.",1,6,Bachelor's preferred,1,SQL|Excel|Tableau|dbt|Statistics|Salesforce,6,Bachelor's preferred,1
Data Analyst,mid-size,2023-05-15,2023,2023Q2,"We are looking for a Data Analyst with 3+ years of experience. Required skills: R, Salesforce, GCP, Git. None mentioned. fast-paced environment, ambiguity, cross-functional collaboration",3,4,None mentioned,3,R|GCP|Git|Salesforce,4,None mentioned,3
Data Analyst,enterprise,2023-05-15,2023,2023Q2,"As a Data Analyst, you will work with dbt, Spark, SQL, Power BI, R. Minimum 4 years experience required. None mentioned. Must thrive in a cross-functional collaboration, stakeholder management.",4,5,None mentioned,4,SQL|Power BI|R|dbt|Spark,5,None mentioned,2
Data Analyst,enterprise,2023-05-15,2023,2023Q2,"Data Analyst - join our team! Ideal candidate has 5 years of relevant experience and is proficient in Looker, SAP, Salesforce, Snowflake, A/B Testing. None mentioned. We're looking for someone who can self-starter.",5,5,None mentioned,5,Looker|Snowflake|A/B Testing|Salesforce|SAP,5,None mentioned,1
Data Analyst,enterprise,2023-05-15,2023,2023Q2,"We are looking for a Data Analyst with 4+ years of experience. Required skills: Git, Snowflake, Looker. Bachelor's preferred. stakeholder management",4,3,Bachelor's preferred,4,Looker|Snowflake|Git,3,Bachelor's preferred,1
Data Analyst,startup,2023-05-15,2023,2023Q2,"We are looking for a Data Analyst with 3+ years of experience. Required skills: AWS, Excel, dbt, Azure, Looker, Machine Learning. None mentioned. wear many hats",3,6,None mentioned,3,Excel|AWS|Azure|Looker|dbt|Machine Learning,6,None mentioned,1
Data Analyst,mid-size,2023-05-15,2023,2023Q2,"We are looking for a Data Analyst with 4+ years of experience. Required skills: Power BI, A/B Testing, Looker, Git. Bachelor's preferred. cross-functional collaboration",4,4,Bachelor's preferred,4,Power BI|Looker|Git|A/B Testing,4,Bachelor's preferred,1
Data Analyst,mid-size,2023-05-15,2023,2023Q2,"As a Data Analyst, you will work with Snowflake, SAP, AWS, Excel, Tableau, GCP, Azure. Minimum 5 years experience required. Bachelor's required. Must thrive in a ownership mindset.",5,7,Bachelor's required,5,Excel|Tableau|AWS|Azure|GCP|Snowflake|SAP,7,Bachelor's required,1
Data Analyst,startup,2023-05-15,2023,2023Q2,"We are looking for a Data Analyst with 3+ years of experience. Required skills: Looker, Snowflake, Salesforce, Python, Airflow, Machine Learning, Statistics. None mentioned. scrappy, ambiguity",3,7,None mentioned,3,Python|Looker|Snowflake|Airflow|Statistics|Machine Learning|Salesforce,7,None mentioned,2
Data Analyst,startup,2023-05-15,2023,2023Q2,"Data Analyst - join our team! Ideal candidate has 4 years of relevant experience and is proficient in GCP, Salesforce, Machine Learning, Statistics. None mentioned. We're looking for someone who can wear many hats, cross-functional collaboration.",4,4,None mentioned,4,GCP|Statistics|Machine Learning|Salesforce,4,None mentioned,2
Data Analyst,mid-size,2023-05-15,2023,2023Q2,"Data Analyst - join our team! Ideal candidate has 5 years of relevant experience and is proficient in Power BI, Statistics, Spark, SQL, R. Bachelor's preferred. We're looking for someone who can fast-paced environment, ownership mindset, self-starter.",5,5,Bachelor's preferred,5,SQL|Power BI|R|Spark|Statistics,5,Bachelor's preferred,3
Data Analyst,mid-size,2023-05-15,2023,2023Q2,"As a Data Analyst, you will work with Looker, SAP, R, Snowflake, Python, Azure. Minimum 4 years experience required. Bachelor's required. Must thrive in a scrappy, self-starter.",4,6,Bachelor's required,4,Python|R|Azure|Looker|Snowflake|SAP,6,Bachelor's required,2
Data Analyst,mid-size,2023-05-15,2023,2023Q2,"We are looking for a Data Analyst with 3+ years of experience. Required skills: Azure, SAP, A/B Testing. Bachelor's required. cross-functional collaboration, wear many hats, scrappy",3,3,Bachelor's required,3,Azure|A/B Testing|SAP,3,Bachelor's required,3
Data Analyst,startup,2023-05-15,2023,2023Q2,"Data Analyst - join our team! Ideal candidate has 2 years of relevant experience and is proficient in Azure, Salesforce, Power BI, Looker. None mentioned. We're looking for someone who can wear many hats.",2,4,None mentioned,2,Power BI|Azure|Looker|Salesforce,4,None mentioned,1
Data Analyst,enterprise,2023-05-15,2023,2023Q2,"We are looking for a Data Analyst with 2+ years of experience. Required skills: SQL, Azure, Python. None mentioned. wear many hats",2,3,None mentioned,2,SQL|Python|Azure,3,None mentioned,1
Data Analyst,mid-size,2023-05-15,2023,2023Q2,"We are looking for a Data Analyst with 5+ years of experience. Required skills: Azure, Excel, Airflow, AWS, Looker. Bachelor's preferred. wear many hats",5,5,Bachelor's preferred,5,Excel|AWS|Azure|Looker|Airflow,5,Bachelor's preferred,1
Data Analyst,enterprise,2023-05-15,2023,2023Q2,"As a Data Analyst, you will work with Airflow, Git, GCP, SAP, Excel. Minimum 3 years experience required. Bachelor's preferred. Must thrive in a fast-paced environment, stakeholder management.",3,5,Bachelor's preferred,3,Excel|GCP|Airflow|Git|SAP,5,Bachelor's preferred,2
Data Analyst,startup,2023-05-15,2023,2023Q2,"We are looking for a Data Analyst with 4+ years of experience. Required skills: Git, Azure, R, SAP. None mentioned. high-growth",4,4,None mentioned,4,R|Azure|Git|SAP,4,None mentioned,1
Data Analyst,enterprise,2023-05-15,2023,2023Q2,"We are looking for a Data Analyst with 3+ years of experience. Required skills: Spark, SAP, Salesforce, Statistics. None mentioned. wear many hats, cross-functional collaboration, stakeholder management",3,4,None mentioned,3,Spark|Statistics|Salesforce|SAP,4,None mentioned,3
Data Analyst,startup,2023-05-15,2023,2023Q2,"As a Data Analyst, you will work with SQL, Power BI. Minimum 3 years experience required. Bachelor's required. Must thrive in a scrappy.",3,2,Bachelor's required,3,SQL|Power BI,2,Bachelor's required,1
Data Analyst,startup,2023-05-15,2023,2023Q2,"Data Analyst - join our team! Ideal candidate has 1 years of relevant experience and is proficient in Snowflake, Airflow, Excel, Looker. None mentioned. We're looking for someone who can self-starter.",1,4,None mentioned,1,Excel|Looker|Snowflake|Airflow,4,None mentioned,1
Data Analyst,mid-size,2023-05-15,2023,2023Q2,"Data Analyst - join our team! Ideal candidate has 4 years of relevant experience and is proficient in A/B Testing, AWS, Git, Excel, GCP, Power BI. None mentioned. We're looking for someone who can fast-paced environment.",4,6,None mentioned,4,Excel|Power BI|AWS|GCP|Git|A/B Testing,6,None mentioned,1
Data Analyst,startup,2023-05-15,2023,2023Q2,"Data Analyst - join our team! Ideal candidate has 4 years of relevant experience and is proficient in SAP, dbt, GCP, Airflow. Master's required. We're looking for someone who can scrappy, high-growth, stakeholder management.",4,4,Master's required,4,GCP|dbt|Airflow|SAP,4,Master's required,3
Data Analyst,startup,2023-05-15,2023,2023Q2,"Data Analyst - join our team! Ideal candidate has 3 years of relevant experience and is proficient in Snowflake, AWS, Tableau, Python, Spark, Excel. None mentioned. We're looking for someone who can ownership mindset, stakeholder management.",3,6,None mentioned,3,Python|Excel|Tableau|AWS|Snowflake|Spark,6,None mentioned,2
Data Analyst,mid-size,2023-05-15,2023,2023Q2,"We are looking for a Data Analyst with 5+ years of experience. Required skills: Excel, dbt, AWS, Git. Master's required. stakeholder management, ambiguity, self-starter",5,4,Master's required,5,Excel|AWS|dbt|Git,4,Master's required,3
Data Analyst,mid-size,2023-05-15,2023,2023Q2,"Data Analyst - join our team! Ideal candidate has 4 years of relevant experience and is proficient in A/B Testing, Statistics, SAP. Bachelor's required. We're looking for someone who can self-starter, fast-paced environment, cross-functional collaboration.",4,3,Bachelor's required,4,Statistics|A/B Testing|SAP,3,Bachelor's required,3
Data Analyst,enterprise,2023-05-15,2023,2023Q2,"Data Analyst - join our team! Ideal candidate has 3 years of relevant experience and is proficient in Statistics, Snowflake, Excel, Power BI, AWS. None mentioned. We're looking for someone who can stakeholder management.",3,5,None mentioned,3,Excel|Power BI|AWS|Snowflake|Statistics,5,None mentioned,1
Data Analyst,mid-size,2023-05-15,2023,2023Q2,"We are looking for a Data Analyst with 4+ years of experience. Required skills: SAP, SQL, Statistics, Azure. Bachelor's required. ambiguity",4,4,Bachelor's required,4,SQL|Azure|Statistics|SAP,4,Bachelor's required,1
Data Analyst,startup,2023-05-15,2023,2023Q2,"As a Data Analyst, you will work with Statistics, AWS, Azure, Snowflake, A/B Testing, Excel. Minimum 5 years experience required. None mentioned. Must thrive in a self-starter.",5,6,None mentioned,5,Excel|AWS|Azure|Snowflake|Statistics|A/B Testing,6,None mentioned,1
Data Analyst,mid-size,2023-05-15,2023,2023Q2,"We are looking for a Data Analyst with 6+ years of experience. Required skills: SAP, Python, Statistics, R, A/B Testing. Bachelor's preferred. wear many hats, ownership mindset, scrappy",6,5,Bachelor's preferred,6,Python|R|Statistics|A/B Testing|SAP,5,Bachelor's preferred,3
Data Analyst,startup,2023-05-15,2023,2023Q2,"As a Data Analyst, you will work with Airflow, GCP, Tableau, SQL, Machine Learning, Azure. Minimum 4 years experience required. Bachelor's preferred. Must thrive in a self-starter, ownership mindset.",4,6,Bachelor's preferred,4,SQL|Tableau|Azure|GCP|Airflow|Machine Learning,6,Bachelor's preferred,2
Data Analyst,startup,2023-05-15,2023,2023Q2,"We are looking for a Data Analyst with 2+ years of experience. Required skills: Git, R. Bachelor's required. wear many hats",2,2,Bachelor's required,2,R|Git,2,Bachelor's required,1
Data Analyst,mid-size,2023-05-15,2023,2023Q2,"As a Data Analyst, you will work with AWS, dbt, Power BI, Python, Snowflake. Minimum 5 years experience required. None mentioned. Must thrive in a ownership mindset, ambiguity, stakeholder management.",5,5,None mentioned,5,Python|Power BI|AWS|Snowflake|dbt,5,None mentioned,3
Data Analyst,mid-size,2023-05-15,2023,2023Q2,"As a Data Analyst, you will work with SQL, Azure, Airflow, R, A/B Testing, Looker. Minimum 2 years experience required. Master's required. Must thrive in a stakeholder management, ambiguity.",2,6,Master's required,2,SQL|R|Azure|Looker|Airflow|A/B Testing,6,Master's required,2
Data Analyst,enterprise,2023-05-15,2023,2023Q2,"We are looking for a Data Analyst with 2+ years of experience. Required skills: dbt, Tableau, Azure, Spark, Statistics, Power BI, Git. None mentioned. ownership mindset",2,7,None mentioned,2,Tableau|Power BI|Azure|dbt|Spark|Git|Statistics,7,None mentioned,1
Data Analyst,startup,2023-05-15,2023,2023Q2,"Data Analyst - join our team! Ideal candidate has 6 years of relevant experience and is proficient in Salesforce, AWS, Spark, dbt, Tableau, R, SQL. Bachelor's preferred. We're looking for someone who can high-growth.",6,7,Bachelor's preferred,6,SQL|Tableau|R|AWS|dbt|Spark|Salesforce,7,Bachelor's preferred,1
Data Analyst,startup,2023-05-15,2023,2023Q2,"We are looking for a Data Analyst with 4+ years of experience. Required skills: Excel, Machine Learning, Spark, Airflow, Salesforce. Bachelor's preferred. ownership mindset",4,5,Bachelor's preferred,4,Excel|Airflow|Spark|Machine Learning|Salesforce,5,Bachelor's preferred,1
Data Analyst,mid-size,2023-05-15,2023,2023Q2,"As a Data Analyst, you will work with SQL, Excel, Airflow, Azure, Git, Python, Tableau. Minimum 5 years experience required. Bachelor's required. Must thrive in a stakeholder management.",5,7,Bachelor's required,5,SQL|Python|Excel|Tableau|Azure|Airflow|Git,7,Bachelor's required,1
Data Analyst,startup,2023-05-15,2023,2023Q2,"As a Data Analyst, you will work with Python, A/B Testing, Looker, Power BI, Git, dbt. Minimum 3 years experience required. Bachelor's required. Must thrive in a stakeholder management.",3,6,Bachelor's required,3,Python|Power BI|Looker|dbt|Git|A/B Testing,6,Bachelor's required,1
Data Analyst,mid-size,2023-08-15,2023,2023Q3,"As a Data Analyst, you will work with Excel, Looker, Statistics, Salesforce, A/B Testing, SQL. Minimum 4 years experience required. Bachelor's preferred. Must thrive in a wear many hats.",4,6,Bachelor's preferred,4,SQL|Excel|Looker|Statistics|A/B Testing|Salesforce,6,Bachelor's preferred,1
Data Analyst,enterprise,2023-08-15,2023,2023Q3,"Data Analyst - join our team! Ideal candidate has 3 years of relevant experience and is proficient in Spark, Statistics, AWS, Machine Learning. Master's preferred. We're looking for someone who can high-growth, ambiguity, ownership mindset.",3,4,Master's preferred,3,AWS|Spark|Statistics|Machine Learning,4,Master's preferred,3
Data Analyst,mid-size,2023-08-15,2023,2023Q3,"As a Data Analyst, you will work with dbt, AWS, A/B Testing, Azure, Spark. Minimum 4 years experience required. Master's preferred. Must thrive in a fast-paced environment.",4,5,Master's preferred,4,AWS|Azure|dbt|Spark|A/B Testing,5,Master's preferred,1
Data Analyst,enterprise,2023-08-15,2023,2023Q3,"As a Data Analyst, you will work with SAP, Python, R, Tableau, Spark, dbt, Looker, A/B Testing. Minimum 5 years experience required. Bachelor's preferred. Must thrive in a scrappy.",5,8,Bachelor's preferred,5,Python|Tableau|R|Looker|dbt|Spark|A/B Testing|SAP,8,Bachelor's preferred,1
Data Analyst,startup,2023-08-15,2023,2023Q3,"As a Data Analyst, you will work with Looker, R, Spark, Azure, Statistics, Snowflake. Minimum 5 years experience required. None mentioned. Must thrive in a fast-paced environment.",5,6,None mentioned,5,R|Azure|Looker|Snowflake|Spark|Statistics,6,None mentioned,1
Data Analyst,startup,2023-08-15,2023,2023Q3,"We are looking for a Data Analyst with 4+ years of experience. Required skills: Salesforce, Azure, SQL, Python, AWS, Snowflake. Bachelor's preferred. wear many hats, self-starter, ambiguity",4,6,Bachelor's preferred,4,SQL|Python|AWS|Azure|Snowflake|Salesforce,6,Bachelor's preferred,3
Data Analyst,mid-size,2023-08-15,2023,2023Q3,"As a Data Analyst, you will work with Tableau, SQL, A/B Testing, Spark. Minimum 4 years experience required. None mentioned. Must thrive in a self-starter, ownership mindset.",4,4,None mentioned,4,SQL|Tableau|Spark|A/B Testing,4,None mentioned,2
Data Analyst,enterprise,2023-08-15,2023,2023Q3,"As a Data Analyst, you will work with GCP, SAP, Tableau. Minimum 5 years experience required. None mentioned. Must thrive in a stakeholder management.",5,3,None mentioned,5,Tableau|GCP|SAP,3,None mentioned,1
Data Analyst,enterprise,2023-08-15,2023,2023Q3,"Data Analyst - join our team! Ideal candidate has 7 years of relevant experience and is proficient in AWS, Machine Learning, Python, A/B Testing, Spark, dbt. Bachelor's required. We're looking for someone who can wear many hats, fast-paced environment.",7,6,Bachelor's required,7,Python|AWS|dbt|Spark|A/B Testing|Machine Learning,6,Bachelor's required,2
Data Analyst,enterprise,2023-08-15,2023,2023Q3,"As a Data Analyst, you will work with SAP, Azure, Git. Minimum 5 years experience required. Bachelor's required. Must thrive in a cross-functional collaboration.",5,3,Bachelor's required,5,Azure|Git|SAP,3,Bachelor's required,1
Data Analyst,startup,2023-08-15,2023,2023Q3,"As a Data Analyst, you will work with Power BI, GCP, R, Snowflake. Minimum 4 years experience required. None mentioned. Must thrive in a ambiguity.",4,4,None mentioned,4,Power BI|R|GCP|Snowflake,4,None mentioned,1
Data Analyst,startup,2023-08-15,2023,2023Q3,"As a Data Analyst, you will work with Spark, AWS, Statistics, R. Minimum 5 years experience required. Master's required. Must thrive in a ambiguity, cross-functional collaboration.",5,4,Master's required,5,R|AWS|Spark|Statistics,4,Master's required,2
Data Analyst,mid-size,2023-08-15,2023,2023Q3,"Data Analyst - join our team! Ideal candidate has 5 years of relevant experience and is proficient in Tableau, SQL, Git, Excel, Azure, SAP. Master's required. We're looking for someone who can scrappy, ambiguity.",5,6,Master's required,5,SQL|Excel|Tableau|Azure|Git|SAP,6,Master's required,2
Data Analyst,enterprise,2023-08-15,2023,2023Q3,"As a Data Analyst, you will work with Airflow, Machine Learning, Looker, Git, dbt, Salesforce. Minimum 4 years experience required. None mentioned. Must thrive in a scrappy, self-starter.",4,6,None mentioned,4,Looker|dbt|Airflow|Git|Machine Learning|Salesforce,6,None mentioned,2
Data Analyst,enterprise,2023-08-15,2023,2023Q3,"As a Data Analyst, you will work with Excel, Statistics, Looker, AWS. Minimum 5 years experience required. Master's preferred. Must thrive in a self-starter.",5,4,Master's preferred,5,Excel|AWS|Looker|Statistics,4,Master's preferred,1
Data Analyst,startup,2023-08-15,2023,2023Q3,"We are looking for a Data Analyst with 4+ years of experience. Required skills: Snowflake, GCP, A/B Testing, AWS, Power BI. Bachelor's required. high-growth",4,5,Bachelor's required,4,Power BI|AWS|GCP|Snowflake|A/B Testing,5,Bachelor's required,1
Data Analyst,startup,2023-08-15,2023,2023Q3,"We are looking for a Data Analyst with 4+ years of experience. Required skills: Azure, Python, Salesforce, Airflow, Statistics. Bachelor's preferred. scrappy",4,5,Bachelor's preferred,4,Python|Azure|Airflow|Statistics|Salesforce,5,Bachelor's preferred,1
Data Analyst,startup,2023-08-15,2023,2023Q3,"We are looking for a Data Analyst with 5+ years of experience. Required skills: Looker, Tableau, A/B Testing, GCP, Salesforce. Bachelor's preferred. ownership mindset, fast-paced environment, cross-functional collaboration",5,5,Bachelor's preferred,5,Tableau|GCP|Looker|A/B Testing|Salesforce,5,Bachelor's preferred,3
Data Analyst,mid-size,2023-08-15,2023,2023Q3,"As a Data Analyst, you will work with SAP, Power BI, Python, Salesforce, Excel, Statistics. Minimum 4 years experience required. Master's required. Must thrive in a scrappy, stakeholder management.",4,6,Master's required,4,Python|Excel|Power BI|Statistics|Salesforce|SAP,6,Master's required,2
Data Analyst,mid-size,2023-08-15,2023,2023Q3,"As a Data Analyst, you will work with AWS, Python, R, Git. Minimum 4 years experience required. None mentioned. Must thrive in a stakeholder management.",4,4,None mentioned,4,Python|R|AWS|Git,4,None mentioned,1
Data Analyst,mid-size,2023-08-15,2023,2023Q3,"As a Data Analyst, you will work with Statistics, Spark, Airflow, Python. Minimum 4 years experience required. Bachelor's preferred. Must thrive in a scrappy.",4,4,Bachelor's preferred,4,Python|Airflow|Spark|Statistics,4,Bachelor's preferred,1
Data Analyst,enterprise,2023-08-15,2023,2023Q3,"Data Analyst - join our team! Ideal candidate has 4 years of relevant experience and is proficient in A/B Testing, Airflow, SAP, R, Statistics, dbt, Azure, Looker, Machine Learning, AWS. Bachelor's required. We're looking for someone who can self-starter.",4,10,Bachelor's required,4,R|AWS|Azure|Looker|dbt|Airflow|Statistics|A/B Testing|Machine Learning|SAP,10,Bachelor's required,1
Data Analyst,startup,2023-08-15,2023,2023Q3,"Data Analyst - join our team! Ideal candidate has 4 years of relevant experience and is proficient in R, Power BI, A/B Testing, Excel, GCP. Master's required. We're looking for someone who can ownership mindset, stakeholder management.",4,5,Master's required,4,Excel|Power BI|R|GCP|A/B Testing,5,Master's required,2
Data Analyst,mid-size,2023-08-15,2023,2023Q3,"We are looking for a Data Analyst with 1+ years of experience. Required skills: Python, SAP, Power BI, AWS, R, Excel. Master's required. cross-functional collaboration",1,6,Master's required,1,Python|Excel|Power BI|R|AWS|SAP,6,Master's required,1
Data Analyst,enterprise,2023-08-15,2023,2023Q3,"As a Data Analyst, you will work with Looker, Python, GCP, Machine Learning, Salesforce. Minimum 4 years experience required. None mentioned. Must thrive in a ownership mindset.",4,5,None mentioned,4,Python|GCP|Looker|Machine Learning|Salesforce,5,None mentioned,1
Data Analyst,mid-size,2023-08-15,2023,2023Q3,"As a Data Analyst, you will work with SAP, Spark, Snowflake. Minimum 5 years experience required. Bachelor's required. Must thrive in a high-growth, stakeholder management.",5,3,Bachelor's required,5,Snowflake|Spark|SAP,3,Bachelor's required,2
Data Analyst,startup,2023-08-15,2023,2023Q3,"Data Analyst - join our team! Ideal candidate has 3 years of relevant experience and is proficient in Spark, Statistics, GCP, Power BI, Snowflake, dbt, SAP. None mentioned. We're looking for someone who can ambiguity.",3,7,None mentioned,3,Power BI|GCP|Snowflake|dbt|Spark|Statistics|SAP,7,None mentioned,1
Data Analyst,mid-size,2023-08-15,2023,2023Q3,"We are looking for a Data Analyst with 4+ years of experience. Required skills: Tableau, dbt, R, Machine Learning, Spark, SAP, Salesforce. Bachelor's preferred. high-growth",4,7,Bachelor's preferred,4,Tableau|R|dbt|Spark|Machine Learning|Salesforce|SAP,7,Bachelor's preferred,1
Data Analyst,startup,2023-08-15,2023,2023Q3,"As a Data Analyst, you will work with Statistics, SQL, Machine Learning, Azure, Git. Minimum 3 years experience required. None mentioned. Must thrive in a scrappy.",3,5,None mentioned,3,SQL|Azure|Git|Statistics|Machine Learning,5,None mentioned,1
Data Analyst,mid-size,2023-08-15,2023,2023Q3,"We are looking for a Data Analyst with 4+ years of experience. Required skills: Git, R, GCP, Statistics, Tableau, Spark. None mentioned. cross-functional collaboration, wear many hats",4,6,None mentioned,4,Tableau|R|GCP|Spark|Git|Statistics,6,None mentioned,2
Data Analyst,enterprise,2023-08-15,2023,2023Q3,"As a Data Analyst, you will work with Excel, Tableau, GCP, dbt, Git. Minimum 4 years experience required. Bachelor's preferred. Must thrive in a cross-functional collaboration.",4,5,Bachelor's preferred,4,Excel|Tableau|GCP|dbt|Git,5,Bachelor's preferred,1
Data Analyst,enterprise,2023-08-15,2023,2023Q3,"We are looking for a Data Analyst with 4+ years of experience. Required skills: Machine Learning, AWS, Looker, SAP, Excel. Master's preferred. fast-paced environment",4,5,Master's preferred,4,Excel|AWS|Looker|Machine Learning|SAP,5,Master's preferred,1
Data Analyst,startup,2023-08-15,2023,2023Q3,"We are looking for a Data Analyst with 3+ years of experience. Required skills: Python, R, Azure, dbt, Git, SAP, Snowflake, Looker. None mentioned. self-starter",3,8,None mentioned,3,Python|R|Azure|Looker|Snowflake|dbt|Git|SAP,8,None mentioned,1
Data Analyst,mid-size,2023-08-15,2023,2023Q3,"Data Analyst - join our team! Ideal candidate has 4 years of relevant experience and is proficient in Statistics, Salesforce, Power BI, Machine Learning, Spark, SAP. Bachelor's preferred. We're looking for someone who can self-starter.",4,6,Bachelor's preferred,4,Power BI|Spark|Statistics|Machine Learning|Salesforce|SAP,6,Bachelor's preferred,1
Data Analyst,startup,2023-08-15,2023,2023Q3,"Data Analyst - join our team! Ideal candidate has 4 years of relevant experience and is proficient in R, Statistics, Power BI, SAP. Master's preferred. We're looking for someone who can self-starter, fast-paced environment.",4,4,Master's preferred,4,Power BI|R|Statistics|SAP,4,Master's preferred,2
Data Analyst,enterprise,2023-08-15,2023,2023Q3,"As a Data Analyst, you will work with Statistics, Excel, Machine Learning, Spark, AWS. Minimum 4 years experience required. Bachelor's required. Must thrive in a wear many hats, self-starter.",4,5,Bachelor's required,4,Excel|AWS|Spark|Statistics|Machine Learning,5,Bachelor's required,2
Data Analyst,startup,2023-08-15,2023,2023Q3,"We are looking for a Data Analyst with 3+ years of experience. Required skills: Looker, Power BI, Tableau, Machine Learning, AWS. Bachelor's preferred. fast-paced environment, wear many hats, cross-functional collaboration",3,5,Bachelor's preferred,3,Tableau|Power BI|AWS|Looker|Machine Learning,5,Bachelor's preferred,3
Data Analyst,startup,2023-08-15,2023,2023Q3,"We are looking for a Data Analyst with 4+ years of experience. Required skills: A/B Testing, Git, Python, SAP, Power BI. None mentioned. wear many hats, ambiguity",4,5,None mentioned,4,Python|Power BI|Git|A/B Testing|SAP,5,None mentioned,2
Data Analyst,mid-size,2023-08-15,2023,2023Q3,"As a Data Analyst, you will work with Git, Statistics, Tableau, Machine Learning, GCP. Minimum 3 years experience required. None mentioned. Must thrive in a scrappy.",3,5,None mentioned,3,Tableau|GCP|Git|Statistics|Machine Learning,5,None mentioned,1
Data Analyst,mid-size,2023-08-15,2023,2023Q3,"As a Data Analyst, you will work with Git, AWS, dbt, Statistics, Power BI, Spark, SQL, Machine Learning. Minimum 5 years experience required. None mentioned. Must thrive in a wear many hats.",5,8,None mentioned,5,SQL|Power BI|AWS|dbt|Spark|Git|Statistics|Machine Learning,8,None mentioned,1
Data Analyst,startup,2023-08-15,2023,2023Q3,"We are looking for a Data Analyst with 3+ years of experience. Required skills: SAP, Machine Learning, Statistics, dbt, A/B Testing, Power BI, Tableau. None mentioned. ownership mindset",3,7,None mentioned,3,Tableau|Power BI|dbt|Statistics|A/B Testing|Machine Learning|SAP,7,None mentioned,1
Data Analyst,mid-size,2023-08-15,2023,2023Q3,"We are looking for a Data Analyst with 5+ years of experience. Required skills: AWS, Snowflake, Airflow, Excel, Git, Machine Learning. None mentioned. stakeholder management",5,6,None mentioned,5,Excel|AWS|Snowflake|Airflow|Git|Machine Learning,6,None mentioned,1
Data Analyst,startup,2023-08-15,2023,2023Q3,"We are looking for a Data Analyst with 4+ years of experience. Required skills: Salesforce, Python, Looker, GCP, Spark, SQL. Bachelor's required. high-growth, ambiguity",4,6,Bachelor's required,4,SQL|Python|GCP|Looker|Spark|Salesforce,6,Bachelor's required,2
Data Analyst,startup,2023-08-15,2023,2023Q3,"As a Data Analyst, you will work with Salesforce, Machine Learning, Azure, SAP, Excel, Statistics. Minimum 5 years experience required. None mentioned. Must thrive in a fast-paced environment.",5,6,None mentioned,5,Excel|Azure|Statistics|Machine Learning|Salesforce|SAP,6,None mentioned,1
Data Analyst,startup,2023-08-15,2023,2023Q3,"Data Analyst - join our team! Ideal candidate has 4 years of relevant experience and is proficient in SAP, Machine Learning, SQL, Python, A/B Testing, Azure. None mentioned. We're looking for someone who can ambiguity.",4,6,None mentioned,4,SQL|Python|Azure|A/B Testing|Machine Learning|SAP,6,None mentioned,1
Data Analyst,startup,2023-08-15,2023,2023Q3,"We are looking for a Data Analyst with 5+ years of experience. Required skills: Power BI, Spark. Bachelor's preferred. stakeholder management",5,2,Bachelor's preferred,5,Power BI|Spark,2,Bachelor's preferred,1
Data Analyst,enterprise,2023-08-15,2023,2023Q3,"As a Data Analyst, you will work with GCP, AWS, Snowflake, Azure, Python, Tableau, Power BI. Minimum 5 years experience required. Bachelor's preferred. Must thrive in a fast-paced environment.",5,7,Bachelor's preferred,5,Python|Tableau|Power BI|AWS|Azure|GCP|Snowflake,7,Bachelor's preferred,1
Data Analyst,mid-size,2023-08-15,2023,2023Q3,"As a Data Analyst, you will work with Salesforce, dbt, Git, R, Azure. Minimum 3 years experience required. None mentioned. Must thrive in a scrappy.",3,5,None mentioned,3,R|Azure|dbt|Git|Salesforce,5,None mentioned,1
Data Analyst,enterprise,2023-08-15,2023,2023Q3,"We are looking for a Data Analyst with 6+ years of experience. Required skills: Machine Learning, SAP, Azure, Python, GCP, Statistics, A/B Testing. Bachelor's preferred. ambiguity",6,7,Bachelor's preferred,6,Python|Azure|GCP|Statistics|A/B Testing|Machine Learning|SAP,7,Bachelor's preferred,1
Data Analyst,enterprise,2023-08-15,2023,2023Q3,"As a Data Analyst, you will work with SQL, Machine Learning, A/B Testing, Python, Airflow. Minimum 4 years experience required. Bachelor's preferred. Must thrive in a wear many hats, high-growth, scrappy.",4,5,Bachelor's preferred,4,SQL|Python|Airflow|A/B Testing|Machine Learning,5,Bachelor's preferred,3
Data Analyst,startup,2023-08-15,2023,2023Q3,"We are looking for a Data Analyst with 3+ years of experience. Required skills: Power BI, dbt, A/B Testing, Airflow. None mentioned. cross-functional collaboration",3,4,None mentioned,3,Power BI|dbt|Airflow|A/B Testing,4,None mentioned,1
Data Analyst,mid-size,2023-08-15,2023,2023Q3,"We are looking for a Data Analyst with 4+ years of experience. Required skills: Airflow, Spark, Excel, dbt. Bachelor's preferred. wear many hats, ownership mindset",4,4,Bachelor's preferred,4,Excel|dbt|Airflow|Spark,4,Bachelor's preferred,2
Data Analyst,enterprise,2023-08-15,2023,2023Q3,"We are looking for a Data Analyst with 3+ years of experience. Required skills: Spark, AWS, SQL, Python. Bachelor's preferred. wear many hats",3,4,Bachelor's preferred,3,SQL|Python|AWS|Spark,4,Bachelor's preferred,1
Data Analyst,enterprise,2023-08-15,2023,2023Q3,"We are looking for a Data Analyst with 4+ years of experience. Required skills: Spark, R, SQL, dbt. None mentioned. ownership mindset",4,4,None mentioned,4,SQL|R|dbt|Spark,4,None mentioned,1
Data Analyst,startup,2023-08-15,2023,2023Q3,"Data Analyst - join our team! Ideal candidate has 2 years of relevant experience and is proficient in SAP, R, GCP. Bachelor's required. We're looking for someone who can wear many hats.",2,3,Bachelor's required,2,R|GCP|SAP,3,Bachelor's required,1
Data Analyst,startup,2023-08-15,2023,2023Q3,"As a Data Analyst, you will work with Excel, dbt, Tableau, Statistics, Azure, SAP. Minimum 3 years experience required. Bachelor's required. Must thrive in a ownership mindset, fast-paced environment, cross-functional collaboration.",3,6,Bachelor's required,3,Excel|Tableau|Azure|dbt|Statistics|SAP,6,Bachelor's required,3
Data Analyst,enterprise,2023-08-15,2023,2023Q3,"Data Analyst - join our team! Ideal candidate has 5 years of relevant experience and is proficient in Machine Learning, Python, SQL. None mentioned. We're looking for someone who can high-growth, scrappy, cross-functional collaboration.",5,3,None mentioned,5,SQL|Python|Machine Learning,3,None mentioned,3
Data Analyst,startup,2023-08-15,2023,2023Q3,"We are looking for a Data Analyst with 5+ years of experience. Required skills: SAP, dbt, GCP, A/B Testing, R. None mentioned. high-growth",5,5,None mentioned,5,R|GCP|dbt|A/B Testing|SAP,5,None mentioned,1
Data Analyst,enterprise,2023-08-15,2023,2023Q3,"Data Analyst - join our team! Ideal candidate has 5 years of relevant experience and is proficient in Excel, Tableau, SQL, A/B Testing, GCP. Master's required. We're looking for someone who can ownership mindset, self-starter.",5,5,Master's required,5,SQL|Excel|Tableau|GCP|A/B Testing,5,Master's required,2
Data Analyst,enterprise,2023-08-15,2023,2023Q3,"We are looking for a Data Analyst with 4+ years of experience. Required skills: Looker, Python, Excel, dbt, Airflow. None mentioned. ambiguity",4,5,None mentioned,4,Python|Excel|Looker|dbt|Airflow,5,None mentioned,1
Data Analyst,startup,2023-08-15,2023,2023Q3,"As a Data Analyst, you will work with Git, Statistics, AWS, R. Minimum 4 years experience required. Bachelor's required. Must thrive in a scrappy.",4,4,Bachelor's required,4,R|AWS|Git|Statistics,4,Bachelor's required,1
Data Analyst,mid-size,2023-08-15,2023,2023Q3,"We are looking for a Data Analyst with 3+ years of experience. Required skills: Machine Learning, Git, Spark. None mentioned. high-growth",3,3,None mentioned,3,Spark|Git|Machine Learning,3,None mentioned,1
Data Analyst,enterprise,2023-08-15,2023,2023Q3,"As a Data Analyst, you will work with Salesforce, AWS, Git, SAP, dbt, Azure, Spark, Tableau. Minimum 3 years experience required. Master's preferred. Must thrive in a scrappy.",3,8,Master's preferred,3,Tableau|AWS|Azure|dbt|Spark|Git|Salesforce|SAP,8,Master's preferred,1
Data Analyst,mid-size,2023-08-15,2023,2023Q3,"We are looking for a Data Analyst with 5+ years of experience. Required skills: dbt, R, Python, AWS, SQL, Salesforce. Bachelor's preferred. high-growth",5,6,Bachelor's preferred,5,SQL|Python|R|AWS|dbt|Salesforce,6,Bachelor's preferred,1
Data Analyst,mid-size,2023-08-15,2023,2023Q3,"Data Analyst - join our team! Ideal candidate has 5 years of relevant experience and is proficient in Statistics, SAP, Excel, Git. None mentioned. We're looking for someone who can ambiguity.",5,4,None mentioned,5,Excel|Git|Statistics|SAP,4,None mentioned,1
Data Analyst,mid-size,2023-08-15,2023,2023Q3,"Data Analyst - join our team! Ideal candidate has 3 years of relevant experience and is proficient in Airflow, A/B Testing, Salesforce, AWS. Master's preferred. We're looking for someone who can ambiguity.",3,4,Master's preferred,3,AWS|Airflow|A/B Testing|Salesforce,4,Master's preferred,1
Data Analyst,startup,2023-08-15,2023,2023Q3,"As a Data Analyst, you will work with Python, Azure, dbt, R, Airflow, SAP. Minimum 4 years experience required. Master's required. Must thrive in a fast-paced environment.",4,6,Master's required,4,Python|R|Azure|dbt|Airflow|SAP,6,Master's required,1
Data Analyst,enterprise,2023-08-15,2023,2023Q3,"Data Analyst - join our team! Ideal candidate has 5 years of relevant experience and is proficient in Spark, Excel, Python, Git, Salesforce, GCP, Snowflake. Master's required. We're looking for someone who can ambiguity.",5,7,Master's required,5,Python|Excel|GCP|Snowflake|Spark|Git|Salesforce,7,Master's required,1
Data Analyst,mid-size,2023-08-15,2023,2023Q3,"Data Analyst - join our team! Ideal candidate has 3 years of relevant experience and is proficient in A/B Testing, Snowflake, AWS, Spark, Airflow. Bachelor's required. We're looking for someone who can ownership mindset.",3,5,Bachelor's required,3,AWS|Snowflake|Airflow|Spark|A/B Testing,5,Bachelor's required,1
Data Analyst,startup,2023-08-15,2023,2023Q3,"We are looking for a Data Analyst with 4+ years of experience. Required skills: Machine Learning, Airflow, SQL. Master's required. ownership mindset, high-growth, ambiguity",4,3,Master's required,4,SQL|Airflow|Machine Learning,3,Master's required,3
Data Analyst,startup,2023-08-15,2023,2023Q3,"Data Analyst - join our team! Ideal candidate has 3 years of relevant experience and is proficient in dbt, GCP, SQL, Statistics, Python, AWS. None mentioned. We're looking for someone who can self-starter.",3,6,None mentioned,3,SQL|Python|AWS|GCP|dbt|Statistics,6,None mentioned,1
Data Analyst,startup,2023-08-15,2023,2023Q3,"As a Data Analyst, you will work with SQL, Snowflake, Excel. Minimum 6 years experience required. None mentioned. Must thrive in a self-starter.",6,3,None mentioned,6,SQL|Excel|Snowflake,3,None mentioned,1
Data Analyst,enterprise,2023-08-15,2023,2023Q3,"As a Data Analyst, you will work with R, Machine Learning, Airflow, Tableau, SAP, Excel, SQL. Minimum 6 years experience required. Bachelor's preferred. Must thrive in a stakeholder management.",6,7,Bachelor's preferred,6,SQL|Excel|Tableau|R|Airflow|Machine Learning|SAP,7,Bachelor's preferred,1
Data Analyst,enterprise,2023-08-15,2023,2023Q3,"We are looking for a Data Analyst with 4+ years of experience. Required skills: Power BI, Git, SQL, Spark. Bachelor's required. fast-paced environment",4,4,Bachelor's required,4,SQL|Power BI|Spark|Git,4,Bachelor's required,1
Data Analyst,mid-size,2023-08-15,2023,2023Q3,"As a Data Analyst, you will work with SAP, Salesforce, Tableau, Machine Learning, A/B Testing, Snowflake. Minimum 2 years experience required. None mentioned. Must thrive in a ambiguity, wear many hats, high-growth.",2,6,None mentioned,2,Tableau|Snowflake|A/B Testing|Machine Learning|Salesforce|SAP,6,None mentioned,3
Data Analyst,mid-size,2023-08-15,2023,2023Q3,"Data Analyst - join our team! Ideal candidate has 6 years of relevant experience and is proficient in Power BI, Python, Looker, Tableau, Azure. Bachelor's preferred. We're looking for someone who can ownership mindset.",6,5,Bachelor's preferred,6,Python|Tableau|Power BI|Azure|Looker,5,Bachelor's preferred,1
Data Analyst,mid-size,2023-08-15,2023,2023Q3,"We are looking for a Data Analyst with 3+ years of experience. Required skills: Looker, dbt, Power BI, Statistics. Bachelor's preferred. scrappy, self-starter",3,4,Bachelor's preferred,3,Power BI|Looker|dbt|Statistics,4,Bachelor's preferred,2
Data Analyst,enterprise,2023-08-15,2023,2023Q3,"As a Data Analyst, you will work with Statistics, R, Azure, Salesforce, AWS, Git, GCP, SQL. Minimum 6 years experience required. Master's preferred. Must thrive in a scrappy.",6,8,Master's preferred,6,SQL|R|AWS|Azure|GCP|Git|Statistics|Salesforce,8,Master's preferred,1
Data Analyst,enterprise,2023-08-15,2023,2023Q3,"We are looking for a Data Analyst with 2+ years of experience. Required skills: R, Git, Looker, Power BI, Python. Bachelor's preferred. ownership mindset",2,5,Bachelor's preferred,2,Python|Power BI|R|Looker|Git,5,Bachelor's preferred,1
Data Analyst,startup,2023-08-15,2023,2023Q3,"We are looking for a Data Analyst with 3+ years of experience. Required skills: dbt, Tableau, Python, Airflow, SAP, Excel. Bachelor's preferred. fast-paced environment",3,6,Bachelor's preferred,3,Python|Excel|Tableau|dbt|Airflow|SAP,6,Bachelor's preferred,1
Data Analyst,enterprise,2023-08-15,2023,2023Q3,"We are looking for a Data Analyst with 3+ years of experience. Required skills: R, Airflow, Statistics, Power BI, A/B Testing, Excel, Snowflake. Bachelor's preferred. fast-paced environment",3,7,Bachelor's preferred,3,Excel|Power BI|R|Snowflake|Airflow|Statistics|A/B Testing,7,Bachelor's preferred,1
Data Analyst,startup,2023-08-15,2023,2023Q3,"Data Analyst - join our team! Ideal candidate has 4 years of relevant experience and is proficient in Excel, SQL, Machine Learning, Airflow, Python, Spark. Bachelor's preferred. We're looking for someone who can high-growth, scrappy, ambiguity.",4,6,Bachelor's preferred,4,SQL|Python|Excel|Airflow|Spark|Machine Learning,6,Bachelor's preferred,3
Data Analyst,startup,2023-08-15,2023,2023Q3,"We are looking for a Data Analyst with 5+ years of experience. Required skills: Git, A/B Testing, Power BI, GCP, Looker. Bachelor's preferred. fast-paced environment",5,5,Bachelor's preferred,5,Power BI|GCP|Looker|Git|A/B Testing,5,Bachelor's preferred,1
Data Analyst,enterprise,2023-08-15,2023,2023Q3,"Data Analyst - join our team! Ideal candidate has 4 years of relevant experience and is proficient in Git, Statistics, Airflow, Python, Snowflake, Looker. Bachelor's preferred. We're looking for someone who can ambiguity.",4,6,Bachelor's preferred,4,Python|Looker|Snowflake|Airflow|Git|Statistics,6,Bachelor's preferred,1
Data Analyst,startup,2023-08-15,2023,2023Q3,"Data Analyst - join our team! Ideal candidate has 2 years of relevant experience and is proficient in Looker, SAP, GCP, SQL. Bachelor's required. We're looking for someone who can stakeholder management.",2,4,Bachelor's required,2,SQL|GCP|Looker|SAP,4,Bachelor's required,1
Data Analyst,mid-size,2023-08-15,2023,2023Q3,"As a Data Analyst, you will work with Git, dbt, R, Machine Learning, Statistics, A/B Testing. Minimum 5 years experience required. Master's required. Must thrive in a cross-functional collaboration.",5,6,Master's required,5,R|dbt|Git|Statistics|A/B Testing|Machine Learning,6,Master's required,1
Data Analyst,mid-size,2023-08-15,2023,2023Q3,"Data Analyst - join our team! Ideal candidate has 5 years of relevant experience and is proficient in A/B Testing, AWS, Machine Learning, Excel. Master's preferred. We're looking for someone who can wear many hats.",5,4,Master's preferred,5,Excel|AWS|A/B Testing|Machine Learning,4,Master's preferred,1
Data Analyst,mid-size,2023-08-15,2023,2023Q3,"We are looking for a Data Analyst with 5+ years of experience. Required skills: Spark, A/B Testing, Statistics, R, Salesforce, Excel, SAP. Master's preferred. fast-paced environment, stakeholder management",5,7,Master's preferred,5,Excel|R|Spark|Statistics|A/B Testing|Salesforce|SAP,7,Master's preferred,2
Data Analyst,startup,2023-08-15,2023,2023Q3,"We are looking for a Data Analyst with 4+ years of experience. Required skills: GCP, SAP, Excel, Spark, Power BI, Snowflake. Bachelor's preferred. stakeholder management",4,6,Bachelor's preferred,4,Excel|Power BI|GCP|Snowflake|Spark|SAP,6,Bachelor's preferred,1
Data Analyst,startup,2023-08-15,2023,2023Q3,"Data Analyst - join our team! Ideal candidate has 5 years of relevant experience and is proficient in GCP, Machine Learning, R, Azure, Python, Power BI, SAP. None mentioned. We're looking for someone who can ownership mindset, scrappy.",5,7,None mentioned,5,Python|Power BI|R|Azure|GCP|Machine Learning|SAP,7,None mentioned,2
Data Analyst,startup,2023-08-15,2023,2023Q3,"Data Analyst - join our team! Ideal candidate has 5 years of relevant experience and is proficient in Python, dbt, Tableau, Azure, AWS. Bachelor's required. We're looking for someone who can high-growth.",5,5,Bachelor's required,5,Python|Tableau|AWS|Azure|dbt,5,Bachelor's required,1
Data Analyst,mid-size,2023-08-15,2023,2023Q3,"As a Data Analyst, you will work with Looker, SAP, Excel, A/B Testing, R, Power BI. Minimum 3 years experience required. Bachelor's required. Must thrive in a ambiguity.",3,6,Bachelor's required,3,Excel|Power BI|R|Looker|A/B Testing|SAP,6,Bachelor's required,1
Data Analyst,enterprise,2023-08-15,2023,2023Q3,"Data Analyst - join our team! Ideal candidate has 2 years of relevant experience and is proficient in Salesforce, Looker, Azure, Power BI. Bachelor's preferred. We're looking for someone who can ambiguity, ownership mindset, stakeholder management.",2,4,Bachelor's preferred,2,Power BI|Azure|Looker|Salesforce,4,Bachelor's preferred,3
Data Analyst,enterprise,2023-08-15,2023,2023Q3,"Data Analyst - join our team! Ideal candidate has 6 years of relevant experience and is proficient in Azure, Machine Learning, Power BI, AWS, Git, R. None mentioned. We're looking for someone who can scrappy.",6,6,None mentioned,6,Power BI|R|AWS|Azure|Git|Machine Learning,6,None mentioned,1
Data Analyst,startup,2023-08-15,2023,2023Q3,"We are looking for a Data Analyst with 5+ years of experience. Required skills: GCP, Tableau, Machine Learning, Looker, Python. Master's required. high-growth",5,5,Master's required,5,Python|Tableau|GCP|Looker|Machine Learning,5,Master's required,1
Data Analyst,mid-size,2023-08-15,2023,2023Q3,"Data Analyst - join our team! Ideal candidate has 6 years of relevant experience and is proficient in Excel, Python, Looker. Bachelor's preferred. We're looking for someone who can fast-paced environment.",6,3,Bachelor's preferred,6,Python|Excel|Looker,3,Bachelor's preferred,1
Data Analyst,startup,2023-08-15,2023,2023Q3,"Data Analyst - join our team! Ideal candidate has 5 years of relevant experience and is proficient in SAP, Azure, Spark. Master's preferred. We're looking for someone who can stakeholder management, self-starter, ownership mindset.",5,3,Master's preferred,5,Azure|Spark|SAP,3,Master's preferred,3
Data Analyst,mid-size,2023-08-15,2023,2023Q3,"We are looking for a Data Analyst with 4+ years of experience. Required skills: Spark, Azure, Excel, SAP. Bachelor's required. self-starter",4,4,Bachelor's required,4,Excel|Azure|Spark|SAP,4,Bachelor's required,1
Data Analyst,enterprise,2023-08-15,2023,2023Q3,"We are looking for a Data Analyst with 4+ years of experience. Required skills: Airflow, Tableau, SAP, GCP. None mentioned. ownership mindset, scrappy",4,4,None mentioned,4,Tableau|GCP|Airflow|SAP,4,None mentioned,2
Data Analyst,mid-size,2023-08-15,2023,2023Q3,"Data Analyst - join our team! Ideal candidate has 4 years of relevant experience and is proficient in Spark, Airflow, GCP, Statistics, Salesforce, Excel. None mentioned. We're looking for someone who can self-starter.",4,6,None mentioned,4,Excel|GCP|Airflow|Spark|Statistics|Salesforce,6,None mentioned,1
Data Analyst,enterprise,2023-08-15,2023,2023Q3,"As a Data Analyst, you will work with Tableau, Statistics, Machine Learning, Snowflake, Looker, Azure, AWS, R. Minimum 4 years experience required. Bachelor's preferred. Must thrive in a stakeholder management.",4,8,Bachelor's preferred,4,Tableau|R|AWS|Azure|Looker|Snowflake|Statistics|Machine Learning,8,Bachelor's preferred,1
Data Analyst,mid-size,2023-08-15,2023,2023Q3,"We are looking for a Data Analyst with 6+ years of experience. Required skills: SAP, A/B Testing, Looker, Excel, SQL. Master's required. stakeholder management, wear many hats",6,5,Master's required,6,SQL|Excel|Looker|A/B Testing|SAP,5,Master's required,2
Data Analyst,enterprise,2023-08-15,2023,2023Q3,"We are looking for a Data Analyst with 6+ years of experience. Required skills: Snowflake, Git, Airflow, dbt, Machine Learning, GCP, Tableau, SAP. Bachelor's required. fast-paced environment",6,8,Bachelor's required,6,Tableau|GCP|Snowflake|dbt|Airflow|Git|Machine Learning|SAP,8,Bachelor's required,1
Data Analyst,enterprise,2023-08-15,2023,2023Q3,"We are looking for a Data Analyst with 1+ years of experience. Required skills: Spark, SQL, Git, AWS, Salesforce, GCP, Snowflake. Bachelor's preferred. high-growth, ownership mindset",1,7,Bachelor's preferred,1,SQL|AWS|GCP|Snowflake|Spark|Git|Salesforce,7,Bachelor's preferred,2
Data Analyst,startup,2023-08-15,2023,2023Q3,"Data Analyst - join our team! Ideal candidate has 4 years of relevant experience and is proficient in A/B Testing, Spark, dbt, R. Master's required. We're looking for someone who can self-starter.",4,4,Master's required,4,R|dbt|Spark|A/B Testing,4,Master's required,1
Data Analyst,mid-size,2023-08-15,2023,2023Q3,"We are looking for a Data Analyst with 3+ years of experience. Required skills: SAP, SQL, Statistics, Machine Learning, AWS. None mentioned. high-growth, wear many hats, cross-functional collaboration",3,5,None mentioned,3,SQL|AWS|Statistics|Machine Learning|SAP,5,None mentioned,3
Data Analyst,mid-size,2023-08-15,2023,2023Q3,"As a Data Analyst, you will work with Statistics, SQL, Looker, Salesforce, Snowflake. Minimum 3 years experience required. Bachelor's required. Must thrive in a stakeholder management.",3,5,Bachelor's required,3,SQL|Looker|Snowflake|Statistics|Salesforce,5,Bachelor's required,1
Data Analyst,startup,2023-08-15,2023,2023Q3,"We are looking for a Data Analyst with 3+ years of experience. Required skills: SQL, dbt. Master's required. ownership mindset",3,2,Master's required,3,SQL|dbt,2,Master's required,1
Data Analyst,startup,2023-08-15,2023,2023Q3,"We are looking for a Data Analyst with 5+ years of experience. Required skills: Snowflake, Python, Azure, GCP. Bachelor's required. stakeholder management",5,4,Bachelor's required,5,Python|Azure|GCP|Snowflake,4,Bachelor's required,1
Data Analyst,startup,2023-08-15,2023,2023Q3,"As a Data Analyst, you will work with Looker, Azure, SAP, dbt, Airflow, AWS. Minimum 5 years experience required. None mentioned. Must thrive in a ambiguity, stakeholder management, wear many hats.",5,6,None mentioned,5,AWS|Azure|Looker|dbt|Airflow|SAP,6,None mentioned,3
Data Analyst,startup,2023-08-15,2023,2023Q3,"As a Data Analyst, you will work with A/B Testing, GCP, SAP, Looker, Spark, Power BI, Snowflake, Azure. Minimum 4 years experience required. None mentioned. Must thrive in a stakeholder management.",4,8,None mentioned,4,Power BI|Azure|GCP|Looker|Snowflake|Spark|A/B Testing|SAP,8,None mentioned,1
Data Analyst,startup,2023-08-15,2023,2023Q3,"Data Analyst - join our team! Ideal candidate has 6 years of relevant experience and is proficient in AWS, SQL, Snowflake. Bachelor's required. We're looking for someone who can scrappy, high-growth, cross-functional collaboration.",6,3,Bachelor's required,6,SQL|AWS|Snowflake,3,Bachelor's required,3
Data Analyst,mid-size,2023-08-15,2023,2023Q3,"Data Analyst - join our team! Ideal candidate has 3 years of relevant experience and is proficient in Power BI, Spark, Airflow, Azure. Bachelor's required. We're looking for someone who can scrappy, cross-functional collaboration.",3,4,Bachelor's required,3,Power BI|Azure|Airflow|Spark,4,Bachelor's required,2
Data Analyst,mid-size,2023-08-15,2023,2023Q3,"We are looking for a Data Analyst with 5+ years of experience. Required skills: R, Salesforce, Spark, Excel. None mentioned. ambiguity",5,4,None mentioned,5,Excel|R|Spark|Salesforce,4,None mentioned,1
Data Analyst,enterprise,2023-08-15,2023,2023Q3,"As a Data Analyst, you will work with R, Looker, SAP, Excel, dbt, AWS. Minimum 5 years experience required. Master's required. Must thrive in a high-growth, fast-paced environment, cross-functional collaboration.",5,6,Master's required,5,Excel|R|AWS|Looker|dbt|SAP,6,Master's required,3
Data Analyst,mid-size,2023-08-15,2023,2023Q3,"We are looking for a Data Analyst with 4+ years of experience. Required skills: Looker, dbt, Statistics, Tableau, AWS, SAP. Bachelor's required. cross-functional collaboration",4,6,Bachelor's required,4,Tableau|AWS|Looker|dbt|Statistics|SAP,6,Bachelor's required,1
Data Analyst,enterprise,2023-08-15,2023,2023Q3,"We are looking for a Data Analyst with 2+ years of experience. Required skills: Git, AWS, Salesforce, SQL, Power BI. Bachelor's required. stakeholder management",2,5,Bachelor's required,2,SQL|Power BI|AWS|Git|Salesforce,5,Bachelor's required,1
Data Analyst,mid-size,2023-08-15,2023,2023Q3,"We are looking for a Data Analyst with 5+ years of experience. Required skills: Spark, A/B Testing, Azure, dbt, Statistics, Airflow, Salesforce, Snowflake, AWS. Bachelor's required. fast-paced environment, wear many hats",5,9,Bachelor's required,5,AWS|Azure|Snowflake|dbt|Airflow|Spark|Statistics|A/B Testing|Salesforce,9,Bachelor's required,2
Data Analyst,mid-size,2023-08-15,2023,2023Q3,"As a Data Analyst, you will work with Airflow, SAP, R, Looker, Snowflake. Minimum 4 years experience required. Master's required. Must thrive in a cross-functional collaboration, self-starter.",4,5,Master's required,4,R|Looker|Snowflake|Airflow|SAP,5,Master's required,2
Data Analyst,mid-size,2023-08-15,2023,2023Q3,"As a Data Analyst, you will work with Machine Learning, Snowflake, SAP, Excel. Minimum 3 years experience required. None mentioned. Must thrive in a cross-functional collaboration.",3,4,None mentioned,3,Excel|Snowflake|Machine Learning|SAP,4,None mentioned,1
Data Analyst,startup,2023-08-15,2023,2023Q3,"As a Data Analyst, you will work with Tableau, Machine Learning, R, Airflow, Statistics. Minimum 6 years experience required. Bachelor's preferred. Must thrive in a fast-paced environment, scrappy.",6,5,Bachelor's preferred,6,Tableau|R|Airflow|Statistics|Machine Learning,5,Bachelor's preferred,2
Data Analyst,startup,2023-08-15,2023,2023Q3,"Data Analyst - join our team! Ideal candidate has 3 years of relevant experience and is proficient in Python, Salesforce, Snowflake, R. Bachelor's preferred. We're looking for someone who can self-starter.",3,4,Bachelor's preferred,3,Python|R|Snowflake|Salesforce,4,Bachelor's preferred,1
Data Analyst,startup,2023-08-15,2023,2023Q3,"Data Analyst - join our team! Ideal candidate has 4 years of relevant experience and is proficient in Tableau, Python, Spark, Power BI, Snowflake. Master's preferred. We're looking for someone who can fast-paced environment, high-growth.",4,5,Master's preferred,4,Python|Tableau|Power BI|Snowflake|Spark,5,Master's preferred,2
Data Analyst,mid-size,2023-08-15,2023,2023Q3,"Data Analyst - join our team! Ideal candidate has 3 years of relevant experience and is proficient in Looker, Statistics, dbt, Tableau, Spark. None mentioned. We're looking for someone who can ambiguity, wear many hats.",3,5,None mentioned,3,Tableau|Looker|dbt|Spark|Statistics,5,None mentioned,2
Data Analyst,mid-size,2023-08-15,2023,2023Q3,"Data Analyst - join our team! Ideal candidate has 5 years of relevant experience and is proficient in SAP, Statistics, Power BI. Master's preferred. We're looking for someone who can high-growth.",5,3,Master's preferred,5,Power BI|Statistics|SAP,3,Master's preferred,1
Data Analyst,mid-size,2023-08-15,2023,2023Q3,"As a Data Analyst, you will work with Azure, R, Spark, Looker. Minimum 4 years experience required. None mentioned. Must thrive in a cross-functional collaboration.",4,4,None mentioned,4,R|Azure|Looker|Spark,4,None mentioned,1
Data Analyst,enterprise,2023-08-15,2023,2023Q3,"We are looking for a Data Analyst with 4+ years of experience. Required skills: Tableau, SQL, AWS, Salesforce, GCP, Airflow. None mentioned. fast-paced environment",4,6,None mentioned,4,SQL|Tableau|AWS|GCP|Airflow|Salesforce,6,None mentioned,1
Data Analyst,enterprise,2023-08-15,2023,2023Q3,"Data Analyst - join our team! Ideal candidate has 6 years of relevant experience and is proficient in dbt, Tableau, Python. Master's required. We're looking for someone who can cross-functional collaboration, self-starter, scrappy.",6,3,Master's required,6,Python|Tableau|dbt,3,Master's required,3
Data Analyst,enterprise,2023-08-15,2023,2023Q3,"Data Analyst - join our team! Ideal candidate has 6 years of relevant experience and is proficient in SQL, Power BI, R, Git, AWS. Bachelor's preferred. We're looking for someone who can scrappy.",6,5,Bachelor's preferred,6,SQL|Power BI|R|AWS|Git,5,Bachelor's preferred,1
Data Analyst,enterprise,2023-08-15,2023,2023Q3,"Data Analyst - join our team! Ideal candidate has 3 years of relevant experience and is proficient in A/B Testing, Looker, Excel. Bachelor's required. We're looking for someone who can scrappy, wear many hats.",3,3,Bachelor's required,3,Excel|Looker|A/B Testing,3,Bachelor's required,2
Data Analyst,mid-size,2023-08-15,2023,2023Q3,"As a Data Analyst, you will work with GCP, Excel, R, Azure, Power BI, Snowflake. Minimum 3 years experience required. None mentioned. Must thrive in a fast-paced environment.",3,6,None mentioned,3,Excel|Power BI|R|Azure|GCP|Snowflake,6,None mentioned,1
Data Analyst,enterprise,2023-08-15,2023,2023Q3,"Data Analyst - join our team! Ideal candidate has 3 years of relevant experience and is proficient in Spark, Azure, Looker, AWS, Statistics. None mentioned. We're looking for someone who can ownership mindset, high-growth, fast-paced environment.",3,5,None mentioned,3,AWS|Azure|Looker|Spark|Statistics,5,None mentioned,3
Data Analyst,mid-size,2023-08-15,2023,2023Q3,"Data Analyst - join our team! Ideal candidate has 3 years of relevant experience and is proficient in Tableau, R, SQL, Salesforce, Excel. Bachelor's required. We're looking for someone who can stakeholder management.",3,5,Bachelor's required,3,SQL|Excel|Tableau|R|Salesforce,5,Bachelor's required,1
Data Analyst,mid-size,2023-08-15,2023,2023Q3,"We are looking for a Data Analyst with 6+ years of experience. Required skills: Airflow, Salesforce, Snowflake, A/B Testing, Statistics, SQL. Bachelor's preferred. cross-functional collaboration",6,6,Bachelor's preferred,6,SQL|Snowflake|Airflow|Statistics|A/B Testing|Salesforce,6,Bachelor's preferred,1
Data Analyst,mid-size,2023-08-15,2023,2023Q3,"Data Analyst - join our team! Ideal candidate has 3 years of relevant experience and is proficient in A/B Testing, Salesforce, Tableau, SAP, Snowflake. Master's preferred. We're looking for someone who can scrappy, high-growth, stakeholder management.",3,5,Master's preferred,3,Tableau|Snowflake|A/B Testing|Salesforce|SAP,5,Master's preferred,3
Data Analyst,startup,2023-08-15,2023,2023Q3,"We are looking for a Data Analyst with 3+ years of experience. Required skills: Git, Tableau, SAP, Salesforce, GCP, SQL. None mentioned. self-starter",3,6,None mentioned,3,SQL|Tableau|GCP|Git|Salesforce|SAP,6,None mentioned,1
Data Analyst,startup,2023-08-15,2023,2023Q3,"As a Data Analyst, you will work with SQL, dbt, Salesforce, Excel, R, AWS, Python, Airflow. Minimum 4 years experience required. Bachelor's required. Must thrive in a stakeholder management.",4,8,Bachelor's required,4,SQL|Python|Excel|R|AWS|dbt|Airflow|Salesforce,8,Bachelor's required,1
Data Analyst,enterprise,2023-08-15,2023,2023Q3,"As a Data Analyst, you will work with R, Excel, Statistics, Looker, Salesforce, Machine Learning. Minimum 3 years experience required. Master's preferred. Must thrive in a self-starter.",3,6,Master's preferred,3,Excel|R|Looker|Statistics|Machine Learning|Salesforce,6,Master's preferred,1
Data Analyst,enterprise,2023-08-15,2023,2023Q3,"Data Analyst - join our team! Ideal candidate has 4 years of relevant experience and is proficient in Git, Excel, GCP, Python, SQL. None mentioned. We're looking for someone who can fast-paced environment.",4,5,None mentioned,4,SQL|Python|Excel|GCP|Git,5,None mentioned,1
Data Analyst,startup,2023-08-15,2023,2023Q3,"As a Data Analyst, you will work with AWS, Excel, Looker, Power BI. Minimum 1 years experience required. Bachelor's preferred. Must thrive in a cross-functional collaboration, high-growth.",1,4,Bachelor's preferred,1,Excel|Power BI|AWS|Looker,4,Bachelor's preferred,2
Data Analyst,startup,2023-08-15,2023,2023Q3,"Data Analyst - join our team! Ideal candidate has 6 years of relevant experience and is proficient in Spark, SQL, Snowflake, AWS, Tableau, Excel. Bachelor's preferred. We're looking for someone who can cross-functional collaboration, ownership mindset, stakeholder management.",6,6,Bachelor's preferred,6,SQL|Excel|Tableau|AWS|Snowflake|Spark,6,Bachelor's preferred,3
Data Analyst,mid-size,2023-08-15,2023,2023Q3,"We are looking for a Data Analyst with 5+ years of experience. Required skills: Machine Learning, A/B Testing, Tableau, Git, Power BI, Snowflake. Bachelor's preferred. self-starter",5,6,Bachelor's preferred,5,Tableau|Power BI|Snowflake|Git|A/B Testing|Machine Learning,6,Bachelor's preferred,1
Data Analyst,mid-size,2023-08-15,2023,2023Q3,"We are looking for a Data Analyst with 4+ years of experience. Required skills: Azure, SAP, Snowflake. None mentioned. fast-paced environment",4,3,None mentioned,4,Azure|Snowflake|SAP,3,None mentioned,1
Data Analyst,startup,2023-08-15,2023,2023Q3,"We are looking for a Data Analyst with 4+ years of experience. Required skills: GCP, SQL, AWS, Salesforce. Bachelor's preferred. self-starter",4,4,Bachelor's preferred,4,SQL|AWS|GCP|Salesforce,4,Bachelor's preferred,1
Data Analyst,enterprise,2023-08-15,2023,2023Q3,"We are looking for a Data Analyst with 4+ years of experience. Required skills: dbt, Excel, Salesforce, GCP, Tableau, R, Airflow, Looker, Machine Learning. Bachelor's preferred. self-starter",4,9,Bachelor's preferred,4,Excel|Tableau|R|GCP|Looker|dbt|Airflow|Machine Learning|Salesforce,9,Bachelor's preferred,1
Data Analyst,startup,2023-08-15,2023,2023Q3,"As a Data Analyst, you will work with SQL, Azure, A/B Testing, Looker, Statistics, R. Minimum 5 years experience required. Bachelor's required. Must thrive in a fast-paced environment.",5,6,Bachelor's required,5,SQL|R|Azure|Looker|Statistics|A/B Testing,6,Bachelor's required,1
Data Analyst,startup,2023-08-15,2023,2023Q3,"Data Analyst - join our team! Ideal candidate has 5 years of relevant experience and is proficient in Git, Airflow. Master's preferred. We're looking for someone who can cross-functional collaboration.",5,2,Master's preferred,5,Airflow|Git,2,Master's preferred,1
Data Analyst,startup,2023-08-15,2023,2023Q3,"We are looking for a Data Analyst with 6+ years of experience. Required skills: Salesforce, Excel, Python, SAP, Machine Learning, Airflow. None mentioned. ownership mindset, self-starter",6,6,None mentioned,6,Python|Excel|Airflow|Machine Learning|Salesforce|SAP,6,None mentioned,2
Data Analyst,mid-size,2023-08-15,2023,2023Q3,"Data Analyst - join our team! Ideal candidate has 3 years of relevant experience and is proficient in Git, Azure, Tableau, Salesforce, Machine Learning. Bachelor's preferred. We're looking for someone who can wear many hats, cross-functional collaboration, stakeholder management.",3,5,Bachelor's preferred,3,Tableau|Azure|Git|Machine Learning|Salesforce,5,Bachelor's preferred,3
Data Analyst,enterprise,2023-08-15,2023,2023Q3,"As a Data Analyst, you will work with A/B Testing, SQL, Statistics, Tableau, GCP. Minimum 4 years experience required. Bachelor's required. Must thrive in a high-growth.",4,5,Bachelor's required,4,SQL|Tableau|GCP|Statistics|A/B Testing,5,Bachelor's required,1
Data Analyst,mid-size,2023-11-15,2023,2023Q4,"Data Analyst - join our team! Ideal candidate has 5 years of relevant experience and is proficient in A/B Testing, AWS, Power BI, Machine Learning, Airflow. Master's preferred. We're looking for someone who can ownership mindset, stakeholder management.",5,5,Master's preferred,5,Power BI|AWS|Airflow|A/B Testing|Machine Learning,5,Master's preferred,2
Data Analyst,mid-size,2023-11-15,2023,2023Q4,"We are looking for a Data Analyst with 6+ years of experience. Required skills: R, dbt, Azure, SAP, Python, Machine Learning, Snowflake, Tableau. Bachelor's required. self-starter, stakeholder management",6,8,Bachelor's required,6,Python|Tableau|R|Azure|Snowflake|dbt|Machine Learning|SAP,8,Bachelor's required,2
Data Analyst,enterprise,2023-11-15,2023,2023Q4,"As a Data Analyst, you will work with Tableau, Azure, AWS, Machine Learning, Statistics, Spark, Excel. Minimum 7 years experience required. Master's required. Must thrive in a cross-functional collaboration.",7,7,Master's required,7,Excel|Tableau|AWS|Azure|Spark|Statistics|Machine Learning,7,Master's required,1
Data Analyst,startup,2023-11-15,2023,2023Q4,"We are looking for a Data Analyst with 5+ years of experience. Required skills: Power BI, Looker, SQL, AWS, Tableau, GCP. Master's required. stakeholder management, scrappy",5,6,Master's required,5,SQL|Tableau|Power BI|AWS|GCP|Looker,6,Master's required,2
Data Analyst,enterprise,2023-11-15,2023,2023Q4,"As a Data Analyst, you will work with Snowflake, dbt, Salesforce, Airflow, Power BI, R. Minimum 4 years experience required. Master's required. Must thrive in a stakeholder management, self-starter, fast-paced environment.",4,6,Master's required,4,Power BI|R|Snowflake|dbt|Airflow|Salesforce,6,Master's required,3
Data Analyst,mid-size,2023-11-15,2023,2023Q4,"As a Data Analyst, you will work with Python, SQL, GCP, Airflow, A/B Testing, Power BI, SAP. Minimum 4 years experience required. None mentioned. Must thrive in a wear many hats.",4,7,None mentioned,4,SQL|Python|Power BI|GCP|Airflow|A/B Testing|SAP,7,None mentioned,1
Data Analyst,mid-size,2023-11-15,2023,2023Q4,"Data Analyst - join our team! Ideal candidate has 4 years of relevant experience and is proficient in A/B Testing, Tableau, GCP, Azure, AWS, Machine Learning. Bachelor's preferred. We're looking for someone who can fast-paced environment, ambiguity, wear many hats.",4,6,Bachelor's preferred,4,Tableau|AWS|Azure|GCP|A/B Testing|Machine Learning,6,Bachelor's preferred,3
Data Analyst,enterprise,2023-11-15,2023,2023Q4,"We are looking for a Data Analyst with 3+ years of experience. Required skills: Tableau, Spark, Machine Learning, Excel, Snowflake, Airflow, SAP. Bachelor's preferred. fast-paced environment, high-growth",3,7,Bachelor's preferred,3,Excel|Tableau|Snowflake|Airflow|Spark|Machine Learning|SAP,7,Bachelor's preferred,2
Data Analyst,startup,2023-11-15,2023,2023Q4,"We are looking for a Data Analyst with 6+ years of experience. Required skills: Azure, Airflow, SAP, Looker, Power BI. None mentioned. cross-functional collaboration, scrappy",6,5,None mentioned,6,Power BI|Azure|Looker|Airflow|SAP,5,None mentioned,2
Data Analyst,startup,2023-11-15,2023,2023Q4,"As a Data Analyst, you will work with dbt, GCP, Looker. Minimum 3 years experience required. Master's required. Must thrive in a ownership mindset, ambiguity, scrappy.",3,3,Master's required,3,GCP|Looker|dbt,3,Master's required,3
Data Analyst,enterprise,2023-11-15,2023,2023Q4,"We are looking for a Data Analyst with 5+ years of experience. Required skills: Spark, R, Git, Python. Bachelor's preferred. scrappy",5,4,Bachelor's preferred,5,Python|R|Spark|Git,4,Bachelor's preferred,1
Data Analyst,mid-size,2023-11-15,2023,2023Q4,"As a Data Analyst, you will work with Looker, Statistics, Tableau, dbt, R. Minimum 5 years experience required. None mentioned. Must thrive in a ambiguity, fast-paced environment, cross-functional collaboration.",5,5,None mentioned,5,Tableau|R|Looker|dbt|Statistics,5,None mentioned,3
Data Analyst,enterprise,2023-11-15,2023,2023Q4,"As a Data Analyst, you will work with A/B Testing, SAP, Azure, Looker, Excel. Minimum 5 years experience required. Master's required. Must thrive in a wear many hats.",5,5,Master's required,5,Excel|Azure|Looker|A/B Testing|SAP,5,Master's required,1
Data Analyst,mid-size,2023-11-15,2023,2023Q4,"We are looking for a Data Analyst with 5+ years of experience. Required skills: SQL, Excel, Python, GCP, Statistics, dbt, Airflow. None mentioned. fast-paced environment",5,7,None mentioned,5,SQL|Python|Excel|GCP|dbt|Airflow|Statistics,7,None mentioned,1
Data Analyst,startup,2023-11-15,2023,2023Q4,"As a Data Analyst, you will work with Excel, Machine Learning, R, GCP, Power BI. Minimum 5 years experience required. None mentioned. Must thrive in a self-starter, stakeholder management, ownership mindset.",5,5,None mentioned,5,Excel|Power BI|R|GCP|Machine Learning,5,None mentioned,3
Data Analyst,enterprise,2023-11-15,2023,2023Q4,"We are looking for a Data Analyst with 4+ years of experience. Required skills: Snowflake, Machine Learning, GCP, Git, Statistics, Power BI, Excel. Master's required. self-starter, wear many hats",4,7,Master's required,4,Excel|Power BI|GCP|Snowflake|Git|Statistics|Machine Learning,7,Master's required,2
Data Analyst,enterprise,2023-11-15,2023,2023Q4,"As a Data Analyst, you will work with Power BI, SQL, Airflow, A/B Testing. Minimum 4 years experience required. Bachelor's preferred. Must thrive in a scrappy.",4,4,Bachelor's preferred,4,SQL|Power BI|Airflow|A/B Testing,4,Bachelor's preferred,1
Data Analyst,enterprise,2023-11-15,2023,2023Q4,"Data Analyst - join our team! Ideal candidate has 3 years of relevant experience and is proficient in Statistics, AWS, Airflow, Python, Looker, Excel. None mentioned. We're looking for someone who can stakeholder management.",3,6,None mentioned,3,Python|Excel|AWS|Looker|Airflow|Statistics,6,None mentioned,1
Data Analyst,enterprise,2023-11-15,2023,2023Q4,"As a Data Analyst, you will work with GCP, dbt, SAP, Looker, Azure. Minimum 4 years experience required. Bachelor's preferred. Must thrive in a stakeholder management, scrappy, ambiguity.",4,5,Bachelor's preferred,4,Azure|GCP|Looker|dbt|SAP,5,Bachelor's preferred,3
Data Analyst,enterprise,2023-11-15,2023,2023Q4,"As a Data Analyst, you will work with Azure, Spark, AWS, Power BI, R. Minimum 3 years experience required. Master's required. Must thrive in a fast-paced environment.",3,5,Master's required,3,Power BI|R|AWS|Azure|Spark,5,Master's required,1
Data Analyst,startup,2023-11-15,2023,2023Q4,"As a Data Analyst, you will work with Python, Azure, Salesforce, Airflow. Minimum 4 years experience required. Bachelor's preferred. Must thrive in a scrappy.",4,4,Bachelor's preferred,4,Python|Azure|Airflow|Salesforce,4,Bachelor's preferred,1
Data Analyst,enterprise,2023-11-15,2023,2023Q4,"Data Analyst - join our team! Ideal candidate has 3 years of relevant experience and is proficient in Tableau, Airflow, Azure, Salesforce, A/B Testing, GCP. Bachelor's preferred. We're looking for someone who can cross-functional collaboration, scrappy.",3,6,Bachelor's preferred,3,Tableau|Azure|GCP|Airflow|A/B Testing|Salesforce,6,Bachelor's preferred,2
Data Analyst,enterprise,2023-11-15,2023,2023Q4,"As a Data Analyst, you will work with Statistics, Azure, Looker, Spark, R. Minimum 4 years experience required. Bachelor's required. Must thrive in a stakeholder management.",4,5,Bachelor's required,4,R|Azure|Looker|Spark|Statistics,5,Bachelor's required,1
Data Analyst,startup,2023-11-15,2023,2023Q4,"We are looking for a Data Analyst with 6+ years of experience. Required skills: Machine Learning, Tableau, A/B Testing, Git. None mentioned. high-growth, wear many hats, ownership mindset",6,4,None mentioned,6,Tableau|Git|A/B Testing|Machine Learning,4,None mentioned,3
Data Analyst,startup,2023-11-15,2023,2023Q4,"Data Analyst - join our team! Ideal candidate has 4 years of relevant experience and is proficient in Excel, Airflow, GCP, Statistics, Git. None mentioned. We're looking for someone who can self-starter.",4,5,None mentioned,4,Excel|GCP|Airflow|Git|Statistics,5,None mentioned,1
Data Analyst,enterprise,2023-11-15,2023,2023Q4,"As a Data Analyst, you will work with Power BI, AWS, R, Looker. Minimum 4 years experience required. Bachelor's preferred. Must thrive in a ambiguity.",4,4,Bachelor's preferred,4,Power BI|R|AWS|Looker,4,Bachelor's preferred,1
Data Analyst,enterprise,2023-11-15,2023,2023Q4,"As a Data Analyst, you will work with Machine Learning, Python, SQL, Azure, Tableau, AWS, Snowflake. Minimum 4 years experience required. None mentioned. Must thrive in a cross-functional collaboration.",4,7,None mentioned,4,SQL|Python|Tableau|AWS|Azure|Snowflake|Machine Learning,7,None mentioned,1
Data Analyst,enterprise,2023-11-15,2023,2023Q4,"As a Data Analyst, you will work with Excel, R, Python, AWS, Spark. Minimum 5 years experience required. Master's preferred. Must thrive in a self-starter, fast-paced environment, stakeholder management.",5,5,Master's preferred,5,Python|Excel|R|AWS|Spark,5,Master's preferred,3
Data Analyst,mid-size,2023-11-15,2023,2023Q4,"As a Data Analyst, you will work with AWS, GCP, Statistics, Snowflake, Airflow. Minimum 4 years experience required. Master's preferred. Must thrive in a fast-paced environment.",4,5,Master's preferred,4,AWS|GCP|Snowflake|Airflow|Statistics,5,Master's preferred,1
Data Analyst,enterprise,2023-11-15,2023,2023Q4,"We are looking for a Data Analyst with 4+ years of experience. Required skills: Statistics, AWS, Looker, SQL, Salesforce. Master's preferred. cross-functional collaboration",4,5,Master's preferred,4,SQL|AWS|Looker|Statistics|Salesforce,5,Master's preferred,1
Data Analyst,mid-size,2023-11-15,2023,2023Q4,"We are looking for a Data Analyst with 4+ years of experience. Required skills: dbt, Tableau, GCP, Airflow. None mentioned. high-growth, self-starter",4,4,None mentioned,4,Tableau|GCP|dbt|Airflow,4,None mentioned,2
Data Analyst,startup,2023-11-15,2023,2023Q4,"We are looking for a Data Analyst with 4+ years of experience. Required skills: dbt, AWS, R, Git, Power BI, Python, Excel. Bachelor's preferred. ownership mindset",4,7,Bachelor's preferred,4,Python|Excel|Power BI|R|AWS|dbt|Git,7,Bachelor's preferred,1
Data Analyst,mid-size,2023-11-15,2023,2023Q4,"We are looking for a Data Analyst with 5+ years of experience. Required skills: Git, Salesforce, Machine Learning, Spark, A/B Testing. Master's required. scrappy",5,5,Master's required,5,Spark|Git|A/B Testing|Machine Learning|Salesforce,5,Master's required,1
Data Analyst,enterprise,2023-11-15,2023,2023Q4,"As a Data Analyst, you will work with A/B Testing, Statistics, AWS. Minimum 2 years experience required. Bachelor's preferred. Must thrive in a ownership mindset.",2,3,Bachelor's preferred,2,AWS|Statistics|A/B Testing,3,Bachelor's preferred,1
Data Analyst,mid-size,2023-11-15,2023,2023Q4,"As a Data Analyst, you will work with SAP, Python, Power BI, Azure. Minimum 4 years experience required. Master's required. Must thrive in a ambiguity.",4,4,Master's required,4,Python|Power BI|Azure|SAP,4,Master's required,1
Data Analyst,enterprise,2023-11-15,2023,2023Q4,"Data Analyst - join our team! Ideal candidate has 2 years of relevant experience and is proficient in Looker, Python, AWS, Excel, Azure, Salesforce, R. Master's required. We're looking for someone who can fast-paced environment.",2,7,Master's required,2,Python|Excel|R|AWS|Azure|Looker|Salesforce,7,Master's required,1
Data Analyst,startup,2023-11-15,2023,2023Q4,"We are looking for a Data Analyst with 4+ years of experience. Required skills: Looker, Azure, Excel, AWS. Bachelor's preferred. cross-functional collaboration",4,4,Bachelor's preferred,4,Excel|AWS|Azure|Looker,4,Bachelor's preferred,1
Data Analyst,startup,2023-11-15,2023,2023Q4,"Data Analyst - join our team! Ideal candidate has 3 years of relevant experience and is proficient in Git, Excel, R, Power BI. Master's required. We're looking for someone who can ownership mindset.",3,4,Master's required,3,Excel|Power BI|R|Git,4,Master's required,1
Data Analyst,enterprise,2023-11-15,2023,2023Q4,"As a Data Analyst, you will work with Airflow, Tableau, GCP, Spark, Looker, Power BI. Minimum 5 years experience required. None mentioned. Must thrive in a stakeholder management.",5,6,None mentioned,5,Tableau|Power BI|GCP|Looker|Airflow|Spark,6,None mentioned,1
Data Analyst,enterprise,2023-11-15,2023,2023Q4,"Data Analyst - join our team! Ideal candidate has 5 years of relevant experience and is proficient in R, Tableau, Salesforce, Machine Learning, Snowflake, SAP. Bachelor's required. We're looking for someone who can cross-functional collaboration.",5,6,Bachelor's required,5,Tableau|R|Snowflake|Machine Learning|Salesforce|SAP,6,Bachelor's required,1
Data Analyst,mid-size,2023-11-15,2023,2023Q4,"As a Data Analyst, you will work with Statistics, dbt, Python, Excel, Snowflake, GCP. Minimum 3 years experience required. Bachelor's required. Must thrive in a self-starter.",3,6,Bachelor's required,3,Python|Excel|GCP|Snowflake|dbt|Statistics,6,Bachelor's required,1
Data Analyst,startup,2023-11-15,2023,2023Q4,"Data Analyst - join our team! Ideal candidate has 4 years of relevant experience and is proficient in Machine Learning, SAP, Power BI, Snowflake, dbt. Master's required. We're looking for someone who can scrappy.",4,5,Master's required,4,Power BI|Snowflake|dbt|Machine Learning|SAP,5,Master's required,1
Data Analyst,enterprise,2023-11-15,2023,2023Q4,"As a Data Analyst, you will work with GCP, Power BI, Azure, Excel, SQL. Minimum 3 years experience required. None mentioned. Must thrive in a wear many hats, ambiguity.",3,5,None mentioned,3,SQL|Excel|Power BI|Azure|GCP,5,None mentioned,2
Data Analyst,startup,2023-11-15,2023,2023Q4,"As a Data Analyst, you will work with Azure, R, Power BI, Spark, Snowflake, Tableau. Minimum 3 years experience required. Bachelor's preferred. Must thrive in a stakeholder management, ownership mindset, fast-paced environment.",3,6,Bachelor's preferred,3,Tableau|Power BI|R|Azure|Snowflake|Spark,6,Bachelor's preferred,3
Data Analyst,mid-size,2023-11-15,2023,2023Q4,"We are looking for a Data Analyst with 5+ years of experience. Required skills: Snowflake, Azure, Salesforce, Looker, Tableau. Bachelor's preferred. self-starter",5,5,Bachelor's preferred,5,Tableau|Azure|Looker|Snowflake|Salesforce,5,Bachelor's preferred,1
Data Analyst,enterprise,2023-11-15,2023,2023Q4,"Data Analyst - join our team! Ideal candidate has 6 years of relevant experience and is proficient in AWS, Statistics, GCP, Git, Salesforce, Spark, Looker. None mentioned. We're looking for someone who can self-starter, ownership mindset, wear many hats.",6,7,None mentioned,6,AWS|GCP|Looker|Spark|Git|Statistics|Salesforce,7,None mentioned,3
Data Analyst,enterprise,2023-11-15,2023,2023Q4,"We are looking for a Data Analyst with 5+ years of experience. Required skills: R, Azure, SAP, GCP. Master's preferred. scrappy, cross-functional collaboration, ownership mindset",5,4,Master's preferred,5,R|Azure|GCP|SAP,4,Master's preferred,3
Data Analyst,mid-size,2023-11-15,2023,2023Q4,"As a Data Analyst, you will work with SQL, SAP, Power BI, Tableau, Snowflake, AWS, GCP, Looker. Minimum 4 years experience required. Bachelor's preferred. Must thrive in a ownership mindset.",4,8,Bachelor's preferred,4,SQL|Tableau|Power BI|AWS|GCP|Looker|Snowflake|SAP,8,Bachelor's preferred,1
Data Analyst,startup,2023-11-15,2023,2023Q4,"As a Data Analyst, you will work with A/B Testing, R, Python, Snowflake, Machine Learning, Tableau, Azure. Minimum 4 years experience required. Bachelor's required. Must thrive in a fast-paced environment, self-starter.",4,7,Bachelor's required,4,Python|Tableau|R|Azure|Snowflake|A/B Testing|Machine Learning,7,Bachelor's required,2
Data Analyst,startup,2023-11-15,2023,2023Q4,"As a Data Analyst, you will work with Statistics, Spark, GCP, Snowflake, Salesforce, SQL, Git, Looker, A/B Testing, Python. Minimum 5 years experience required. None mentioned. Must thrive in a cross-functional collaboration.",5,10,None mentioned,5,SQL|Python|GCP|Looker|Snowflake|Spark|Git|Statistics|A/B Testing|Salesforce,10,None mentioned,1
Data Analyst,enterprise,2023-11-15,2023,2023Q4,"As a Data Analyst, you will work with GCP, Excel, Looker, Machine Learning, Git, Python. Minimum 5 years experience required. None mentioned. Must thrive in a stakeholder management, high-growth, ambiguity.",5,6,None mentioned,5,Python|Excel|GCP|Looker|Git|Machine Learning,6,None mentioned,3
Data Analyst,startup,2023-11-15,2023,2023Q4,"Data Analyst - join our team! Ideal candidate has 3 years of relevant experience and is proficient in GCP, Excel, Power BI, SAP, Python, Looker. None mentioned. We're looking for someone who can wear many hats.",3,6,None mentioned,3,Python|Excel|Power BI|GCP|Looker|SAP,6,None mentioned,1
Data Analyst,startup,2023-11-15,2023,2023Q4,"As a Data Analyst, you will work with AWS, Statistics, Azure, Snowflake, dbt, Spark, Tableau, Airflow. Minimum 5 years experience required. Bachelor's preferred. Must thrive in a stakeholder management, ambiguity, wear many hats.",5,8,Bachelor's preferred,5,Tableau|AWS|Azure|Snowflake|dbt|Airflow|Spark|Statistics,8,Bachelor's preferred,3
Data Analyst,mid-size,2023-11-15,2023,2023Q4,"We are looking for a Data Analyst with 3+ years of experience. Required skills: dbt, SQL, Salesforce, Looker. None mentioned. ambiguity, wear many hats, fast-paced environment",3,4,None mentioned,3,SQL|Looker|dbt|Salesforce,4,None mentioned,3
Data Analyst,enterprise,2023-11-15,2023,2023Q4,"Data Analyst - join our team! Ideal candidate has 2 years of relevant experience and is proficient in Tableau, Snowflake, A/B Testing, Azure, R, Git, Looker, Machine Learning. None mentioned. We're looking for someone who can high-growth.",2,8,None mentioned,2,Tableau|R|Azure|Looker|Snowflake|Git|A/B Testing|Machine Learning,8,None mentioned,1
Data Analyst,mid-size,2023-11-15,2023,2023Q4,"Data Analyst - join our team! Ideal candidate has 3 years of relevant experience and is proficient in Python, R, AWS, Salesforce, Statistics, Snowflake. None mentioned. We're looking for someone who can ownership mindset.",3,6,None mentioned,3,Python|R|AWS|Snowflake|Statistics|Salesforce,6,None mentioned,1
Data Analyst,startup,2023-11-15,2023,2023Q4,"We are looking for a Data Analyst with 4+ years of experience. Required skills: Spark, Excel, R, Git, Looker. None mentioned. cross-functional collaboration",4,5,None mentioned,4,Excel|R|Looker|Spark|Git,5,None mentioned,1
Data Analyst,enterprise,2023-11-15,2023,2023Q4,"Data Analyst - join our team! Ideal candidate has 3 years of relevant experience and is proficient in A/B Testing, Machine Learning, SAP, Spark, Python. None mentioned. We're looking for someone who can high-growth, stakeholder management, fast-paced environment.",3,5,None mentioned,3,Python|Spark|A/B Testing|Machine Learning|SAP,5,None mentioned,3
Data Analyst,startup,2023-11-15,2023,2023Q4,"We are looking for a Data Analyst with 2+ years of experience. Required skills: Spark, GCP, Machine Learning, Tableau, SAP. Master's preferred. scrappy, self-starter, cross-functional collaboration",2,5,Master's preferred,2,Tableau|GCP|Spark|Machine Learning|SAP,5,Master's preferred,3
Data Analyst,enterprise,2023-11-15,2023,2023Q4,"Data Analyst - join our team! Ideal candidate has 3 years of relevant experience and is proficient in Power BI, A/B Testing, R, Machine Learning, Statistics, SQL, Excel. None mentioned. We're looking for someone who can high-growth, cross-functional collaboration, stakeholder management.",3,7,None mentioned,3,SQL|Excel|Power BI|R|Statistics|A/B Testing|Machine Learning,7,None mentioned,3
Data Analyst,mid-size,2023-11-15,2023,2023Q4,"As a Data Analyst, you will work with Tableau, Snowflake, Excel, R, Spark. Minimum 3 years experience required. None mentioned. Must thrive in a wear many hats, scrappy, self-starter.",3,5,None mentioned,3,Excel|Tableau|R|Snowflake|Spark,5,None mentioned,3
Data Analyst,enterprise,2023-11-15,2023,2023Q4,"As a Data Analyst, you will work with Git, Snowflake, SAP, SQL, Power BI. Minimum 6 years experience required. Bachelor's preferred. Must thrive in a self-starter.",6,5,Bachelor's preferred,6,SQL|Power BI|Snowflake|Git|SAP,5,Bachelor's preferred,1
Data Analyst,startup,2023-11-15,2023,2023Q4,"We are looking for a Data Analyst with 6+ years of experience. Required skills: Tableau, Excel, Azure, Git, SQL. Bachelor's required. stakeholder management",6,5,Bachelor's required,6,SQL|Excel|Tableau|Azure|Git,5,Bachelor's required,1
Data Analyst,mid-size,2023-11-15,2023,2023Q4,"As a Data Analyst, you will work with Snowflake, SQL, Statistics, AWS, GCP, Tableau. Minimum 5 years experience required. Bachelor's preferred. Must thrive in a wear many hats, cross-functional collaboration.",5,6,Bachelor's preferred,5,SQL|Tableau|AWS|GCP|Snowflake|Statistics,6,Bachelor's preferred,2
Data Analyst,enterprise,2023-11-15,2023,2023Q4,"We are looking for a Data Analyst with 6+ years of experience. Required skills: Power BI, Airflow, SAP, Looker, dbt, Statistics. Bachelor's preferred. high-growth, cross-functional collaboration",6,6,Bachelor's preferred,6,Power BI|Looker|dbt|Airflow|Statistics|SAP,6,Bachelor's preferred,2
Data Analyst,startup,2023-11-15,2023,2023Q4,"Data Analyst - join our team! Ideal candidate has 4 years of relevant experience and is proficient in GCP, Statistics, Azure, Spark, Machine Learning, SQL. Bachelor's preferred. We're looking for someone who can wear many hats, scrappy, high-growth.",4,6,Bachelor's preferred,4,SQL|Azure|GCP|Spark|Statistics|Machine Learning,6,Bachelor's preferred,3
Data Analyst,startup,2023-11-15,2023,2023Q4,"As a Data Analyst, you will work with Statistics, R, AWS, SAP, Tableau, GCP. Minimum 4 years experience required. None mentioned. Must thrive in a self-starter.",4,6,None mentioned,4,Tableau|R|AWS|GCP|Statistics|SAP,6,None mentioned,1
Data Analyst,enterprise,2023-11-15,2023,2023Q4,"Data Analyst - join our team! Ideal candidate has 4 years of relevant experience and is proficient in Airflow, Salesforce, AWS, Power BI, dbt, Git. Bachelor's preferred. We're looking for someone who can ambiguity, high-growth, scrappy.",4,6,Bachelor's preferred,4,Power BI|AWS|dbt|Airflow|Git|Salesforce,6,Bachelor's preferred,3
Data Analyst,enterprise,2023-11-15,2023,2023Q4,"We are looking for a Data Analyst with 4+ years of experience. Required skills: Machine Learning, Power BI, Spark, Tableau, Snowflake, dbt. Bachelor's required. self-starter",4,6,Bachelor's required,4,Tableau|Power BI|Snowflake|dbt|Spark|Machine Learning,6,Bachelor's required,1
Data Analyst,startup,2023-11-15,2023,2023Q4,"Data Analyst - join our team! Ideal candidate has 5 years of relevant experience and is proficient in Statistics, Salesforce, dbt, AWS, Excel. None mentioned. We're looking for someone who can wear many hats, ambiguity, high-growth.",5,5,None mentioned,5,Excel|AWS|dbt|Statistics|Salesforce,5,None mentioned,3
Data Analyst,enterprise,2023-11-15,2023,2023Q4,"We are looking for a Data Analyst with 5+ years of experience. Required skills: Salesforce, Power BI, dbt, A/B Testing, Excel. Bachelor's required. fast-paced environment",5,5,Bachelor's required,5,Excel|Power BI|dbt|A/B Testing|Salesforce,5,Bachelor's required,1
Data Analyst,startup,2023-11-15,2023,2023Q4,"We are looking for a Data Analyst with 5+ years of experience. Required skills: GCP, Snowflake, Spark, Azure, dbt. Master's required. high-growth",5,5,Master's required,5,Azure|GCP|Snowflake|dbt|Spark,5,Master's required,1
Data Analyst,mid-size,2023-11-15,2023,2023Q4,"As a Data Analyst, you will work with AWS, Salesforce, Spark, Python, A/B Testing, Machine Learning. Minimum 4 years experience required. Master's required. Must thrive in a high-growth.",4,6,Master's required,4,Python|AWS|Spark|A/B Testing|Machine Learning|Salesforce,6,Master's required,1
Data Analyst,enterprise,2023-11-15,2023,2023Q4,"As a Data Analyst, you will work with Excel, Statistics, A/B Testing, Tableau, Spark, Airflow. Minimum 3 years experience required. None mentioned. Must thrive in a wear many hats.",3,6,None mentioned,3,Excel|Tableau|Airflow|Spark|Statistics|A/B Testing,6,None mentioned,1
Data Analyst,enterprise,2023-11-15,2023,2023Q4,"We are looking for a Data Analyst with 4+ years of experience. Required skills: R, AWS, Power BI, Airflow, GCP, A/B Testing. Master's required. fast-paced environment",4,6,Master's required,4,Power BI|R|AWS|GCP|Airflow|A/B Testing,6,Master's required,1
Data Analyst,enterprise,2023-11-15,2023,2023Q4,"We are looking for a Data Analyst with 3+ years of experience. Required skills: Power BI, Machine Learning, Excel, GCP, A/B Testing. Bachelor's preferred. ownership mindset",3,5,Bachelor's preferred,3,Excel|Power BI|GCP|A/B Testing|Machine Learning,5,Bachelor's preferred,1
Data Analyst,enterprise,2023-11-15,2023,2023Q4,"As a Data Analyst, you will work with dbt, SQL, Airflow, SAP. Minimum 4 years experience required. Bachelor's preferred. Must thrive in a cross-functional collaboration, fast-paced environment.",4,4,Bachelor's preferred,4,SQL|dbt|Airflow|SAP,4,Bachelor's preferred,2
Data Analyst,startup,2023-11-15,2023,2023Q4,"We are looking for a Data Analyst with 3+ years of experience. Required skills: AWS, GCP, Python, Statistics, Looker, SQL, Airflow. Bachelor's preferred. fast-paced environment, wear many hats",3,7,Bachelor's preferred,3,SQL|Python|AWS|GCP|Looker|Airflow|Statistics,7,Bachelor's preferred,2
Data Analyst,enterprise,2023-11-15,2023,2023Q4,"Data Analyst - join our team! Ideal candidate has 5 years of relevant experience and is proficient in GCP, Spark, Azure, Salesforce, dbt, Excel. None mentioned. We're looking for someone who can high-growth.",5,6,None mentioned,5,Excel|Azure|GCP|dbt|Spark|Salesforce,6,None mentioned,1
Data Analyst,startup,2023-11-15,2023,2023Q4,"As a Data Analyst, you will work with Python, Snowflake, Spark, GCP, Looker. Minimum 4 years experience required. Bachelor's preferred. Must thrive in a stakeholder management.",4,5,Bachelor's preferred,4,Python|GCP|Looker|Snowflake|Spark,5,Bachelor's preferred,1
Data Analyst,startup,2023-11-15,2023,2023Q4,"As a Data Analyst, you will work with dbt, R, A/B Testing, Airflow. Minimum 5 years experience required. Bachelor's preferred. Must thrive in a cross-functional collaboration.",5,4,Bachelor's preferred,5,R|dbt|Airflow|A/B Testing,4,Bachelor's preferred,1
Data Analyst,startup,2023-11-15,2023,2023Q4,"We are looking for a Data Analyst with 3+ years of experience. Required skills: Looker, SAP, A/B Testing, Statistics, Excel, Snowflake, Tableau, dbt. Bachelor's required. high-growth, self-starter, fast-paced environment",3,8,Bachelor's required,3,Excel|Tableau|Looker|Snowflake|dbt|Statistics|A/B Testing|SAP,8,Bachelor's required,3
Data Analyst,enterprise,2023-11-15,2023,2023Q4,"As a Data Analyst, you will work with Git, Airflow, Machine Learning, Power BI, Tableau, Azure. Minimum 4 years experience required. None mentioned. Must thrive in a ambiguity, scrappy.",4,6,None mentioned,4,Tableau|Power BI|Azure|Airflow|Git|Machine Learning,6,None mentioned,2
Data Analyst,enterprise,2023-11-15,2023,2023Q4,"Data Analyst - join our team! Ideal candidate has 5 years of relevant experience and is proficient in Airflow, Looker, Azure, GCP, SQL, dbt. Bachelor's required. We're looking for someone who can ownership mindset.",5,6,Bachelor's required,5,SQL|Azure|GCP|Looker|dbt|Airflow,6,Bachelor's required,1
Data Analyst,startup,2023-11-15,2023,2023Q4,"Data Analyst - join our team! Ideal candidate has 6 years of relevant experience and is proficient in Machine Learning, Snowflake, Python, Airflow, Azure, Looker. None mentioned. We're looking for someone who can wear many hats, cross-functional collaboration.",6,6,None mentioned,6,Python|Azure|Looker|Snowflake|Airflow|Machine Learning,6,None mentioned,2
Data Analyst,enterprise,2023-11-15,2023,2023Q4,"Data Analyst - join our team! Ideal candidate has 2 years of relevant experience and is proficient in Git, Salesforce, Power BI, Airflow, Snowflake. None mentioned. We're looking for someone who can ambiguity, wear many hats.",2,5,None mentioned,2,Power BI|Snowflake|Airflow|Git|Salesforce,5,None mentioned,2
Data Analyst,mid-size,2023-11-15,2023,2023Q4,"Data Analyst - join our team! Ideal candidate has 3 years of relevant experience and is proficient in Excel, Azure, AWS, GCP. None mentioned. We're looking for someone who can wear many hats.",3,4,None mentioned,3,Excel|AWS|Azure|GCP,4,None mentioned,1
Data Analyst,mid-size,2023-11-15,2023,2023Q4,"As a Data Analyst, you will work with Snowflake, SQL, Statistics, Excel, Azure, AWS, Airflow. Minimum 6 years experience required. Bachelor's required. Must thrive in a cross-functional collaboration.",6,7,Bachelor's required,6,SQL|Excel|AWS|Azure|Snowflake|Airflow|Statistics,7,Bachelor's required,1
Data Analyst,mid-size,2023-11-15,2023,2023Q4,"As a Data Analyst, you will work with Looker, Snowflake, Machine Learning, Git, Excel, Spark. Minimum 5 years experience required. Bachelor's preferred. Must thrive in a scrappy, wear many hats, ownership mindset.",5,6,Bachelor's preferred,5,Excel|Looker|Snowflake|Spark|Git|Machine Learning,6,Bachelor's preferred,3
Data Analyst,mid-size,2023-11-15,2023,2023Q4,"Data Analyst - join our team! Ideal candidate has 5 years of relevant experience and is proficient in Power BI, Salesforce, Excel, SQL. Bachelor's required. We're looking for someone who can self-starter.",5,4,Bachelor's required,5,SQL|Excel|Power BI|Salesforce,4,Bachelor's required,1
Data Analyst,startup,2023-11-15,2023,2023Q4,"As a Data Analyst, you will work with Python, R, Spark, Excel, Airflow, Salesforce. Minimum 4 years experience required. Bachelor's preferred. Must thrive in a ambiguity, self-starter.",4,6,Bachelor's preferred,4,Python|Excel|R|Airflow|Spark|Salesforce,6,Bachelor's preferred,2
Data Analyst,mid-size,2023-11-15,2023,2023Q4,"Data Analyst - join our team! Ideal candidate has 3 years of relevant experience and is proficient in GCP, Tableau, Power BI, Python, dbt, Git. Bachelor's preferred. We're looking for someone who can fast-paced environment, stakeholder management, high-growth.",3,6,Bachelor's preferred,3,Python|Tableau|Power BI|GCP|dbt|Git,6,Bachelor's preferred,3
Data Analyst,enterprise,2023-11-15,2023,2023Q4,"As a Data Analyst, you will work with Salesforce, Git, R, Excel, Azure, Looker, A/B Testing. Minimum 4 years experience required. Bachelor's required. Must thrive in a stakeholder management.",4,7,Bachelor's required,4,Excel|R|Azure|Looker|Git|A/B Testing|Salesforce,7,Bachelor's required,1
Data Analyst,enterprise,2023-11-15,2023,2023Q4,"Data Analyst - join our team! Ideal candidate has 4 years of relevant experience and is proficient in Looker, Azure, Statistics, SAP. None mentioned. We're looking for someone who can wear many hats, scrappy.",4,4,None mentioned,4,Azure|Looker|Statistics|SAP,4,None mentioned,2
Data Analyst,mid-size,2023-11-15,2023,2023Q4,"Data Analyst - join our team! Ideal candidate has 7 years of relevant experience and is proficient in Git, Spark, AWS, SAP, SQL, Looker, R. Bachelor's required. We're looking for someone who can high-growth, ownership mindset.",7,7,Bachelor's required,7,SQL|R|AWS|Looker|Spark|Git|SAP,7,Bachelor's required,2
Data Analyst,mid-size,2023-11-15,2023,2023Q4,"Data Analyst - join our team! Ideal candidate has 5 years of relevant experience and is proficient in Power BI, AWS, Tableau, A/B Testing, SAP, Excel, Airflow, Looker, GCP. Bachelor's preferred. We're looking for someone who can ambiguity, high-growth, stakeholder management.",5,9,Bachelor's preferred,5,Excel|Tableau|Power BI|AWS|GCP|Looker|Airflow|A/B Testing|SAP,9,Bachelor's preferred,3
Data Analyst,enterprise,2023-11-15,2023,2023Q4,"Data Analyst - join our team! Ideal candidate has 5 years of relevant experience and is proficient in Machine Learning, Airflow, SAP, Looker, dbt, Snowflake. Bachelor's preferred. We're looking for someone who can stakeholder management.",5,6,Bachelor's preferred,5,Looker|Snowflake|dbt|Airflow|Machine Learning|SAP,6,Bachelor's preferred,1
Data Analyst,mid-size,2023-11-15,2023,2023Q4,"As a Data Analyst, you will work with Machine Learning, Salesforce, Airflow, dbt, SQL, Statistics. Minimum 6 years experience required. Bachelor's preferred. Must thrive in a high-growth, wear many hats, scrappy.",6,6,Bachelor's preferred,6,SQL|dbt|Airflow|Statistics|Machine Learning|Salesforce,6,Bachelor's preferred,3
Data Analyst,enterprise,2023-11-15,2023,2023Q4,"We are looking for a Data Analyst with 3+ years of experience. Required skills: Spark, Git, GCP, R, SAP, Power BI, Airflow, Snowflake. Bachelor's preferred. wear many hats",3,8,Bachelor's preferred,3,Power BI|R|GCP|Snowflake|Airflow|Spark|Git|SAP,8,Bachelor's preferred,1
Data Analyst,mid-size,2023-11-15,2023,2023Q4,"Data Analyst - join our team! Ideal candidate has 3 years of relevant experience and is proficient in Statistics, dbt, AWS, Azure, Salesforce. None mentioned. We're looking for someone who can fast-paced environment.",3,5,None mentioned,3,AWS|Azure|dbt|Statistics|Salesforce,5,None mentioned,1
Data Analyst,enterprise,2023-11-15,2023,2023Q4,"As a Data Analyst, you will work with R, Airflow, A/B Testing, SQL, GCP, Statistics, Tableau. Minimum 4 years experience required. Bachelor's required. Must thrive in a scrappy.",4,7,Bachelor's required,4,SQL|Tableau|R|GCP|Airflow|Statistics|A/B Testing,7,Bachelor's required,1
Data Analyst,enterprise,2023-11-15,2023,2023Q4,"Data Analyst - join our team! Ideal candidate has 4 years of relevant experience and is proficient in Azure, AWS, Salesforce, Power BI, Snowflake, Airflow. Bachelor's preferred. We're looking for someone who can self-starter.",4,6,Bachelor's preferred,4,Power BI|AWS|Azure|Snowflake|Airflow|Salesforce,6,Bachelor's preferred,1
Data Analyst,startup,2023-11-15,2023,2023Q4,"As a Data Analyst, you will work with Azure, Excel, A/B Testing, Tableau, dbt, Git. Minimum 6 years experience required. Bachelor's required. Must thrive in a ownership mindset, wear many hats.",6,6,Bachelor's required,6,Excel|Tableau|Azure|dbt|Git|A/B Testing,6,Bachelor's required,2
Data Analyst,startup,2023-11-15,2023,2023Q4,"We are looking for a Data Analyst with 3+ years of experience. Required skills: Excel, dbt, Airflow, Snowflake, Salesforce, Machine Learning. Bachelor's required. scrappy, cross-functional collaboration",3,6,Bachelor's required,3,Excel|Snowflake|dbt|Airflow|Machine Learning|Salesforce,6,Bachelor's required,2
Data Analyst,mid-size,2023-11-15,2023,2023Q4,"Data Analyst - join our team! Ideal candidate has 2 years of relevant experience and is proficient in Snowflake, GCP, Excel, Machine Learning, Power BI. Master's preferred. We're looking for someone who can fast-paced environment.",2,5,Master's preferred,2,Excel|Power BI|GCP|Snowflake|Machine Learning,5,Master's preferred,1
Data Analyst,startup,2023-11-15,2023,2023Q4,"We are looking for a Data Analyst with 5+ years of experience. Required skills: Salesforce, Excel, Git, A/B Testing, Snowflake, Looker. Master's required. self-starter, wear many hats",5,6,Master's required,5,Excel|Looker|Snowflake|Git|A/B Testing|Salesforce,6,Master's required,2
Data Analyst,startup,2023-11-15,2023,2023Q4,"Data Analyst - join our team! Ideal candidate has 5 years of relevant experience and is proficient in SAP, Machine Learning, Tableau, Excel. Master's preferred. We're looking for someone who can high-growth.",5,4,Master's preferred,5,Excel|Tableau|Machine Learning|SAP,4,Master's preferred,1
Data Analyst,mid-size,2023-11-15,2023,2023Q4,"Data Analyst - join our team! Ideal candidate has 4 years of relevant experience and is proficient in SQL, Spark, Tableau, Statistics, Power BI, Looker, Machine Learning. Master's required. We're looking for someone who can wear many hats.",4,7,Master's required,4,SQL|Tableau|Power BI|Looker|Spark|Statistics|Machine Learning,7,Master's required,1
Data Analyst,mid-size,2023-11-15,2023,2023Q4,"Data Analyst - join our team! Ideal candidate has 4 years of relevant experience and is proficient in Azure, A/B Testing, Power BI, Machine Learning, Airflow, SQL, Tableau, Salesforce. Bachelor's preferred. We're looking for someone who can ownership mindset, ambiguity, cross-functional collaboration.",4,8,Bachelor's preferred,4,SQL|Tableau|Power BI|Azure|Airflow|A/B Testing|Machine Learning|Salesforce,8,Bachelor's preferred,3
Data Analyst,enterprise,2023-11-15,2023,2023Q4,"Data Analyst - join our team! Ideal candidate has 5 years of relevant experience and is proficient in R, SAP, Looker, Power BI. Bachelor's required. We're looking for someone who can scrappy, cross-functional collaboration, high-growth.",5,4,Bachelor's required,5,Power BI|R|Looker|SAP,4,Bachelor's required,3
Data Analyst,mid-size,2023-11-15,2023,2023Q4,"As a Data Analyst, you will work with Git, Tableau, Excel, R, Spark. Minimum 3 years experience required. None mentioned. Must thrive in a cross-functional collaboration, ambiguity.",3,5,None mentioned,3,Excel|Tableau|R|Spark|Git,5,None mentioned,2
Data Analyst,mid-size,2023-11-15,2023,2023Q4,"We are looking for a Data Analyst with 4+ years of experience. Required skills: Tableau, A/B Testing, SAP, SQL, R. Master's required. self-starter, ownership mindset",4,5,Master's required,4,SQL|Tableau|R|A/B Testing|SAP,5,Master's required,2
Data Analyst,enterprise,2023-11-15,2023,2023Q4,"We are looking for a Data Analyst with 4+ years of experience. Required skills: Salesforce, SAP, Python, dbt, Azure, Excel, Git, Spark. None mentioned. fast-paced environment",4,8,None mentioned,4,Python|Excel|Azure|dbt|Spark|Git|Salesforce|SAP,8,None mentioned,1
Data Analyst,enterprise,2023-11-15,2023,2023Q4,"Data Analyst - join our team! Ideal candidate has 3 years of relevant experience and is proficient in Power BI, A/B Testing, AWS, GCP, Azure. Bachelor's required. We're looking for someone who can ownership mindset, self-starter.",3,5,Bachelor's required,3,Power BI|AWS|Azure|GCP|A/B Testing,5,Bachelor's required,2
Data Analyst,mid-size,2023-11-15,2023,2023Q4,"Data Analyst - join our team! Ideal candidate has 4 years of relevant experience and is proficient in Airflow, Git, Azure, dbt, R, Python. Master's required. We're looking for someone who can stakeholder management.",4,6,Master's required,4,Python|R|Azure|dbt|Airflow|Git,6,Master's required,1
Data Analyst,mid-size,2023-11-15,2023,2023Q4,"Data Analyst - join our team! Ideal candidate has 3 years of relevant experience and is proficient in SAP, Snowflake, AWS, Looker, dbt, Excel. Bachelor's preferred. We're looking for someone who can scrappy.",3,6,Bachelor's preferred,3,Excel|AWS|Looker|Snowflake|dbt|SAP,6,Bachelor's preferred,1
Data Analyst,mid-size,2023-11-15,2023,2023Q4,"As a Data Analyst, you will work with R, GCP, Power BI, Git, Salesforce, AWS. Minimum 6 years experience required. Bachelor's required. Must thrive in a scrappy.",6,6,Bachelor's required,6,Power BI|R|AWS|GCP|Git|Salesforce,6,Bachelor's required,1
Data Analyst,mid-size,2023-11-15,2023,2023Q4,"Data Analyst - join our team! Ideal candidate has 3 years of relevant experience and is proficient in GCP, R, Airflow, A/B Testing, Machine Learning, Spark. Bachelor's preferred. We're looking for someone who can fast-paced environment.",3,6,Bachelor's preferred,3,R|GCP|Airflow|Spark|A/B Testing|Machine Learning,6,Bachelor's preferred,1
Data Analyst,mid-size,2023-11-15,2023,2023Q4,"We are looking for a Data Analyst with 7+ years of experience. Required skills: Spark, R, Snowflake, Looker, GCP, Salesforce, SAP, Git. Bachelor's preferred. high-growth, ambiguity, stakeholder management",7,8,Bachelor's preferred,7,R|GCP|Looker|Snowflake|Spark|Git|Salesforce|SAP,8,Bachelor's preferred,3
Data Analyst,enterprise,2023-11-15,2023,2023Q4,"We are looking for a Data Analyst with 2+ years of experience. Required skills: Git, Excel, R, Salesforce, Snowflake. Master's required. wear many hats, cross-functional collaboration",2,5,Master's required,2,Excel|R|Snowflake|Git|Salesforce,5,Master's required,2
Data Analyst,startup,2023-11-15,2023,2023Q4,"Data Analyst - join our team! Ideal candidate has 4 years of relevant experience and is proficient in Git, Azure, Salesforce, Machine Learning, GCP, Spark. Bachelor's preferred. We're looking for someone who can self-starter.",4,6,Bachelor's preferred,4,Azure|GCP|Spark|Git|Machine Learning|Salesforce,6,Bachelor's preferred,1
Data Analyst,mid-size,2023-11-15,2023,2023Q4,"As a Data Analyst, you will work with dbt, GCP, Git, Tableau. Minimum 3 years experience required. None mentioned. Must thrive in a fast-paced environment, wear many hats, ambiguity.",3,4,None mentioned,3,Tableau|GCP|dbt|Git,4,None mentioned,3
Data Analyst,enterprise,2023-11-15,2023,2023Q4,"We are looking for a Data Analyst with 4+ years of experience. Required skills: GCP, R, Azure, Salesforce, Airflow, Tableau. None mentioned. self-starter",4,6,None mentioned,4,Tableau|R|Azure|GCP|Airflow|Salesforce,6,None mentioned,1
Data Analyst,enterprise,2023-11-15,2023,2023Q4,"As a Data Analyst, you will work with Airflow, Git, Salesforce, Tableau, SAP, Machine Learning, Azure. Minimum 4 years experience required. Master's required. Must thrive in a high-growth.",4,7,Master's required,4,Tableau|Azure|Airflow|Git|Machine Learning|Salesforce|SAP,7,Master's required,1
Data Analyst,enterprise,2023-11-15,2023,2023Q4,"As a Data Analyst, you will work with AWS, Spark, Airflow, A/B Testing. Minimum 4 years experience required. Master's required. Must thrive in a ownership mindset.",4,4,Master's required,4,AWS|Airflow|Spark|A/B Testing,4,Master's required,1
Data Analyst,mid-size,2023-11-15,2023,2023Q4,"Data Analyst - join our team! Ideal candidate has 5 years of relevant experience and is proficient in Statistics, Machine Learning, Python, SAP, Tableau, Salesforce. Bachelor's preferred. We're looking for someone who can wear many hats, ownership mindset.",5,6,Bachelor's preferred,5,Python|Tableau|Statistics|Machine Learning|Salesforce|SAP,6,Bachelor's preferred,2
Data Analyst,enterprise,2023-11-15,2023,2023Q4,"Data Analyst - join our team! Ideal candidate has 2 years of relevant experience and is proficient in dbt, Azure, Machine Learning, Python. Bachelor's required. We're looking for someone who can cross-functional collaboration.",2,4,Bachelor's required,2,Python|Azure|dbt|Machine Learning,4,Bachelor's required,1
Data Analyst,enterprise,2023-11-15,2023,2023Q4,"We are looking for a Data Analyst with 2+ years of experience. Required skills: SQL. Bachelor's required. high-growth, ambiguity",2,1,Bachelor's required,2,SQL,1,Bachelor's required,2
Data Analyst,startup,2023-11-15,2023,2023Q4,"Data Analyst - join our team! Ideal candidate has 4 years of relevant experience and is proficient in Git, AWS, Excel, dbt, Tableau, Power BI. Bachelor's required. We're looking for someone who can cross-functional collaboration.",4,6,Bachelor's required,4,Excel|Tableau|Power BI|AWS|dbt|Git,6,Bachelor's required,1
Data Analyst,mid-size,2023-11-15,2023,2023Q4,"We are looking for a Data Analyst with 4+ years of experience. Required skills: dbt, Azure, Machine Learning, Excel, Tableau, Airflow, Snowflake, AWS. None mentioned. ambiguity",4,8,None mentioned,4,Excel|Tableau|AWS|Azure|Snowflake|dbt|Airflow|Machine Learning,8,None mentioned,1
Data Analyst,mid-size,2023-11-15,2023,2023Q4,"As a Data Analyst, you will work with Airflow, Salesforce, Tableau, SAP, Statistics, AWS, A/B Testing. Minimum 1 years experience required. Bachelor's required. Must thrive in a self-starter, wear many hats.",1,7,Bachelor's required,1,Tableau|AWS|Airflow|Statistics|A/B Testing|Salesforce|SAP,7,Bachelor's required,2
Data Analyst,startup,2023-11-15,2023,2023Q4,"As a Data Analyst, you will work with Azure, R, Power BI, Machine Learning. Minimum 3 years experience required. None mentioned. Must thrive in a wear many hats.",3,4,None mentioned,3,Power BI|R|Azure|Machine Learning,4,None mentioned,1
Data Analyst,mid-size,2023-11-15,2023,2023Q4,"As a Data Analyst, you will work with AWS, Power BI, Snowflake, R, Git, SQL, dbt. Minimum 4 years experience required. Master's required. Must thrive in a self-starter.",4,7,Master's required,4,SQL|Power BI|R|AWS|Snowflake|dbt|Git,7,Master's required,1
Data Analyst,startup,2023-11-15,2023,2023Q4,"Data Analyst - join our team! Ideal candidate has 5 years of relevant experience and is proficient in Airflow, GCP, AWS, R, Spark. Bachelor's preferred. We're looking for someone who can cross-functional collaboration.",5,5,Bachelor's preferred,5,R|AWS|GCP|Airflow|Spark,5,Bachelor's preferred,1
Data Analyst,startup,2023-11-15,2023,2023Q4,"Data Analyst - join our team! Ideal candidate has 4 years of relevant experience and is proficient in Python, Power BI, Looker, dbt, A/B Testing. Bachelor's required. We're looking for someone who can fast-paced environment.",4,5,Bachelor's required,4,Python|Power BI|Looker|dbt|A/B Testing,5,Bachelor's required,1
Data Analyst,mid-size,2023-11-15,2023,2023Q4,"As a Data Analyst, you will work with Snowflake, Statistics, R, SAP, Tableau. Minimum 3 years experience required. Bachelor's preferred. Must thrive in a fast-paced environment.",3,5,Bachelor's preferred,3,Tableau|R|Snowflake|Statistics|SAP,5,Bachelor's preferred,1
Data Analyst,mid-size,2023-11-15,2023,2023Q4,"Data Analyst - join our team! Ideal candidate has 4 years of relevant experience and is proficient in Statistics, AWS, GCP, Salesforce, R, SQL, Azure, dbt. Bachelor's required. We're looking for someone who can scrappy.",4,8,Bachelor's required,4,SQL|R|AWS|Azure|GCP|dbt|Statistics|Salesforce,8,Bachelor's required,1
Data Analyst,enterprise,2023-11-15,2023,2023Q4,"We are looking for a Data Analyst with 5+ years of experience. Required skills: SQL, Python, GCP, Statistics. Bachelor's preferred. stakeholder management",5,4,Bachelor's preferred,5,SQL|Python|GCP|Statistics,4,Bachelor's preferred,1
Data Analyst,startup,2023-11-15,2023,2023Q4,"Data Analyst - join our team! Ideal candidate has 6 years of relevant experience and is proficient in Salesforce, AWS, Statistics, Azure, Python. Bachelor's preferred. We're looking for someone who can high-growth.",6,5,Bachelor's preferred,6,Python|AWS|Azure|Statistics|Salesforce,5,Bachelor's preferred,1
Data Analyst,enterprise,2023-11-15,2023,2023Q4,"As a Data Analyst, you will work with R, Snowflake, Tableau, Statistics, Excel, SQL. Minimum 6 years experience required. Master's required. Must thrive in a cross-functional collaboration, self-starter.",6,6,Master's required,6,SQL|Excel|Tableau|R|Snowflake|Statistics,6,Master's required,2
Data Analyst,enterprise,2023-11-15,2023,2023Q4,"As a Data Analyst, you will work with GCP, Salesforce, Tableau, Airflow, SAP. Minimum 4 years experience required. None mentioned. Must thrive in a fast-paced environment, scrappy.",4,5,None mentioned,4,Tableau|GCP|Airflow|Salesforce|SAP,5,None mentioned,2
Data Analyst,startup,2023-11-15,2023,2023Q4,"As a Data Analyst, you will work with Machine Learning, SAP, GCP, Azure, A/B Testing. Minimum 4 years experience required. Bachelor's required. Must thrive in a fast-paced environment.",4,5,Bachelor's required,4,Azure|GCP|A/B Testing|Machine Learning|SAP,5,Bachelor's required,1
Data Analyst,startup,2023-11-15,2023,2023Q4,"We are looking for a Data Analyst with 6+ years of experience. Required skills: R, SAP, Salesforce, Python, Looker, Git, Tableau. Bachelor's required. self-starter, wear many hats, stakeholder management",6,7,Bachelor's required,6,Python|Tableau|R|Looker|Git|Salesforce|SAP,7,Bachelor's required,3
Data Analyst,startup,2023-11-15,2023,2023Q4,"Data Analyst - join our team! Ideal candidate has 3 years of relevant experience and is proficient in Looker, Tableau, SQL, Salesforce, Power BI, Snowflake, Python. Bachelor's preferred. We're looking for someone who can ambiguity.",3,7,Bachelor's preferred,3,SQL|Python|Tableau|Power BI|Looker|Snowflake|Salesforce,7,Bachelor's preferred,1
Data Analyst,startup,2023-11-15,2023,2023Q4,"As a Data Analyst, you will work with Python, Spark, Power BI, Azure, Statistics, R. Minimum 4 years experience required. Bachelor's preferred. Must thrive in a scrappy, stakeholder management.",4,6,Bachelor's preferred,4,Python|Power BI|R|Azure|Spark|Statistics,6,Bachelor's preferred,2
Data Analyst,mid-size,2023-11-15,2023,2023Q4,"Data Analyst - join our team! Ideal candidate has 5 years of relevant experience and is proficient in Git, AWS, Azure, Excel, dbt. Master's preferred. We're looking for someone who can stakeholder management.",5,5,Master's preferred,5,Excel|AWS|Azure|dbt|Git,5,Master's preferred,1
Data Analyst,mid-size,2023-11-15,2023,2023Q4,"Data Analyst - join our team! Ideal candidate has 4 years of relevant experience and is proficient in Statistics, Power BI, Azure, Airflow, Looker. None mentioned. We're looking for someone who can self-starter, fast-paced environment.",4,5,None mentioned,4,Power BI|Azure|Looker|Airflow|Statistics,5,None mentioned,2
Data Analyst,mid-size,2023-11-15,2023,2023Q4,"As a Data Analyst, you will work with A/B Testing, Excel. Minimum 5 years experience required. Bachelor's preferred. Must thrive in a high-growth.",5,2,Bachelor's preferred,5,Excel|A/B Testing,2,Bachelor's preferred,1
Data Analyst,startup,2023-11-15,2023,2023Q4,"We are looking for a Data Analyst with 6+ years of experience. Required skills: Looker, R, Machine Learning, dbt. Bachelor's required. wear many hats, scrappy, ambiguity",6,4,Bachelor's required,6,R|Looker|dbt|Machine Learning,4,Bachelor's required,3
Data Analyst,mid-size,2023-11-15,2023,2023Q4,"Data Analyst - join our team! Ideal candidate has 6 years of relevant experience and is proficient in Excel, SQL, GCP, R, SAP. Bachelor's required. We're looking for someone who can wear many hats, fast-paced environment.",6,5,Bachelor's required,6,SQL|Excel|R|GCP|SAP,5,Bachelor's required,2
Data Analyst,startup,2024-02-15,2024,2024Q1,"We are looking for a Data Analyst with 2+ years of experience. Required skills: Airflow, Tableau, A/B Testing, Excel, Spark, AWS. Bachelor's preferred. fast-paced environment, wear many hats",2,6,Bachelor's preferred,2,Excel|Tableau|AWS|Airflow|Spark|A/B Testing,6,Bachelor's preferred,2
Data Analyst,enterprise,2024-02-15,2024,2024Q1,"As a Data Analyst, you will work with Looker, dbt, Python, Snowflake, Statistics, Airflow, AWS. Minimum 5 years experience required. Bachelor's required. Must thrive in a ownership mindset, scrappy.",5,7,Bachelor's required,5,Python|AWS|Looker|Snowflake|dbt|Airflow|Statistics,7,Bachelor's required,2
Data Analyst,mid-size,2024-02-15,2024,2024Q1,"We are looking for a Data Analyst with 6+ years of experience. Required skills: Power BI, Machine Learning, SAP, Airflow, Azure, SQL, AWS, Git. Bachelor's preferred. high-growth, wear many hats",6,8,Bachelor's preferred,6,SQL|Power BI|AWS|Azure|Airflow|Git|Machine Learning|SAP,8,Bachelor's preferred,2
Data Analyst,mid-size,2024-02-15,2024,2024Q1,"Data Analyst - join our team! Ideal candidate has 4 years of relevant experience and is proficient in Excel, A/B Testing, Snowflake, SAP, Salesforce, AWS. Master's preferred. We're looking for someone who can ownership mindset.",4,6,Master's preferred,4,Excel|AWS|Snowflake|A/B Testing|Salesforce|SAP,6,Master's preferred,1
Data Analyst,mid-size,2024-02-15,2024,2024Q1,"As a Data Analyst, you will work with Statistics, GCP, Salesforce, A/B Testing, R. Minimum 4 years experience required. Bachelor's preferred. Must thrive in a ambiguity, stakeholder management.",4,5,Bachelor's preferred,4,R|GCP|Statistics|A/B Testing|Salesforce,5,Bachelor's preferred,2
Data Analyst,mid-size,2024-02-15,2024,2024Q1,"We are looking for a Data Analyst with 4+ years of experience. Required skills: Git, SQL, Excel. Bachelor's preferred. wear many hats",4,3,Bachelor's preferred,4,SQL|Excel|Git,3,Bachelor's preferred,1
Data Analyst,startup,2024-02-15,2024,2024Q1,"Data Analyst - join our team! Ideal candidate has 3 years of relevant experience and is proficient in Power BI, Statistics, Snowflake, Python, Spark, SQL, Excel. Bachelor's preferred. We're looking for someone who can wear many hats, cross-functional collaboration.",3,7,Bachelor's preferred,3,SQL|Python|Excel|Power BI|Snowflake|Spark|Statistics,7,Bachelor's preferred,2
Data Analyst,mid-size,2024-02-15,2024,2024Q1,"Data Analyst - join our team! Ideal candidate has 6 years of relevant experience and is proficient in Tableau, dbt, Snowflake, Airflow, AWS. Bachelor's preferred. We're looking for someone who can high-growth, ownership mindset, scrappy.",6,5,Bachelor's preferred,6,Tableau|AWS|Snowflake|dbt|Airflow,5,Bachelor's preferred,3
Data Analyst,enterprise,2024-02-15,2024,2024Q1,"As a Data Analyst, you will work with Python, AWS, GCP, Spark, Git, Statistics, SQL. Minimum 6 years experience required. Master's preferred. Must thrive in a cross-functional collaboration.",6,7,Master's preferred,6,SQL|Python|AWS|GCP|Spark|Git|Statistics,7,Master's preferred,1
Data Analyst,enterprise,2024-02-15,2024,2024Q1,"We are looking for a Data Analyst with 4+ years of experience. Required skills: dbt, Looker, Snowflake, Machine Learning, A/B Testing, Statistics, Excel. Bachelor's required. stakeholder management",4,7,Bachelor's required,4,Excel|Looker|Snowflake|dbt|Statistics|A/B Testing|Machine Learning,7,Bachelor's required,1
Data Analyst,startup,2024-02-15,2024,2024Q1,"Data Analyst - join our team! Ideal candidate has 6 years of relevant experience and is proficient in Snowflake, SAP, dbt, Salesforce, R, SQL. Master's preferred. We're looking for someone who can wear many hats, ownership mindset, cross-functional collaboration.",6,6,Master's preferred,6,SQL|R|Snowflake|dbt|Salesforce|SAP,6,Master's preferred,3
Data Analyst,startup,2024-02-15,2024,2024Q1,"Data Analyst - join our team! Ideal candidate has 3 years of relevant experience and is proficient in Snowflake, Git, Looker, Machine Learning, A/B Testing, Python. Master's preferred. We're looking for someone who can self-starter.",3,6,Master's preferred,3,Python|Looker|Snowflake|Git|A/B Testing|Machine Learning,6,Master's preferred,1
Data Analyst,startup,2024-02-15,2024,2024Q1,"We are looking for a Data Analyst with 3+ years of experience. Required skills: Looker, Azure, SQL. None mentioned. self-starter",3,3,None mentioned,3,SQL|Azure|Looker,3,None mentioned,1
Data Analyst,mid-size,2024-02-15,2024,2024Q1,"As a Data Analyst, you will work with Excel, Statistics, dbt, AWS, Looker, SQL, Tableau, GCP, SAP. Minimum 5 years experience required. Bachelor's preferred. Must thrive in a scrappy.",5,9,Bachelor's preferred,5,SQL|Excel|Tableau|AWS|GCP|Looker|dbt|Statistics|SAP,9,Bachelor's preferred,1
Data Analyst,mid-size,2024-02-15,2024,2024Q1,"As a Data Analyst, you will work with Tableau, Snowflake, Git, Statistics, GCP, SAP, R, dbt, SQL, Spark. Minimum 5 years experience required. Master's preferred. Must thrive in a wear many hats, stakeholder management.",5,10,Master's preferred,5,SQL|Tableau|R|GCP|Snowflake|dbt|Spark|Git|Statistics|SAP,10,Master's preferred,2
Data Analyst,startup,2024-02-15,2024,2024Q1,"We are looking for a Data Analyst with 5+ years of experience. Required skills: Tableau, Statistics, GCP, AWS, Salesforce. Master's preferred. high-growth, self-starter, cross-functional collaboration",5,5,Master's preferred,5,Tableau|AWS|GCP|Statistics|Salesforce,5,Master's preferred,3
Data Analyst,enterprise,2024-02-15,2024,2024Q1,"As a Data Analyst, you will work with GCP, AWS, Spark, Power BI, Excel, R, Salesforce. Minimum 3 years experience required. None mentioned. Must thrive in a fast-paced environment, cross-functional collaboration.",3,7,None mentioned,3,Excel|Power BI|R|AWS|GCP|Spark|Salesforce,7,None mentioned,2
Data Analyst,startup,2024-02-15,2024,2024Q1,"We are looking for a Data Analyst with 7+ years of experience. Required skills: Looker, R, Salesforce, SAP, Tableau. Bachelor's preferred. self-starter",7,5,Bachelor's preferred,7,Tableau|R|Looker|Salesforce|SAP,5,Bachelor's preferred,1
Data Analyst,startup,2024-02-15,2024,2024Q1,"Data Analyst - join our team! Ideal candidate has 4 years of relevant experience and is proficient in A/B Testing, SQL, GCP, Snowflake, Salesforce, Power BI, AWS, Excel. Bachelor's required. We're looking for someone who can fast-paced environment, cross-functional collaboration, ambiguity.",4,8,Bachelor's required,4,SQL|Excel|Power BI|AWS|GCP|Snowflake|A/B Testing|Salesforce,8,Bachelor's required,3
Data Analyst,enterprise,2024-02-15,2024,2024Q1,"We are looking for a Data Analyst with 6+ years of experience. Required skills: Salesforce, Git, Python, SAP, Power BI, Machine Learning. Bachelor's required. high-growth",6,6,Bachelor's required,6,Python|Power BI|Git|Machine Learning|Salesforce|SAP,6,Bachelor's required,1
Data Analyst,mid-size,2024-02-15,2024,2024Q1,"Data Analyst - join our team! Ideal candidate has 6 years of relevant experience and is proficient in dbt, R, Statistics, Tableau, SAP, Python, Excel. Bachelor's preferred. We're looking for someone who can wear many hats.",6,7,Bachelor's preferred,6,Python|Excel|Tableau|R|dbt|Statistics|SAP,7,Bachelor's preferred,1
Data Analyst,mid-size,2024-02-15,2024,2024Q1,"Data Analyst - join our team! Ideal candidate has 4 years of relevant experience and is proficient in SAP, Tableau, Statistics, Excel. None mentioned. We're looking for someone who can high-growth, cross-functional collaboration.",4,4,None mentioned,4,Excel|Tableau|Statistics|SAP,4,None mentioned,2
Data Analyst,mid-size,2024-02-15,2024,2024Q1,"We are looking for a Data Analyst with 4+ years of experience. Required skills: Spark, Tableau, Machine Learning, Excel, A/B Testing. Bachelor's preferred. high-growth",4,5,Bachelor's preferred,4,Excel|Tableau|Spark|A/B Testing|Machine Learning,5,Bachelor's preferred,1
Data Analyst,mid-size,2024-02-15,2024,2024Q1,"As a Data Analyst, you will work with Git, A/B Testing, R, Spark. Minimum 5 years experience required. Bachelor's required. Must thrive in a scrappy.",5,4,Bachelor's required,5,R|Spark|Git|A/B Testing,4,Bachelor's required,1
Data Analyst,startup,2024-02-15,2024,2024Q1,"As a Data Analyst, you will work with R, Snowflake, dbt, Statistics, Machine Learning, Azure. Minimum 4 years experience required. Bachelor's preferred. Must thrive in a ownership mindset, self-starter.",4,6,Bachelor's preferred,4,R|Azure|Snowflake|dbt|Statistics|Machine Learning,6,Bachelor's preferred,2
Data Analyst,enterprise,2024-02-15,2024,2024Q1,"As a Data Analyst, you will work with Azure, SAP, AWS, Tableau, Git, A/B Testing, Snowflake. Minimum 4 years experience required. Bachelor's preferred. Must thrive in a cross-functional collaboration.",4,7,Bachelor's preferred,4,Tableau|AWS|Azure|Snowflake|Git|A/B Testing|SAP,7,Bachelor's preferred,1
Data Analyst,mid-size,2024-02-15,2024,2024Q1,"As a Data Analyst, you will work with dbt, Excel, SAP, Machine Learning, Tableau. Minimum 6 years experience required. Bachelor's preferred. Must thrive in a stakeholder management.",6,5,Bachelor's preferred,6,Excel|Tableau|dbt|Machine Learning|SAP,5,Bachelor's preferred,1
Data Analyst,enterprise,2024-02-15,2024,2024Q1,"Data Analyst - join our team! Ideal candidate has 4 years of relevant experience and is proficient in Statistics, Tableau, Looker, Python, dbt, AWS, Snowflake. Master's preferred. We're looking for someone who can ownership mindset, stakeholder management, wear many hats.",4,7,Master's preferred,4,Python|Tableau|AWS|Looker|Snowflake|dbt|Statistics,7,Master's preferred,3
Data Analyst,mid-size,2024-02-15,2024,2024Q1,"We are looking for a Data Analyst with 4+ years of experience. Required skills: Salesforce, Machine Learning, Power BI, Git, Snowflake, Excel, R, SQL. Master's required. self-starter, cross-functional collaboration, ambiguity",4,8,Master's required,4,SQL|Excel|Power BI|R|Snowflake|Git|Machine Learning|Salesforce,8,Master's required,3
Data Analyst,mid-size,2024-02-15,2024,2024Q1,"Data Analyst - join our team! Ideal candidate has 4 years of relevant experience and is proficient in A/B Testing, Airflow, Git, Machine Learning, Salesforce, Excel. Master's preferred. We're looking for someone who can high-growth, self-starter, cross-functional collaboration.",4,6,Master's preferred,4,Excel|Airflow|Git|A/B Testing|Machine Learning|Salesforce,6,Master's preferred,3
Data Analyst,mid-size,2024-02-15,2024,2024Q1,"We are looking for a Data Analyst with 4+ years of experience. Required skills: SAP, R, Excel, SQL, A/B Testing, Azure. None mentioned. ownership mindset, high-growth, fast-paced environment",4,6,None mentioned,4,SQL|Excel|R|Azure|A/B Testing|SAP,6,None mentioned,3
Data Analyst,startup,2024-02-15,2024,2024Q1,"We are looking for a Data Analyst with 3+ years of experience. Required skills: GCP, SQL, Salesforce, Machine Learning, Tableau. Bachelor's preferred. high-growth",3,5,Bachelor's preferred,3,SQL|Tableau|GCP|Machine Learning|Salesforce,5,Bachelor's preferred,1
Data Analyst,enterprise,2024-02-15,2024,2024Q1,"Data Analyst - join our team! Ideal candidate has 4 years of relevant experience and is proficient in Tableau, A/B Testing, Snowflake, Excel, AWS, Salesforce. Master's required. We're looking for someone who can scrappy, wear many hats, stakeholder management.",4,6,Master's required,4,Excel|Tableau|AWS|Snowflake|A/B Testing|Salesforce,6,Master's required,3
Data Analyst,mid-size,2024-02-15,2024,2024Q1,"As a Data Analyst, you will work with Statistics, R, Machine Learning, Power BI, Salesforce. Minimum 4 years experience required. Bachelor's preferred. Must thrive in a scrappy.",4,5,Bachelor's preferred,4,Power BI|R|Statistics|Machine Learning|Salesforce,5,Bachelor's preferred,1
Data Analyst,enterprise,2024-02-15,2024,2024Q1,"Data Analyst - join our team! Ideal candidate has 3 years of relevant experience and is proficient in A/B Testing, SQL, Looker, Statistics, Azure, Power BI, Git. Master's preferred. We're looking for someone who can wear many hats.",3,7,Master's preferred,3,SQL|Power BI|Azure|Looker|Git|Statistics|A/B Testing,7,Master's preferred,1
Data Analyst,mid-size,2024-02-15,2024,2024Q1,"Data Analyst - join our team! Ideal candidate has 4 years of relevant experience and is proficient in Spark, AWS, Git, Statistics, Power BI, Looker, Airflow. Master's required. We're looking for someone who can high-growth, cross-functional collaboration, wear many hats.",4,7,Master's required,4,Power BI|AWS|Looker|Airflow|Spark|Git|Statistics,7,Master's required,3
Data Analyst,enterprise,2024-02-15,2024,2024Q1,"We are looking for a Data Analyst with 5+ years of experience. Required skills: SAP, A/B Testing, Python, Machine Learning, Tableau, SQL. Master's preferred. ambiguity, cross-functional collaboration, stakeholder management",5,6,Master's preferred,5,SQL|Python|Tableau|A/B Testing|Machine Learning|SAP,6,Master's preferred,3
Data Analyst,enterprise,2024-02-15,2024,2024Q1,"As a Data Analyst, you will work with Snowflake, SAP, R, SQL, Git. Minimum 4 years experience required. Master's required. Must thrive in a high-growth, scrappy.",4,5,Master's required,4,SQL|R|Snowflake|Git|SAP,5,Master's required,2
Data Analyst,startup,2024-02-15,2024,2024Q1,"As a Data Analyst, you will work with GCP, R, Snowflake, Git, Airflow, AWS, Python, Azure, SAP. Minimum 5 years experience required. Bachelor's required. Must thrive in a ownership mindset, cross-functional collaboration.",5,9,Bachelor's required,5,Python|R|AWS|Azure|GCP|Snowflake|Airflow|Git|SAP,9,Bachelor's required,2
Data Analyst,startup,2024-02-15,2024,2024Q1,"Data Analyst - join our team! Ideal candidate has 5 years of relevant experience and is proficient in Spark, Power BI, Snowflake, Git. Master's required. We're looking for someone who can cross-functional collaboration.",5,4,Master's required,5,Power BI|Snowflake|Spark|Git,4,Master's required,1
Data Analyst,enterprise,2024-02-15,2024,2024Q1,"We are looking for a Data Analyst with 6+ years of experience. Required skills: Spark, Snowflake, GCP. None mentioned. high-growth",6,3,None mentioned,6,GCP|Snowflake|Spark,3,None mentioned,1
Data Analyst,startup,2024-02-15,2024,2024Q1,"Data Analyst - join our team! Ideal candidate has 6 years of relevant experience and is proficient in SAP, Salesforce, Azure, dbt, Machine Learning, Statistics. Master's preferred. We're looking for someone who can ambiguity.",6,6,Master's preferred,6,Azure|dbt|Statistics|Machine Learning|Salesforce|SAP,6,Master's preferred,1
Data Analyst,startup,2024-02-15,2024,2024Q1,"As a Data Analyst, you will work with Salesforce, Machine Learning, Git, Power BI, Python. Minimum 5 years experience required. Bachelor's required. Must thrive in a self-starter.",5,5,Bachelor's required,5,Python|Power BI|Git|Machine Learning|Salesforce,5,Bachelor's required,1
Data Analyst,startup,2024-02-15,2024,2024Q1,"We are looking for a Data Analyst with 5+ years of experience. Required skills: Git, Azure, SAP, R, Power BI, Excel. Bachelor's preferred. high-growth",5,6,Bachelor's preferred,5,Excel|Power BI|R|Azure|Git|SAP,6,Bachelor's preferred,1
Data Analyst,enterprise,2024-02-15,2024,2024Q1,"As a Data Analyst, you will work with Salesforce, Azure. Minimum 5 years experience required. Bachelor's required. Must thrive in a wear many hats.",5,2,Bachelor's required,5,Azure|Salesforce,2,Bachelor's required,1
Data Analyst,mid-size,2024-02-15,2024,2024Q1,"We are looking for a Data Analyst with 4+ years of experience. Required skills: Looker, Machine Learning, Git, Snowflake, SAP, Salesforce. Bachelor's preferred. ownership mindset, high-growth",4,6,Bachelor's preferred,4,Looker|Snowflake|Git|Machine Learning|Salesforce|SAP,6,Bachelor's preferred,2
Data Analyst,mid-size,2024-02-15,2024,2024Q1,"As a Data Analyst, you will work with Machine Learning, AWS, Spark, dbt, Python, Statistics. Minimum 4 years experience required. None mentioned. Must thrive in a stakeholder management, self-starter, wear many hats.",4,6,None mentioned,4,Python|AWS|dbt|Spark|Statistics|Machine Learning,6,None mentioned,3
Data Analyst,enterprise,2024-02-15,2024,2024Q1,"Data Analyst - join our team! Ideal candidate has 6 years of relevant experience and is proficient in AWS, R, Looker, Spark. Bachelor's required. We're looking for someone who can cross-functional collaboration, high-growth.",6,4,Bachelor's required,6,R|AWS|Looker|Spark,4,Bachelor's required,2
Data Analyst,mid-size,2024-02-15,2024,2024Q1,"Data Analyst - join our team! Ideal candidate has 6 years of relevant experience and is proficient in Airflow, Machine Learning, Statistics, Git, dbt, Salesforce, Excel. Master's required. We're looking for someone who can cross-functional collaboration, ambiguity, ownership mindset.",6,7,Master's required,6,Excel|dbt|Airflow|Git|Statistics|Machine Learning|Salesforce,7,Master's required,3
Data Analyst,startup,2024-02-15,2024,2024Q1,"We are looking for a Data Analyst with 4+ years of experience. Required skills: GCP, SQL, Salesforce, Machine Learning, Snowflake, SAP, Azure. Master's preferred. wear many hats",4,7,Master's preferred,4,SQL|Azure|GCP|Snowflake|Machine Learning|Salesforce|SAP,7,Master's preferred,1
Data Analyst,mid-size,2024-02-15,2024,2024Q1,"Data Analyst - join our team! Ideal candidate has 4 years of relevant experience and is proficient in Git, Salesforce, AWS, SAP, GCP, Statistics. Bachelor's required. We're looking for someone who can self-starter, stakeholder management.",4,6,Bachelor's required,4,AWS|GCP|Git|Statistics|Salesforce|SAP,6,Bachelor's required,2
Data Analyst,startup,2024-02-15,2024,2024Q1,"As a Data Analyst, you will work with Machine Learning, Python, Snowflake, GCP, Looker, Statistics. Minimum 4 years experience required. None mentioned. Must thrive in a cross-functional collaboration.",4,6,None mentioned,4,Python|GCP|Looker|Snowflake|Statistics|Machine Learning,6,None mentioned,1
Data Analyst,startup,2024-02-15,2024,2024Q1,"We are looking for a Data Analyst with 3+ years of experience. Required skills: Machine Learning, dbt, Power BI, Spark, A/B Testing, Looker, Excel. Bachelor's required. cross-functional collaboration, ambiguity, self-starter",3,7,Bachelor's required,3,Excel|Power BI|Looker|dbt|Spark|A/B Testing|Machine Learning,7,Bachelor's required,3
Data Analyst,enterprise,2024-02-15,2024,2024Q1,"We are looking for a Data Analyst with 4+ years of experience. Required skills: Statistics, SAP, Python, Power BI, Salesforce. Master's required. self-starter",4,5,Master's required,4,Python|Power BI|Statistics|Salesforce|SAP,5,Master's required,1
Data Analyst,enterprise,2024-02-15,2024,2024Q1,"As a Data Analyst, you will work with dbt, Python, Power BI, Airflow, Spark, Snowflake. Minimum 4 years experience required. Master's required. Must thrive in a ambiguity, ownership mindset.",4,6,Master's required,4,Python|Power BI|Snowflake|dbt|Airflow|Spark,6,Master's required,2
Data Analyst,mid-size,2024-02-15,2024,2024Q1,"Data Analyst - join our team! Ideal candidate has 5 years of relevant experience and is proficient in A/B Testing, dbt, Salesforce, SAP. Bachelor's required. We're looking for someone who can self-starter, high-growth.",5,4,Bachelor's required,5,dbt|A/B Testing|Salesforce|SAP,4,Bachelor's required,2
Data Analyst,mid-size,2024-02-15,2024,2024Q1,"As a Data Analyst, you will work with Python, Power BI, Looker, Snowflake, Azure, Tableau. Minimum 6 years experience required. Bachelor's preferred. Must thrive in a wear many hats, high-growth, ownership mindset.",6,6,Bachelor's preferred,6,Python|Tableau|Power BI|Azure|Looker|Snowflake,6,Bachelor's preferred,3
Data Analyst,startup,2024-02-15,2024,2024Q1,"We are looking for a Data Analyst with 5+ years of experience. Required skills: SQL, Salesforce, Excel, Azure, Airflow, dbt, Looker. Bachelor's preferred. stakeholder management",5,7,Bachelor's preferred,5,SQL|Excel|Azure|Looker|dbt|Airflow|Salesforce,7,Bachelor's preferred,1
Data Analyst,mid-size,2024-02-15,2024,2024Q1,"We are looking for a Data Analyst with 3+ years of experience. Required skills: Airflow, A/B Testing, R, Git, Tableau, dbt, Python. Bachelor's required. self-starter",3,7,Bachelor's required,3,Python|Tableau|R|dbt|Airflow|Git|A/B Testing,7,Bachelor's required,1
Data Analyst,mid-size,2024-02-15,2024,2024Q1,"As a Data Analyst, you will work with Python, Git, Azure, SAP, R, Looker, GCP. Minimum 4 years experience required. Master's required. Must thrive in a wear many hats, cross-functional collaboration.",4,7,Master's required,4,Python|R|Azure|GCP|Looker|Git|SAP,7,Master's required,2
Data Analyst,mid-size,2024-02-15,2024,2024Q1,"We are looking for a Data Analyst with 4+ years of experience. Required skills: Machine Learning, Azure, SQL, Excel, dbt, R. Master's required. self-starter",4,6,Master's required,4,SQL|Excel|R|Azure|dbt|Machine Learning,6,Master's required,1
Data Analyst,enterprise,2024-02-15,2024,2024Q1,"We are looking for a Data Analyst with 4+ years of experience. Required skills: Power BI, Airflow, GCP, Spark, SAP, AWS. Bachelor's preferred. self-starter, fast-paced environment",4,6,Bachelor's preferred,4,Power BI|AWS|GCP|Airflow|Spark|SAP,6,Bachelor's preferred,2
Data Analyst,startup,2024-02-15,2024,2024Q1,"As a Data Analyst, you will work with Salesforce, R, SAP, Machine Learning, Statistics. Minimum 6 years experience required. Master's required. Must thrive in a fast-paced environment, wear many hats, high-growth.",6,5,Master's required,6,R|Statistics|Machine Learning|Salesforce|SAP,5,Master's required,3
Data Analyst,enterprise,2024-02-15,2024,2024Q1,"Data Analyst - join our team! Ideal candidate has 3 years of relevant experience and is proficient in AWS, Excel, R, Python, Airflow, Spark, GCP, Tableau. Bachelor's required. We're looking for someone who can cross-functional collaboration, ownership mindset, stakeholder management.",3,8,Bachelor's required,3,Python|Excel|Tableau|R|AWS|GCP|Airflow|Spark,8,Bachelor's required,3
Data Analyst,enterprise,2024-02-15,2024,2024Q1,"Data Analyst - join our team! Ideal candidate has 3 years of relevant experience and is proficient in Git, Spark, Azure, dbt, Looker, Tableau, Python, Machine Learning. Bachelor's preferred. We're looking for someone who can stakeholder management, ambiguity.",3,8,Bachelor's preferred,3,Python|Tableau|Azure|Looker|dbt|Spark|Git|Machine Learning,8,Bachelor's preferred,2
Data Analyst,startup,2024-02-15,2024,2024Q1,"As a Data Analyst, you will work with Azure, Looker, Git, SQL, A/B Testing, R. Minimum 2 years experience required. None mentioned. Must thrive in a fast-paced environment, stakeholder management, self-starter.",2,6,None mentioned,2,SQL|R|Azure|Looker|Git|A/B Testing,6,None mentioned,3
Data Analyst,enterprise,2024-02-15,2024,2024Q1,"As a Data Analyst, you will work with R, Git, Tableau, A/B Testing, Spark, Python. Minimum 6 years experience required. None mentioned. Must thrive in a fast-paced environment.",6,6,None mentioned,6,Python|Tableau|R|Spark|Git|A/B Testing,6,None mentioned,1
Data Analyst,startup,2024-02-15,2024,2024Q1,"We are looking for a Data Analyst with 6+ years of experience. Required skills: Azure, Excel, Airflow, Spark, Python, SQL, AWS. Bachelor's preferred. cross-functional collaboration, ambiguity, fast-paced environment",6,7,Bachelor's preferred,6,SQL|Python|Excel|AWS|Azure|Airflow|Spark,7,Bachelor's preferred,3
Data Analyst,startup,2024-02-15,2024,2024Q1,"Data Analyst - join our team! Ideal candidate has 6 years of relevant experience and is proficient in GCP, Tableau, Excel, A/B Testing, Snowflake, Looker. Master's preferred. We're looking for someone who can high-growth.",6,6,Master's preferred,6,Excel|Tableau|GCP|Looker|Snowflake|A/B Testing,6,Master's preferred,1
Data Analyst,enterprise,2024-02-15,2024,2024Q1,"Data Analyst - join our team! Ideal candidate has 6 years of relevant experience and is proficient in Python, SAP, Azure, Machine Learning, Git, Snowflake. Bachelor's required. We're looking for someone who can high-growth.",6,6,Bachelor's required,6,Python|Azure|Snowflake|Git|Machine Learning|SAP,6,Bachelor's required,1
Data Analyst,enterprise,2024-02-15,2024,2024Q1,"As a Data Analyst, you will work with Azure, SQL, Machine Learning, Airflow, Power BI, Tableau, Python. Minimum 5 years experience required. Bachelor's required. Must thrive in a self-starter.",5,7,Bachelor's required,5,SQL|Python|Tableau|Power BI|Azure|Airflow|Machine Learning,7,Bachelor's required,1
Data Analyst,startup,2024-02-15,2024,2024Q1,"We are looking for a Data Analyst with 7+ years of experience. Required skills: dbt, Spark, SAP, Salesforce, Git, Statistics, Power BI, Airflow, Excel. Bachelor's preferred. high-growth",7,9,Bachelor's preferred,7,Excel|Power BI|dbt|Airflow|Spark|Git|Statistics|Salesforce|SAP,9,Bachelor's preferred,1
Data Analyst,startup,2024-02-15,2024,2024Q1,"As a Data Analyst, you will work with A/B Testing, Snowflake, Git, Azure, Spark, Looker, Python, Salesforce. Minimum 3 years experience required. None mentioned. Must thrive in a high-growth.",3,8,None mentioned,3,Python|Azure|Looker|Snowflake|Spark|Git|A/B Testing|Salesforce,8,None mentioned,1
Data Analyst,mid-size,2024-02-15,2024,2024Q1,"We are looking for a Data Analyst with 3+ years of experience. Required skills: Azure, Tableau, A/B Testing, Spark, GCP, Salesforce. None mentioned. high-growth",3,6,None mentioned,3,Tableau|Azure|GCP|Spark|A/B Testing|Salesforce,6,None mentioned,1
Data Analyst,startup,2024-02-15,2024,2024Q1,"We are looking for a Data Analyst with 5+ years of experience. Required skills: Snowflake, SAP, GCP, A/B Testing. Bachelor's preferred. ownership mindset, stakeholder management",5,4,Bachelor's preferred,5,GCP|Snowflake|A/B Testing|SAP,4,Bachelor's preferred,2
Data Analyst,enterprise,2024-02-15,2024,2024Q1,"As a Data Analyst, you will work with Airflow, A/B Testing, SQL, Machine Learning, dbt, Looker. Minimum 4 years experience required. None mentioned. Must thrive in a ambiguity.",4,6,None mentioned,4,SQL|Looker|dbt|Airflow|A/B Testing|Machine Learning,6,None mentioned,1
Data Analyst,mid-size,2024-02-15,2024,2024Q1,"As a Data Analyst, you will work with SQL, Looker, Azure. Minimum 7 years experience required. Master's required. Must thrive in a fast-paced environment.",7,3,Master's required,7,SQL|Azure|Looker,3,Master's required,1
Data Analyst,mid-size,2024-02-15,2024,2024Q1,"As a Data Analyst, you will work with Airflow, Looker, SQL, R, SAP, Snowflake, dbt, Machine Learning. Minimum 4 years experience required. None mentioned. Must thrive in a fast-paced environment.",4,8,None mentioned,4,SQL|R|Looker|Snowflake|dbt|Airflow|Machine Learning|SAP,8,None mentioned,1
Data Analyst,enterprise,2024-02-15,2024,2024Q1,"As a Data Analyst, you will work with A/B Testing, SAP, Spark, dbt, Salesforce, Machine Learning, Airflow. Minimum 3 years experience required. Master's required. Must thrive in a wear many hats, scrappy.",3,7,Master's required,3,dbt|Airflow|Spark|A/B Testing|Machine Learning|Salesforce|SAP,7,Master's required,2
Data Analyst,startup,2024-02-15,2024,2024Q1,"Data Analyst - join our team! Ideal candidate has 4 years of relevant experience and is proficient in Looker, Git, SQL, Python, Tableau, Machine Learning, Salesforce, Snowflake. Bachelor's preferred. We're looking for someone who can self-starter, ambiguity.",4,8,Bachelor's preferred,4,SQL|Python|Tableau|Looker|Snowflake|Git|Machine Learning|Salesforce,8,Bachelor's preferred,2
Data Analyst,enterprise,2024-02-15,2024,2024Q1,"Data Analyst - join our team! Ideal candidate has 5 years of relevant experience and is proficient in Machine Learning, Airflow, Statistics, Excel. Bachelor's preferred. We're looking for someone who can ownership mindset.",5,4,Bachelor's preferred,5,Excel|Airflow|Statistics|Machine Learning,4,Bachelor's preferred,1
Data Analyst,startup,2024-02-15,2024,2024Q1,"Data Analyst - join our team! Ideal candidate has 5 years of relevant experience and is proficient in GCP, SQL, Python, Airflow, Machine Learning. Master's preferred. We're looking for someone who can ambiguity, cross-functional collaboration.",5,5,Master's preferred,5,SQL|Python|GCP|Airflow|Machine Learning,5,Master's preferred,2
Data Analyst,mid-size,2024-02-15,2024,2024Q1,"Data Analyst - join our team! Ideal candidate has 4 years of relevant experience and is proficient in Statistics, SQL, dbt. Bachelor's preferred. We're looking for someone who can self-starter.",4,3,Bachelor's preferred,4,SQL|dbt|Statistics,3,Bachelor's preferred,1
Data Analyst,enterprise,2024-02-15,2024,2024Q1,"As a Data Analyst, you will work with Excel, dbt, SAP, Git, Machine Learning, SQL. Minimum 4 years experience required. Master's required. Must thrive in a wear many hats, ownership mindset, stakeholder management.",4,6,Master's required,4,SQL|Excel|dbt|Git|Machine Learning|SAP,6,Master's required,3
Data Analyst,startup,2024-02-15,2024,2024Q1,"We are looking for a Data Analyst with 5+ years of experience. Required skills: AWS, Statistics, Python, dbt, Airflow, Salesforce, A/B Testing, Looker. Master's required. ambiguity, cross-functional collaboration, wear many hats",5,8,Master's required,5,Python|AWS|Looker|dbt|Airflow|Statistics|A/B Testing|Salesforce,8,Master's required,3
Data Analyst,enterprise,2024-02-15,2024,2024Q1,"Data Analyst - join our team! Ideal candidate has 3 years of relevant experience and is proficient in Azure, Snowflake, Git, Salesforce, A/B Testing, Tableau. Master's required. We're looking for someone who can ambiguity, ownership mindset, high-growth.",3,6,Master's required,3,Tableau|Azure|Snowflake|Git|A/B Testing|Salesforce,6,Master's required,3
Data Analyst,mid-size,2024-02-15,2024,2024Q1,"Data Analyst - join our team! Ideal candidate has 5 years of relevant experience and is proficient in Azure, GCP, Python, Snowflake, Looker, A/B Testing. Master's preferred. We're looking for someone who can wear many hats.",5,6,Master's preferred,5,Python|Azure|GCP|Looker|Snowflake|A/B Testing,6,Master's preferred,1
Data Analyst,mid-size,2024-02-15,2024,2024Q1,"As a Data Analyst, you will work with Airflow, dbt, AWS, SAP, Git, Tableau, Python. Minimum 4 years experience required. Bachelor's preferred. Must thrive in a wear many hats, high-growth, cross-functional collaboration.",4,7,Bachelor's preferred,4,Python|Tableau|AWS|dbt|Airflow|Git|SAP,7,Bachelor's preferred,3
Data Analyst,enterprise,2024-02-15,2024,2024Q1,"We are looking for a Data Analyst with 6+ years of experience. Required skills: dbt, Spark, AWS, GCP, A/B Testing, SAP. Master's required. cross-functional collaboration, ambiguity, scrappy",6,6,Master's required,6,AWS|GCP|dbt|Spark|A/B Testing|SAP,6,Master's required,3
Data Analyst,enterprise,2024-02-15,2024,2024Q1,"Data Analyst - join our team! Ideal candidate has 7 years of relevant experience and is proficient in AWS, Azure, Looker, SQL, Salesforce, dbt, Snowflake. Bachelor's required. We're looking for someone who can wear many hats.",7,7,Bachelor's required,7,SQL|AWS|Azure|Looker|Snowflake|dbt|Salesforce,7,Bachelor's required,1
Data Analyst,enterprise,2024-02-15,2024,2024Q1,"As a Data Analyst, you will work with Spark, Statistics, R, A/B Testing. Minimum 5 years experience required. Master's required. Must thrive in a fast-paced environment, stakeholder management, self-starter.",5,4,Master's required,5,R|Spark|Statistics|A/B Testing,4,Master's required,3
Data Analyst,mid-size,2024-02-15,2024,2024Q1,"We are looking for a Data Analyst with 5+ years of experience. Required skills: A/B Testing, Looker, Tableau, Excel, dbt, AWS. Bachelor's required. fast-paced environment",5,6,Bachelor's required,5,Excel|Tableau|AWS|Looker|dbt|A/B Testing,6,Bachelor's required,1
Data Analyst,startup,2024-02-15,2024,2024Q1,"We are looking for a Data Analyst with 5+ years of experience. Required skills: Snowflake, Machine Learning, R, Statistics, Git, Tableau, dbt, AWS, Airflow, GCP. Bachelor's required. self-starter, ambiguity, ownership mindset",5,10,Bachelor's required,5,Tableau|R|AWS|GCP|Snowflake|dbt|Airflow|Git|Statistics|Machine Learning,10,Bachelor's required,3
Data Analyst,startup,2024-02-15,2024,2024Q1,"As a Data Analyst, you will work with Salesforce, Git, SQL, SAP, Tableau. Minimum 3 years experience required. Bachelor's required. Must thrive in a wear many hats.",3,5,Bachelor's required,3,SQL|Tableau|Git|Salesforce|SAP,5,Bachelor's required,1
Data Analyst,startup,2024-02-15,2024,2024Q1,"Data Analyst - join our team! Ideal candidate has 5 years of relevant experience and is proficient in AWS, Power BI, A/B Testing, GCP, Excel, R. Bachelor's preferred. We're looking for someone who can high-growth.",5,6,Bachelor's preferred,5,Excel|Power BI|R|AWS|GCP|A/B Testing,6,Bachelor's preferred,1
Data Analyst,startup,2024-02-15,2024,2024Q1,"As a Data Analyst, you will work with Tableau, SAP, R, Airflow, Salesforce, A/B Testing, Looker. Minimum 5 years experience required. None mentioned. Must thrive in a scrappy, self-starter, stakeholder management.",5,7,None mentioned,5,Tableau|R|Looker|Airflow|A/B Testing|Salesforce|SAP,7,None mentioned,3
Data Analyst,mid-size,2024-02-15,2024,2024Q1,"Data Analyst - join our team! Ideal candidate has 5 years of relevant experience and is proficient in GCP, Excel, Power BI, Git, Machine Learning. Master's required. We're looking for someone who can ownership mindset.",5,5,Master's required,5,Excel|Power BI|GCP|Git|Machine Learning,5,Master's required,1
Data Analyst,startup,2024-02-15,2024,2024Q1,"We are looking for a Data Analyst with 6+ years of experience. Required skills: Tableau, Spark, SQL, Looker, Airflow, Git. Bachelor's required. stakeholder management, self-starter, ownership mindset",6,6,Bachelor's required,6,SQL|Tableau|Looker|Airflow|Spark|Git,6,Bachelor's required,3
Data Analyst,enterprise,2024-02-15,2024,2024Q1,"As a Data Analyst, you will work with Looker, Salesforce, Spark, Statistics, Power BI, A/B Testing. Minimum 5 years experience required. Master's preferred. Must thrive in a fast-paced environment.",5,6,Master's preferred,5,Power BI|Looker|Spark|Statistics|A/B Testing|Salesforce,6,Master's preferred,1
Data Analyst,enterprise,2024-02-15,2024,2024Q1,"Data Analyst - join our team! Ideal candidate has 3 years of relevant experience and is proficient in A/B Testing, SAP, Looker, AWS, Snowflake, Salesforce. Bachelor's preferred. We're looking for someone who can self-starter.",3,6,Bachelor's preferred,3,AWS|Looker|Snowflake|A/B Testing|Salesforce|SAP,6,Bachelor's preferred,1
Data Analyst,mid-size,2024-02-15,2024,2024Q1,"We are looking for a Data Analyst with 3+ years of experience. Required skills: Power BI, A/B Testing, Excel, Git, Statistics, Snowflake, R. Master's required. cross-functional collaboration",3,7,Master's required,3,Excel|Power BI|R|Snowflake|Git|Statistics|A/B Testing,7,Master's required,1
Data Analyst,startup,2024-02-15,2024,2024Q1,"Data Analyst - join our team! Ideal candidate has 4 years of relevant experience and is proficient in Python, A/B Testing, Looker, Git, Excel, dbt. Master's preferred. We're looking for someone who can cross-functional collaboration, high-growth.",4,6,Master's preferred,4,Python|Excel|Looker|dbt|Git|A/B Testing,6,Master's preferred,2
Data Analyst,mid-size,2024-02-15,2024,2024Q1,"As a Data Analyst, you will work with Airflow, Git, AWS, Python, R. Minimum 4 years experience required. Bachelor's preferred. Must thrive in a cross-functional collaboration, high-growth.",4,5,Bachelor's preferred,4,Python|R|AWS|Airflow|Git,5,Bachelor's preferred,2
Data Analyst,startup,2024-02-15,2024,2024Q1,"We are looking for a Data Analyst with 6+ years of experience. Required skills: Salesforce, Power BI, R, Snowflake, Machine Learning. Bachelor's preferred. self-starter",6,5,Bachelor's preferred,6,Power BI|R|Snowflake|Machine Learning|Salesforce,5,Bachelor's preferred,1
Data Analyst,startup,2024-02-15,2024,2024Q1,"As a Data Analyst, you will work with Airflow, Looker, Machine Learning, R, AWS, dbt, Python. Minimum 5 years experience required. Bachelor's required. Must thrive in a high-growth.",5,7,Bachelor's required,5,Python|R|AWS|Looker|dbt|Airflow|Machine Learning,7,Bachelor's required,1
Data Analyst,startup,2024-02-15,2024,2024Q1,"We are looking for a Data Analyst with 6+ years of experience. Required skills: AWS, SQL, Spark, SAP, Snowflake, dbt, Machine Learning, Azure. Bachelor's preferred. ambiguity",6,8,Bachelor's preferred,6,SQL|AWS|Azure|Snowflake|dbt|Spark|Machine Learning|SAP,8,Bachelor's preferred,1
Data Analyst,mid-size,2024-02-15,2024,2024Q1,"We are looking for a Data Analyst with 7+ years of experience. Required skills: dbt, SQL, Tableau, Machine Learning, Azure, Salesforce. Bachelor's preferred. stakeholder management, ambiguity",7,6,Bachelor's preferred,7,SQL|Tableau|Azure|dbt|Machine Learning|Salesforce,6,Bachelor's preferred,2
Data Analyst,enterprise,2024-02-15,2024,2024Q1,"As a Data Analyst, you will work with Statistics, Spark, Azure, SQL. Minimum 5 years experience required. Master's required. Must thrive in a ownership mindset.",5,4,Master's required,5,SQL|Azure|Spark|Statistics,4,Master's required,1
Data Analyst,mid-size,2024-02-15,2024,2024Q1,"Data Analyst - join our team! Ideal candidate has 4 years of relevant experience and is proficient in Azure, Python, AWS. Bachelor's preferred. We're looking for someone who can self-starter, fast-paced environment.",4,3,Bachelor's preferred,4,Python|AWS|Azure,3,Bachelor's preferred,2
Data Analyst,mid-size,2024-02-15,2024,2024Q1,"As a Data Analyst, you will work with SAP, Git, AWS, A/B Testing, Salesforce, Snowflake. Minimum 2 years experience required. Bachelor's required. Must thrive in a ambiguity.",2,6,Bachelor's required,2,AWS|Snowflake|Git|A/B Testing|Salesforce|SAP,6,Bachelor's required,1
Data Analyst,startup,2024-02-15,2024,2024Q1,"We are looking for a Data Analyst with 3+ years of experience. Required skills: AWS, dbt, Statistics, Machine Learning, Spark. Bachelor's required. stakeholder management",3,5,Bachelor's required,3,AWS|dbt|Spark|Statistics|Machine Learning,5,Bachelor's required,1
Data Analyst,startup,2024-02-15,2024,2024Q1,"As a Data Analyst, you will work with R, Looker, Statistics, Salesforce, GCP, SQL. Minimum 6 years experience required. Master's preferred. Must thrive in a wear many hats.",6,6,Master's preferred,6,SQL|R|GCP|Looker|Statistics|Salesforce,6,Master's preferred,1
Data Analyst,startup,2024-02-15,2024,2024Q1,"As a Data Analyst, you will work with Statistics, Excel, Azure, Power BI, GCP, R. Minimum 6 years experience required. Bachelor's required. Must thrive in a self-starter.",6,6,Bachelor's required,6,Excel|Power BI|R|Azure|GCP|Statistics,6,Bachelor's required,1
Data Analyst,enterprise,2024-02-15,2024,2024Q1,"As a Data Analyst, you will work with Statistics, GCP, SQL, Tableau, Looker, AWS, Machine Learning. Minimum 4 years experience required. Master's required. Must thrive in a wear many hats, ownership mindset, fast-paced environment.",4,7,Master's required,4,SQL|Tableau|AWS|GCP|Looker|Statistics|Machine Learning,7,Master's required,3
Data Analyst,enterprise,2024-02-15,2024,2024Q1,"As a Data Analyst, you will work with Excel, R, Looker, Git, Machine Learning, Python, Statistics. Minimum 4 years experience required. Bachelor's required. Must thrive in a wear many hats.",4,7,Bachelor's required,4,Python|Excel|R|Looker|Git|Statistics|Machine Learning,7,Bachelor's required,1
Data Analyst,startup,2024-02-15,2024,2024Q1,"We are looking for a Data Analyst with 6+ years of experience. Required skills: Spark, Statistics, Git, Snowflake, R, GCP. Master's preferred. fast-paced environment, wear many hats",6,6,Master's preferred,6,R|GCP|Snowflake|Spark|Git|Statistics,6,Master's preferred,2
Data Analyst,startup,2024-02-15,2024,2024Q1,"We are looking for a Data Analyst with 7+ years of experience. Required skills: GCP, Airflow, Power BI, Spark, Excel, Salesforce. None mentioned. high-growth",7,6,None mentioned,7,Excel|Power BI|GCP|Airflow|Spark|Salesforce,6,None mentioned,1
Data Analyst,startup,2024-02-15,2024,2024Q1,"We are looking for a Data Analyst with 2+ years of experience. Required skills: Spark, Tableau, AWS, Azure. Master's preferred. self-starter",2,4,Master's preferred,2,Tableau|AWS|Azure|Spark,4,Master's preferred,1
Data Analyst,startup,2024-02-15,2024,2024Q1,"We are looking for a Data Analyst with 4+ years of experience. Required skills: dbt, SAP, Snowflake, Python, Git, Machine Learning, Airflow, Statistics. Master's required. self-starter",4,8,Master's required,4,Python|Snowflake|dbt|Airflow|Git|Statistics|Machine Learning|SAP,8,Master's required,1
Data Analyst,mid-size,2024-02-15,2024,2024Q1,"As a Data Analyst, you will work with Excel, Machine Learning, Azure, Salesforce, Looker. Minimum 4 years experience required. Bachelor's preferred. Must thrive in a ownership mindset, scrappy.",4,5,Bachelor's preferred,4,Excel|Azure|Looker|Machine Learning|Salesforce,5,Bachelor's preferred,2
Data Analyst,startup,2024-02-15,2024,2024Q1,"We are looking for a Data Analyst with 5+ years of experience. Required skills: Git, Snowflake, Salesforce, Machine Learning, Azure, A/B Testing, dbt, Excel, SQL. Bachelor's preferred. scrappy, self-starter",5,9,Bachelor's preferred,5,SQL|Excel|Azure|Snowflake|dbt|Git|A/B Testing|Machine Learning|Salesforce,9,Bachelor's preferred,2
Data Analyst,startup,2024-02-15,2024,2024Q1,"We are looking for a Data Analyst with 5+ years of experience. Required skills: Looker, AWS, Machine Learning, Airflow. Master's preferred. stakeholder management",5,4,Master's preferred,5,AWS|Looker|Airflow|Machine Learning,4,Master's preferred,1
Data Analyst,startup,2024-02-15,2024,2024Q1,"Data Analyst - join our team! Ideal candidate has 5 years of relevant experience and is proficient in SAP, Git, Looker, Salesforce, Tableau, Azure. Master's required. We're looking for someone who can self-starter.",5,6,Master's required,5,Tableau|Azure|Looker|Git|Salesforce|SAP,6,Master's required,1
Data Analyst,startup,2024-02-15,2024,2024Q1,"As a Data Analyst, you will work with Snowflake, Salesforce, Power BI, Python, Spark, Looker, Tableau, Git, Azure. Minimum 6 years experience required. None mentioned. Must thrive in a wear many hats, fast-paced environment.",6,9,None mentioned,6,Python|Tableau|Power BI|Azure|Looker|Snowflake|Spark|Git|Salesforce,9,None mentioned,2
Data Analyst,mid-size,2024-02-15,2024,2024Q1,"As a Data Analyst, you will work with Power BI, Spark, AWS, Excel, R, A/B Testing. Minimum 5 years experience required. Bachelor's preferred. Must thrive in a wear many hats, fast-paced environment.",5,6,Bachelor's preferred,5,Excel|Power BI|R|AWS|Spark|A/B Testing,6,Bachelor's preferred,2
Data Analyst,mid-size,2024-02-15,2024,2024Q1,"As a Data Analyst, you will work with Machine Learning, Snowflake, Airflow, Git, Python, A/B Testing, Tableau, Spark. Minimum 5 years experience required. Master's required. Must thrive in a cross-functional collaboration, fast-paced environment.",5,8,Master's required,5,Python|Tableau|Snowflake|Airflow|Spark|Git|A/B Testing|Machine Learning,8,Master's required,2
Data Analyst,startup,2024-02-15,2024,2024Q1,"Data Analyst - join our team! Ideal candidate has 3 years of relevant experience and is proficient in Tableau, SAP, Airflow, dbt, Excel, Snowflake. None mentioned. We're looking for someone who can self-starter, high-growth.",3,6,None mentioned,3,Excel|Tableau|Snowflake|dbt|Airflow|SAP,6,None mentioned,2
Data Analyst,mid-size,2024-02-15,2024,2024Q1,"As a Data Analyst, you will work with R, Azure, Python, Snowflake, dbt, GCP, AWS. Minimum 5 years experience required. Master's required. Must thrive in a scrappy, wear many hats, stakeholder management.",5,7,Master's required,5,Python|R|AWS|Azure|GCP|Snowflake|dbt,7,Master's required,3
Data Analyst,startup,2024-02-15,2024,2024Q1,"As a Data Analyst, you will work with dbt, GCP, Tableau, Snowflake, Machine Learning, Power BI, SQL, Excel. Minimum 7 years experience required. None mentioned. Must thrive in a cross-functional collaboration, ownership mindset.",7,8,None mentioned,7,SQL|Excel|Tableau|Power BI|GCP|Snowflake|dbt|Machine Learning,8,None mentioned,2
Data Analyst,startup,2024-02-15,2024,2024Q1,"Data Analyst - join our team! Ideal candidate has 6 years of relevant experience and is proficient in Salesforce, Excel, Power BI, SQL, Machine Learning, GCP. Bachelor's required. We're looking for someone who can fast-paced environment.",6,6,Bachelor's required,6,SQL|Excel|Power BI|GCP|Machine Learning|Salesforce,6,Bachelor's required,1
Data Analyst,enterprise,2024-02-15,2024,2024Q1,"We are looking for a Data Analyst with 4+ years of experience. Required skills: SQL, Snowflake, SAP, R, dbt, Azure, Airflow. Bachelor's preferred. stakeholder management",4,7,Bachelor's preferred,4,SQL|R|Azure|Snowflake|dbt|Airflow|SAP,7,Bachelor's preferred,1
Data Analyst,startup,2024-02-15,2024,2024Q1,"Data Analyst - join our team! Ideal candidate has 5 years of relevant experience and is proficient in Git, dbt, Machine Learning, AWS, A/B Testing, GCP, Excel. Bachelor's required. We're looking for someone who can scrappy.",5,7,Bachelor's required,5,Excel|AWS|GCP|dbt|Git|A/B Testing|Machine Learning,7,Bachelor's required,1
Data Analyst,enterprise,2024-02-15,2024,2024Q1,"Data Analyst - join our team! Ideal candidate has 5 years of relevant experience and is proficient in SQL, Git, Salesforce, dbt, GCP, Python, Tableau. None mentioned. We're looking for someone who can wear many hats, ownership mindset, self-starter.",5,7,None mentioned,5,SQL|Python|Tableau|GCP|dbt|Git|Salesforce,7,None mentioned,3
Data Analyst,startup,2024-02-15,2024,2024Q1,"We are looking for a Data Analyst with 4+ years of experience. Required skills: Airflow, Machine Learning, Spark, A/B Testing. Bachelor's required. wear many hats",4,4,Bachelor's required,4,Airflow|Spark|A/B Testing|Machine Learning,4,Bachelor's required,1
Data Analyst,startup,2024-02-15,2024,2024Q1,"We are looking for a Data Analyst with 3+ years of experience. Required skills: Azure, dbt, A/B Testing, SAP, Salesforce, GCP, Airflow. Master's required. scrappy",3,7,Master's required,3,Azure|GCP|dbt|Airflow|A/B Testing|Salesforce|SAP,7,Master's required,1
Data Analyst,startup,2024-02-15,2024,2024Q1,"As a Data Analyst, you will work with Tableau, Power BI, SQL, GCP, Excel, Salesforce. Minimum 5 years experience required. Bachelor's preferred. Must thrive in a fast-paced environment, self-starter, high-growth.",5,6,Bachelor's preferred,5,SQL|Excel|Tableau|Power BI|GCP|Salesforce,6,Bachelor's preferred,3
Data Analyst,startup,2024-02-15,2024,2024Q1,"We are looking for a Data Analyst with 4+ years of experience. Required skills: AWS, Power BI, GCP, SQL. Bachelor's required. scrappy",4,4,Bachelor's required,4,SQL|Power BI|AWS|GCP,4,Bachelor's required,1
Data Analyst,startup,2024-02-15,2024,2024Q1,"Data Analyst - join our team! Ideal candidate has 5 years of relevant experience and is proficient in Excel, Salesforce, Tableau, GCP, R, Statistics, Spark. None mentioned. We're looking for someone who can fast-paced environment, cross-functional collaboration.",5,7,None mentioned,5,Excel|Tableau|R|GCP|Spark|Statistics|Salesforce,7,None mentioned,2
Data Analyst,mid-size,2024-02-15,2024,2024Q1,"As a Data Analyst, you will work with Looker, Spark, Azure, Snowflake, dbt, Power BI. Minimum 4 years experience required. Bachelor's preferred. Must thrive in a fast-paced environment.",4,6,Bachelor's preferred,4,Power BI|Azure|Looker|Snowflake|dbt|Spark,6,Bachelor's preferred,1
Data Analyst,mid-size,2024-02-15,2024,2024Q1,"Data Analyst - join our team! Ideal candidate has 2 years of relevant experience and is proficient in Excel, Machine Learning, Azure, Tableau, Airflow, SQL, dbt. Master's required. We're looking for someone who can high-growth, scrappy.",2,7,Master's required,2,SQL|Excel|Tableau|Azure|dbt|Airflow|Machine Learning,7,Master's required,2
Data Analyst,enterprise,2024-02-15,2024,2024Q1,"As a Data Analyst, you will work with R, Statistics, Snowflake, Azure, Machine Learning, Spark, Power BI. Minimum 4 years experience required. Bachelor's preferred. Must thrive in a fast-paced environment.",4,7,Bachelor's preferred,4,Power BI|R|Azure|Snowflake|Spark|Statistics|Machine Learning,7,Bachelor's preferred,1
Data Analyst,mid-size,2024-02-15,2024,2024Q1,"We are looking for a Data Analyst with 4+ years of experience. Required skills: dbt, GCP, Snowflake, Statistics, Airflow, SQL, Looker, A/B Testing. Bachelor's preferred. ownership mindset, stakeholder management, fast-paced environment",4,8,Bachelor's preferred,4,SQL|GCP|Looker|Snowflake|dbt|Airflow|Statistics|A/B Testing,8,Bachelor's preferred,3
Data Analyst,startup,2024-02-15,2024,2024Q1,"We are looking for a Data Analyst with 5+ years of experience. Required skills: Excel, Power BI, Spark, Statistics, GCP. Bachelor's preferred. ambiguity",5,5,Bachelor's preferred,5,Excel|Power BI|GCP|Spark|Statistics,5,Bachelor's preferred,1
Data Analyst,mid-size,2024-02-15,2024,2024Q1,"As a Data Analyst, you will work with Statistics, AWS, Airflow, dbt, Python, R, Looker. Minimum 6 years experience required. Bachelor's required. Must thrive in a fast-paced environment, ownership mindset.",6,7,Bachelor's required,6,Python|R|AWS|Looker|dbt|Airflow|Statistics,7,Bachelor's required,2
Data Analyst,mid-size,2024-02-15,2024,2024Q1,"We are looking for a Data Analyst with 5+ years of experience. Required skills: dbt, SAP, GCP, Looker, Azure, Git, Power BI. Bachelor's required. scrappy",5,7,Bachelor's required,5,Power BI|Azure|GCP|Looker|dbt|Git|SAP,7,Bachelor's required,1
Data Analyst,enterprise,2024-02-15,2024,2024Q1,"We are looking for a Data Analyst with 5+ years of experience. Required skills: Looker, Machine Learning, Git, Salesforce. None mentioned. ownership mindset, high-growth, fast-paced environment",5,4,None mentioned,5,Looker|Git|Machine Learning|Salesforce,4,None mentioned,3
Data Analyst,startup,2024-02-15,2024,2024Q1,"We are looking for a Data Analyst with 5+ years of experience. Required skills: Salesforce, Python, Statistics, Looker, Snowflake. Master's preferred. fast-paced environment",5,5,Master's preferred,5,Python|Looker|Snowflake|Statistics|Salesforce,5,Master's preferred,1
Data Analyst,startup,2024-02-15,2024,2024Q1,"Data Analyst - join our team! Ideal candidate has 6 years of relevant experience and is proficient in Tableau, Statistics, Azure, Spark, R. Master's required. We're looking for someone who can stakeholder management.",6,5,Master's required,6,Tableau|R|Azure|Spark|Statistics,5,Master's required,1
Data Analyst,startup,2024-02-15,2024,2024Q1,"We are looking for a Data Analyst with 3+ years of experience. Required skills: Salesforce, dbt, Git, Looker, Power BI. Master's required. ownership mindset, stakeholder management, high-growth",3,5,Master's required,3,Power BI|Looker|dbt|Git|Salesforce,5,Master's required,3
Data Analyst,mid-size,2024-02-15,2024,2024Q1,"As a Data Analyst, you will work with Git, Looker, Tableau, Power BI, AWS. Minimum 6 years experience required. Bachelor's required. Must thrive in a high-growth.",6,5,Bachelor's required,6,Tableau|Power BI|AWS|Looker|Git,5,Bachelor's required,1
Data Analyst,mid-size,2024-05-15,2024,2024Q2,"Data Analyst - join our team! Ideal candidate has 5 years of relevant experience and is proficient in Tableau, GCP, Excel, Git. Bachelor's preferred. We're looking for someone who can scrappy, high-growth.",5,4,Bachelor's preferred,5,Excel|Tableau|GCP|Git,4,Bachelor's preferred,2
Data Analyst,enterprise,2024-05-15,2024,2024Q2,"We are looking for a Data Analyst with 4+ years of experience. Required skills: A/B Testing, dbt, Python, Power BI, Azure, SQL, Git, Statistics. Bachelor's required. ambiguity, fast-paced environment",4,8,Bachelor's required,4,SQL|Python|Power BI|Azure|dbt|Git|Statistics|A/B Testing,8,Bachelor's required,2
Data Analyst,startup,2024-05-15,2024,2024Q2,"Data Analyst - join our team! Ideal candidate has 4 years of relevant experience and is proficient in AWS, SQL, Snowflake, Tableau, Git, Python. Master's preferred. We're looking for someone who can scrappy.",4,6,Master's preferred,4,SQL|Python|Tableau|AWS|Snowflake|Git,6,Master's preferred,1
Data Analyst,mid-size,2024-05-15,2024,2024Q2,"We are looking for a Data Analyst with 5+ years of experience. Required skills: R, SAP, dbt, Python, Snowflake, SQL, Machine Learning. Master's required. high-growth",5,7,Master's required,5,SQL|Python|R|Snowflake|dbt|Machine Learning|SAP,7,Master's required,1
Data Analyst,enterprise,2024-05-15,2024,2024Q2,"We are looking for a Data Analyst with 4+ years of experience. Required skills: Tableau, Git, Airflow. Master's required. stakeholder management",4,3,Master's required,4,Tableau|Airflow|Git,3,Master's required,1
Data Analyst,startup,2024-05-15,2024,2024Q2,"Data Analyst - join our team! Ideal candidate has 5 years of relevant experience and is proficient in Excel, Tableau, Python, dbt, SAP, Statistics, A/B Testing. Bachelor's preferred. We're looking for someone who can ambiguity.",5,7,Bachelor's preferred,5,Python|Excel|Tableau|dbt|Statistics|A/B Testing|SAP,7,Bachelor's preferred,1
Data Analyst,enterprise,2024-05-15,2024,2024Q2,"Data Analyst - join our team! Ideal candidate has 7 years of relevant experience and is proficient in SAP, Statistics, Python, Tableau, Spark, Looker. Bachelor's preferred. We're looking for someone who can stakeholder management.",7,6,Bachelor's preferred,7,Python|Tableau|Looker|Spark|Statistics|SAP,6,Bachelor's preferred,1
Data Analyst,enterprise,2024-05-15,2024,2024Q2,"We are looking for a Data Analyst with 3+ years of experience. Required skills: Looker, Tableau, Machine Learning, Airflow, Excel, R. Master's required. cross-functional collaboration",3,6,Master's required,3,Excel|Tableau|R|Looker|Airflow|Machine Learning,6,Master's required,1
Data Analyst,enterprise,2024-05-15,2024,2024Q2,"As a Data Analyst, you will work with Looker, Spark, Statistics, SQL, SAP, Salesforce, A/B Testing. Minimum 4 years experience required. Bachelor's preferred. Must thrive in a ambiguity.",4,7,Bachelor's preferred,4,SQL|Looker|Spark|Statistics|A/B Testing|Salesforce|SAP,7,Bachelor's preferred,1
Data Analyst,enterprise,2024-05-15,2024,2024Q2,"We are looking for a Data Analyst with 6+ years of experience. Required skills: Python, Looker, Statistics, Azure, Salesforce, Power BI, AWS, SQL. Master's preferred. wear many hats, fast-paced environment, stakeholder management",6,8,Master's preferred,6,SQL|Python|Power BI|AWS|Azure|Looker|Statistics|Salesforce,8,Master's preferred,3
Data Analyst,enterprise,2024-05-15,2024,2024Q2,"Data Analyst - join our team! Ideal candidate has 4 years of relevant experience and is proficient in R, A/B Testing, Excel, Azure, Python. Bachelor's preferred. We're looking for someone who can self-starter.",4,5,Bachelor's preferred,4,Python|Excel|R|Azure|A/B Testing,5,Bachelor's preferred,1
Data Analyst,enterprise,2024-05-15,2024,2024Q2,"We are looking for a Data Analyst with 4+ years of experience. Required skills: SAP, Statistics, Git, GCP, Python. Master's required. cross-functional collaboration",4,5,Master's required,4,Python|GCP|Git|Statistics|SAP,5,Master's required,1
Data Analyst,startup,2024-05-15,2024,2024Q2,"We are looking for a Data Analyst with 4+ years of experience. Required skills: dbt, Machine Learning, Power BI, Azure. Bachelor's preferred. cross-functional collaboration, high-growth, fast-paced environment",4,4,Bachelor's preferred,4,Power BI|Azure|dbt|Machine Learning,4,Bachelor's preferred,3
Data Analyst,enterprise,2024-05-15,2024,2024Q2,"We are looking for a Data Analyst with 4+ years of experience. Required skills: Machine Learning, Power BI, Tableau, Statistics, Python. Bachelor's preferred. wear many hats, scrappy",4,5,Bachelor's preferred,4,Python|Tableau|Power BI|Statistics|Machine Learning,5,Bachelor's preferred,2
Data Analyst,mid-size,2024-05-15,2024,2024Q2,"As a Data Analyst, you will work with Power BI, Looker, Tableau, GCP, R. Minimum 4 years experience required. Bachelor's required. Must thrive in a self-starter.",4,5,Bachelor's required,4,Tableau|Power BI|R|GCP|Looker,5,Bachelor's required,1
Data Analyst,startup,2024-05-15,2024,2024Q2,"As a Data Analyst, you will work with Statistics, Machine Learning, A/B Testing, Tableau, Airflow, GCP. Minimum 5 years experience required. Bachelor's preferred. Must thrive in a stakeholder management.",5,6,Bachelor's preferred,5,Tableau|GCP|Airflow|Statistics|A/B Testing|Machine Learning,6,Bachelor's preferred,1
Data Analyst,enterprise,2024-05-15,2024,2024Q2,"Data Analyst - join our team! Ideal candidate has 5 years of relevant experience and is proficient in Spark, Power BI, GCP, Salesforce, AWS. Master's required. We're looking for someone who can ambiguity.",5,5,Master's required,5,Power BI|AWS|GCP|Spark|Salesforce,5,Master's required,1
Data Analyst,startup,2024-05-15,2024,2024Q2,"Data Analyst - join our team! Ideal candidate has 4 years of relevant experience and is proficient in A/B Testing, Python, Excel, SAP, Tableau, Salesforce. Master's preferred. We're looking for someone who can cross-functional collaboration.",4,6,Master's preferred,4,Python|Excel|Tableau|A/B Testing|Salesforce|SAP,6,Master's preferred,1
Data Analyst,startup,2024-05-15,2024,2024Q2,"Data Analyst - join our team! Ideal candidate has 5 years of relevant experience and is proficient in Airflow, Azure, A/B Testing, GCP, Salesforce, Statistics, Snowflake, dbt. Bachelor's preferred. We're looking for someone who can fast-paced environment, ownership mindset.",5,8,Bachelor's preferred,5,Azure|GCP|Snowflake|dbt|Airflow|Statistics|A/B Testing|Salesforce,8,Bachelor's preferred,2
Data Analyst,mid-size,2024-05-15,2024,2024Q2,"We are looking for a Data Analyst with 6+ years of experience. Required skills: Git, SQL, Snowflake, A/B Testing, GCP. None mentioned. ambiguity",6,5,None mentioned,6,SQL|GCP|Snowflake|Git|A/B Testing,5,None mentioned,1
Data Analyst,startup,2024-05-15,2024,2024Q2,"Data Analyst - join our team! Ideal candidate has 4 years of relevant experience and is proficient in Python, Statistics, SQL, Airflow, GCP, SAP. Bachelor's required. We're looking for someone who can self-starter.",4,6,Bachelor's required,4,SQL|Python|GCP|Airflow|Statistics|SAP,6,Bachelor's required,1
Data Analyst,startup,2024-05-15,2024,2024Q2,"As a Data Analyst, you will work with Tableau, Python, GCP, Statistics, SAP. Minimum 5 years experience required. Master's preferred. Must thrive in a ownership mindset, ambiguity.",5,5,Master's preferred,5,Python|Tableau|GCP|Statistics|SAP,5,Master's preferred,2
Data Analyst,enterprise,2024-05-15,2024,2024Q2,"As a Data Analyst, you will work with Tableau, Salesforce, Azure, Machine Learning. Minimum 3 years experience required. Master's required. Must thrive in a high-growth.",3,4,Master's required,3,Tableau|Azure|Machine Learning|Salesforce,4,Master's required,1
Data Analyst,enterprise,2024-05-15,2024,2024Q2,"We are looking for a Data Analyst with 3+ years of experience. Required skills: Snowflake, AWS, dbt, Python, Statistics, GCP, Power BI. Bachelor's required. scrappy",3,7,Bachelor's required,3,Python|Power BI|AWS|GCP|Snowflake|dbt|Statistics,7,Bachelor's required,1
Data Analyst,enterprise,2024-05-15,2024,2024Q2,"We are looking for a Data Analyst with 3+ years of experience. Required skills: R, AWS, Power BI, GCP, Spark, Azure, SQL, Git. Bachelor's preferred. self-starter, wear many hats, scrappy",3,8,Bachelor's preferred,3,SQL|Power BI|R|AWS|Azure|GCP|Spark|Git,8,Bachelor's preferred,3
Data Analyst,startup,2024-05-15,2024,2024Q2,"As a Data Analyst, you will work with Airflow, A/B Testing, SAP, Statistics, Azure. Minimum 8 years experience required. Master's required. Must thrive in a cross-functional collaboration, self-starter.",8,5,Master's required,8,Azure|Airflow|Statistics|A/B Testing|SAP,5,Master's required,2
Data Analyst,mid-size,2024-05-15,2024,2024Q2,"We are looking for a Data Analyst with 5+ years of experience. Required skills: Salesforce, SQL, Machine Learning, GCP, Tableau, Excel, SAP. Master's required. wear many hats",5,7,Master's required,5,SQL|Excel|Tableau|GCP|Machine Learning|Salesforce|SAP,7,Master's required,1
Data Analyst,startup,2024-05-15,2024,2024Q2,"We are looking for a Data Analyst with 5+ years of experience. Required skills: GCP, SAP, Spark, A/B Testing. Bachelor's preferred. scrappy, self-starter",5,4,Bachelor's preferred,5,GCP|Spark|A/B Testing|SAP,4,Bachelor's preferred,2
Data Analyst,mid-size,2024-05-15,2024,2024Q2,"Data Analyst - join our team! Ideal candidate has 5 years of relevant experience and is proficient in Power BI, Azure, R, Python, A/B Testing, AWS, dbt. Bachelor's required. We're looking for someone who can ownership mindset.",5,7,Bachelor's required,5,Python|Power BI|R|AWS|Azure|dbt|A/B Testing,7,Bachelor's required,1
Data Analyst,startup,2024-05-15,2024,2024Q2,"Data Analyst - join our team! Ideal candidate has 6 years of relevant experience and is proficient in dbt, Power BI, GCP, Statistics, Excel. Bachelor's required. We're looking for someone who can scrappy.",6,5,Bachelor's required,6,Excel|Power BI|GCP|dbt|Statistics,5,Bachelor's required,1
Data Analyst,mid-size,2024-05-15,2024,2024Q2,"We are looking for a Data Analyst with 4+ years of experience. Required skills: Salesforce, AWS, Excel, Statistics, Git. Bachelor's preferred. ownership mindset, fast-paced environment",4,5,Bachelor's preferred,4,Excel|AWS|Git|Statistics|Salesforce,5,Bachelor's preferred,2
Data Analyst,startup,2024-05-15,2024,2024Q2,"We are looking for a Data Analyst with 6+ years of experience. Required skills: Excel, SAP, Machine Learning, Tableau, Airflow, A/B Testing. Bachelor's required. self-starter",6,6,Bachelor's required,6,Excel|Tableau|Airflow|A/B Testing|Machine Learning|SAP,6,Bachelor's required,1
Data Analyst,mid-size,2024-05-15,2024,2024Q2,"We are looking for a Data Analyst with 5+ years of experience. Required skills: AWS, Spark, Snowflake. Master's required. wear many hats, ownership mindset, fast-paced environment",5,3,Master's required,5,AWS|Snowflake|Spark,3,Master's required,3
Data Analyst,startup,2024-05-15,2024,2024Q2,"We are looking for a Data Analyst with 5+ years of experience. Required skills: Salesforce, Statistics, Snowflake, SQL, Looker, Machine Learning, Azure, Tableau, AWS, Excel. Bachelor's required. stakeholder management, fast-paced environment",5,10,Bachelor's required,5,SQL|Excel|Tableau|AWS|Azure|Looker|Snowflake|Statistics|Machine Learning|Salesforce,10,Bachelor's required,2
Data Analyst,enterprise,2024-05-15,2024,2024Q2,"As a Data Analyst, you will work with GCP, R, Machine Learning, Azure. Minimum 5 years experience required. Bachelor's preferred. Must thrive in a cross-functional collaboration.",5,4,Bachelor's preferred,5,R|Azure|GCP|Machine Learning,4,Bachelor's preferred,1
Data Analyst,enterprise,2024-05-15,2024,2024Q2,"Data Analyst - join our team! Ideal candidate has 5 years of relevant experience and is proficient in AWS, Python, Excel, dbt, R, Statistics, Looker, A/B Testing. Bachelor's required. We're looking for someone who can stakeholder management.",5,8,Bachelor's required,5,Python|Excel|R|AWS|Looker|dbt|Statistics|A/B Testing,8,Bachelor's required,1
Data Analyst,enterprise,2024-05-15,2024,2024Q2,"As a Data Analyst, you will work with GCP, SAP, Azure, SQL, Airflow, Python, Power BI. Minimum 5 years experience required. Bachelor's required. Must thrive in a cross-functional collaboration.",5,7,Bachelor's required,5,SQL|Python|Power BI|Azure|GCP|Airflow|SAP,7,Bachelor's required,1
Data Analyst,startup,2024-05-15,2024,2024Q2,"We are looking for a Data Analyst with 4+ years of experience. Required skills: Azure, Excel, Statistics, AWS, SQL, Salesforce. Bachelor's required. ownership mindset, wear many hats",4,6,Bachelor's required,4,SQL|Excel|AWS|Azure|Statistics|Salesforce,6,Bachelor's required,2
Data Analyst,mid-size,2024-05-15,2024,2024Q2,"As a Data Analyst, you will work with Excel, dbt, A/B Testing, GCP, Airflow, AWS. Minimum 4 years experience required. None mentioned. Must thrive in a ambiguity, cross-functional collaboration.",4,6,None mentioned,4,Excel|AWS|GCP|dbt|Airflow|A/B Testing,6,None mentioned,2
Data Analyst,startup,2024-05-15,2024,2024Q2,"We are looking for a Data Analyst with 5+ years of experience. Required skills: R, dbt, SQL, Spark, AWS, Git, A/B Testing, Looker. Master's required. stakeholder management",5,8,Master's required,5,SQL|R|AWS|Looker|dbt|Spark|Git|A/B Testing,8,Master's required,1
Data Analyst,startup,2024-05-15,2024,2024Q2,"As a Data Analyst, you will work with Git, Python, Tableau, SAP, dbt, Power BI. Minimum 4 years experience required. Bachelor's required. Must thrive in a ownership mindset.",4,6,Bachelor's required,4,Python|Tableau|Power BI|dbt|Git|SAP,6,Bachelor's required,1
Data Analyst,startup,2024-05-15,2024,2024Q2,"Data Analyst - join our team! Ideal candidate has 5 years of relevant experience and is proficient in SAP, Power BI, A/B Testing, GCP, Looker, Tableau. Bachelor's preferred. We're looking for someone who can ambiguity, stakeholder management.",5,6,Bachelor's preferred,5,Tableau|Power BI|GCP|Looker|A/B Testing|SAP,6,Bachelor's preferred,2
Data Analyst,mid-size,2024-05-15,2024,2024Q2,"We are looking for a Data Analyst with 6+ years of experience. Required skills: AWS, Statistics, GCP, Airflow, Azure, A/B Testing, Tableau. Bachelor's preferred. fast-paced environment",6,7,Bachelor's preferred,6,Tableau|AWS|Azure|GCP|Airflow|Statistics|A/B Testing,7,Bachelor's preferred,1
Data Analyst,startup,2024-05-15,2024,2024Q2,"We are looking for a Data Analyst with 5+ years of experience. Required skills: Power BI, SQL, SAP, A/B Testing, Git, Tableau, GCP, Salesforce. None mentioned. ownership mindset",5,8,None mentioned,5,SQL|Tableau|Power BI|GCP|Git|A/B Testing|Salesforce|SAP,8,None mentioned,1
Data Analyst,startup,2024-05-15,2024,2024Q2,"Data Analyst - join our team! Ideal candidate has 4 years of relevant experience and is proficient in SAP, Machine Learning, Python, AWS, GCP, SQL. Bachelor's required. We're looking for someone who can high-growth.",4,6,Bachelor's required,4,SQL|Python|AWS|GCP|Machine Learning|SAP,6,Bachelor's required,1
Data Analyst,enterprise,2024-05-15,2024,2024Q2,"We are looking for a Data Analyst with 3+ years of experience. Required skills: AWS, Statistics, dbt, Python, Looker, Snowflake, Salesforce, Git. Bachelor's required. scrappy, cross-functional collaboration",3,8,Bachelor's required,3,Python|AWS|Looker|Snowflake|dbt|Git|Statistics|Salesforce,8,Bachelor's required,2
Data Analyst,mid-size,2024-05-15,2024,2024Q2,"We are looking for a Data Analyst with 6+ years of experience. Required skills: Airflow, Looker, A/B Testing, SQL, Python, GCP. Bachelor's preferred. self-starter, ambiguity",6,6,Bachelor's preferred,6,SQL|Python|GCP|Looker|Airflow|A/B Testing,6,Bachelor's preferred,2
Data Analyst,enterprise,2024-05-15,2024,2024Q2,"As a Data Analyst, you will work with Airflow, Spark, A/B Testing, Excel, dbt, Statistics, Salesforce, Looker. Minimum 4 years experience required. Bachelor's preferred. Must thrive in a ambiguity, high-growth.",4,8,Bachelor's preferred,4,Excel|Looker|dbt|Airflow|Spark|Statistics|A/B Testing|Salesforce,8,Bachelor's preferred,2
Data Analyst,mid-size,2024-05-15,2024,2024Q2,"As a Data Analyst, you will work with Statistics, Airflow, Machine Learning, Python, Power BI, AWS. Minimum 7 years experience required. Bachelor's preferred. Must thrive in a self-starter.",7,6,Bachelor's preferred,7,Python|Power BI|AWS|Airflow|Statistics|Machine Learning,6,Bachelor's preferred,1
Data Analyst,mid-size,2024-05-15,2024,2024Q2,"We are looking for a Data Analyst with 6+ years of experience. Required skills: SAP, Power BI, dbt, AWS, Machine Learning. Bachelor's required. wear many hats",6,5,Bachelor's required,6,Power BI|AWS|dbt|Machine Learning|SAP,5,Bachelor's required,1
Data Analyst,mid-size,2024-05-15,2024,2024Q2,"We are looking for a Data Analyst with 4+ years of experience. Required skills: Spark, Statistics, A/B Testing, Airflow, R, Git, Snowflake. Bachelor's required. ownership mindset",4,7,Bachelor's required,4,R|Snowflake|Airflow|Spark|Git|Statistics|A/B Testing,7,Bachelor's required,1
Data Analyst,mid-size,2024-05-15,2024,2024Q2,"As a Data Analyst, you will work with Power BI, A/B Testing, Airflow, SAP, Git, AWS, Excel. Minimum 6 years experience required. Bachelor's required. Must thrive in a cross-functional collaboration.",6,7,Bachelor's required,6,Excel|Power BI|AWS|Airflow|Git|A/B Testing|SAP,7,Bachelor's required,1
Data Analyst,startup,2024-05-15,2024,2024Q2,"Data Analyst - join our team! Ideal candidate has 5 years of relevant experience and is proficient in AWS, SAP, Looker, Tableau, A/B Testing, Airflow. None mentioned. We're looking for someone who can fast-paced environment, wear many hats, self-starter.",5,6,None mentioned,5,Tableau|AWS|Looker|Airflow|A/B Testing|SAP,6,None mentioned,3
Data Analyst,mid-size,2024-05-15,2024,2024Q2,"As a Data Analyst, you will work with Power BI, AWS, Tableau, R, Python, A/B Testing, dbt, Statistics. Minimum 5 years experience required. Bachelor's preferred. Must thrive in a high-growth, cross-functional collaboration.",5,8,Bachelor's preferred,5,Python|Tableau|Power BI|R|AWS|dbt|Statistics|A/B Testing,8,Bachelor's preferred,2
Data Analyst,enterprise,2024-05-15,2024,2024Q2,"Data Analyst - join our team! Ideal candidate has 6 years of relevant experience and is proficient in Spark, GCP, Python, Machine Learning, dbt, AWS. Master's required. We're looking for someone who can stakeholder management, high-growth, wear many hats.",6,6,Master's required,6,Python|AWS|GCP|dbt|Spark|Machine Learning,6,Master's required,3
Data Analyst,startup,2024-05-15,2024,2024Q2,"We are looking for a Data Analyst with 7+ years of experience. Required skills: Python, Statistics, Machine Learning, SAP, R, AWS. Bachelor's preferred. fast-paced environment",7,6,Bachelor's preferred,7,Python|R|AWS|Statistics|Machine Learning|SAP,6,Bachelor's preferred,1
Data Analyst,startup,2024-05-15,2024,2024Q2,"As a Data Analyst, you will work with Statistics, Azure, SAP, Spark, Excel. Minimum 4 years experience required. None mentioned. Must thrive in a wear many hats.",4,5,None mentioned,4,Excel|Azure|Spark|Statistics|SAP,5,None mentioned,1
Data Analyst,enterprise,2024-05-15,2024,2024Q2,"We are looking for a Data Analyst with 4+ years of experience. Required skills: SQL, Machine Learning, Excel, Spark, Looker, Salesforce. Bachelor's preferred. scrappy, ambiguity",4,6,Bachelor's preferred,4,SQL|Excel|Looker|Spark|Machine Learning|Salesforce,6,Bachelor's preferred,2
Data Analyst,enterprise,2024-05-15,2024,2024Q2,"As a Data Analyst, you will work with Machine Learning, Spark, Salesforce, A/B Testing, Power BI, Tableau, Git. Minimum 5 years experience required. Bachelor's required. Must thrive in a fast-paced environment, stakeholder management, cross-functional collaboration.",5,7,Bachelor's required,5,Tableau|Power BI|Spark|Git|A/B Testing|Machine Learning|Salesforce,7,Bachelor's required,3
Data Analyst,enterprise,2024-05-15,2024,2024Q2,"Data Analyst - join our team! Ideal candidate has 6 years of relevant experience and is proficient in Azure, Looker, Snowflake, Git, Excel, A/B Testing, R. Bachelor's preferred. We're looking for someone who can ownership mindset.",6,7,Bachelor's preferred,6,Excel|R|Azure|Looker|Snowflake|Git|A/B Testing,7,Bachelor's preferred,1
Data Analyst,mid-size,2024-05-15,2024,2024Q2,"Data Analyst - join our team! Ideal candidate has 4 years of relevant experience and is proficient in dbt, Airflow, Looker, Excel, Power BI. Bachelor's preferred. We're looking for someone who can cross-functional collaboration, scrappy.",4,5,Bachelor's preferred,4,Excel|Power BI|Looker|dbt|Airflow,5,Bachelor's preferred,2
Data Analyst,startup,2024-05-15,2024,2024Q2,"Data Analyst - join our team! Ideal candidate has 2 years of relevant experience and is proficient in GCP, Tableau, Azure, Airflow, Salesforce. Master's required. We're looking for someone who can high-growth.",2,5,Master's required,2,Tableau|Azure|GCP|Airflow|Salesforce,5,Master's required,1
Data Analyst,enterprise,2024-05-15,2024,2024Q2,"As a Data Analyst, you will work with AWS, Python, Excel, Tableau, R, Machine Learning, SAP. Minimum 5 years experience required. Master's required. Must thrive in a ambiguity, wear many hats, ownership mindset.",5,7,Master's required,5,Python|Excel|Tableau|R|AWS|Machine Learning|SAP,7,Master's required,3
Data Analyst,enterprise,2024-05-15,2024,2024Q2,"We are looking for a Data Analyst with 5+ years of experience. Required skills: Looker, Machine Learning, GCP, AWS, dbt, Statistics, Snowflake, SQL, Tableau. Master's preferred. cross-functional collaboration, self-starter",5,9,Master's preferred,5,SQL|Tableau|AWS|GCP|Looker|Snowflake|dbt|Statistics|Machine Learning,9,Master's preferred,2
Data Analyst,mid-size,2024-05-15,2024,2024Q2,"We are looking for a Data Analyst with 4+ years of experience. Required skills: Airflow, AWS, SAP, Excel, Statistics, Salesforce. Bachelor's preferred. ambiguity, cross-functional collaboration",4,6,Bachelor's preferred,4,Excel|AWS|Airflow|Statistics|Salesforce|SAP,6,Bachelor's preferred,2
Data Analyst,enterprise,2024-05-15,2024,2024Q2,"Data Analyst - join our team! Ideal candidate has 5 years of relevant experience and is proficient in Power BI, Python, Git, Spark, Excel, Looker, AWS, SQL. Bachelor's preferred. We're looking for someone who can high-growth.",5,8,Bachelor's preferred,5,SQL|Python|Excel|Power BI|AWS|Looker|Spark|Git,8,Bachelor's preferred,1
Data Analyst,mid-size,2024-05-15,2024,2024Q2,"We are looking for a Data Analyst with 3+ years of experience. Required skills: Tableau, Machine Learning, A/B Testing, AWS. None mentioned. cross-functional collaboration, high-growth",3,4,None mentioned,3,Tableau|AWS|A/B Testing|Machine Learning,4,None mentioned,2
Data Analyst,mid-size,2024-05-15,2024,2024Q2,"Data Analyst - join our team! Ideal candidate has 3 years of relevant experience and is proficient in AWS, R, SAP, Python, GCP, dbt, Airflow, Spark. None mentioned. We're looking for someone who can self-starter, ambiguity.",3,8,None mentioned,3,Python|R|AWS|GCP|dbt|Airflow|Spark|SAP,8,None mentioned,2
Data Analyst,enterprise,2024-05-15,2024,2024Q2,"As a Data Analyst, you will work with Salesforce, Snowflake, Azure, Machine Learning, AWS, Tableau. Minimum 5 years experience required. None mentioned. Must thrive in a scrappy, wear many hats.",5,6,None mentioned,5,Tableau|AWS|Azure|Snowflake|Machine Learning|Salesforce,6,None mentioned,2
Data Analyst,startup,2024-05-15,2024,2024Q2,"We are looking for a Data Analyst with 5+ years of experience. Required skills: Azure, Git, Salesforce, AWS. None mentioned. cross-functional collaboration, scrappy",5,4,None mentioned,5,AWS|Azure|Git|Salesforce,4,None mentioned,2
Data Analyst,startup,2024-05-15,2024,2024Q2,"We are looking for a Data Analyst with 5+ years of experience. Required skills: Power BI, Salesforce, Airflow, SAP. Bachelor's required. wear many hats, scrappy",5,4,Bachelor's required,5,Power BI|Airflow|Salesforce|SAP,4,Bachelor's required,2
Data Analyst,mid-size,2024-05-15,2024,2024Q2,"Data Analyst - join our team! Ideal candidate has 5 years of relevant experience and is proficient in GCP, R, Azure, AWS, A/B Testing, Tableau, Machine Learning, Python. Bachelor's required. We're looking for someone who can ownership mindset, cross-functional collaboration, ambiguity.",5,8,Bachelor's required,5,Python|Tableau|R|AWS|Azure|GCP|A/B Testing|Machine Learning,8,Bachelor's required,3
Data Analyst,startup,2024-05-15,2024,2024Q2,"Data Analyst - join our team! Ideal candidate has 6 years of relevant experience and is proficient in AWS, SAP, Looker, A/B Testing, SQL, GCP, Power BI, Tableau. Master's preferred. We're looking for someone who can cross-functional collaboration.",6,8,Master's preferred,6,SQL|Tableau|Power BI|AWS|GCP|Looker|A/B Testing|SAP,8,Master's preferred,1
Data Analyst,mid-size,2024-05-15,2024,2024Q2,"Data Analyst - join our team! Ideal candidate has 5 years of relevant experience and is proficient in Salesforce, Git, Power BI, R, Azure, dbt, A/B Testing, Python, Looker. Bachelor's preferred. We're looking for someone who can wear many hats.",5,9,Bachelor's preferred,5,Python|Power BI|R|Azure|Looker|dbt|Git|A/B Testing|Salesforce,9,Bachelor's preferred,1
Data Analyst,startup,2024-05-15,2024,2024Q2,"Data Analyst - join our team! Ideal candidate has 5 years of relevant experience and is proficient in Machine Learning, SAP, Snowflake. None mentioned. We're looking for someone who can wear many hats, ownership mindset, high-growth.",5,3,None mentioned,5,Snowflake|Machine Learning|SAP,3,None mentioned,3
Data Analyst,mid-size,2024-05-15,2024,2024Q2,"We are looking for a Data Analyst with 6+ years of experience. Required skills: Statistics, Machine Learning, Azure, Snowflake, dbt. Bachelor's required. self-starter, fast-paced environment",6,5,Bachelor's required,6,Azure|Snowflake|dbt|Statistics|Machine Learning,5,Bachelor's required,2
Data Analyst,enterprise,2024-05-15,2024,2024Q2,"We are looking for a Data Analyst with 4+ years of experience. Required skills: Power BI, Git, AWS, GCP, A/B Testing. Bachelor's preferred. fast-paced environment",4,5,Bachelor's preferred,4,Power BI|AWS|GCP|Git|A/B Testing,5,Bachelor's preferred,1
Data Analyst,startup,2024-05-15,2024,2024Q2,"As a Data Analyst, you will work with SQL, R, Looker, Git, Salesforce. Minimum 4 years experience required. None mentioned. Must thrive in a self-starter, wear many hats.",4,5,None mentioned,4,SQL|R|Looker|Git|Salesforce,5,None mentioned,2
Data Analyst,mid-size,2024-05-15,2024,2024Q2,"We are looking for a Data Analyst with 5+ years of experience. Required skills: SAP, Tableau, Python, Spark, Excel, Git. Master's preferred. self-starter, wear many hats, ambiguity",5,6,Master's preferred,5,Python|Excel|Tableau|Spark|Git|SAP,6,Master's preferred,3
Data Analyst,startup,2024-05-15,2024,2024Q2,"As a Data Analyst, you will work with A/B Testing, Spark, Looker, Azure, SQL, R, Git, dbt. Minimum 5 years experience required. Master's required. Must thrive in a stakeholder management, wear many hats, fast-paced environment.",5,8,Master's required,5,SQL|R|Azure|Looker|dbt|Spark|Git|A/B Testing,8,Master's required,3
Data Analyst,startup,2024-05-15,2024,2024Q2,"Data Analyst - join our team! Ideal candidate has 7 years of relevant experience and is proficient in GCP, Salesforce, Looker, Spark, Machine Learning, Tableau. Master's required. We're looking for someone who can stakeholder management.",7,6,Master's required,7,Tableau|GCP|Looker|Spark|Machine Learning|Salesforce,6,Master's required,1
Data Analyst,startup,2024-05-15,2024,2024Q2,"Data Analyst - join our team! Ideal candidate has 5 years of relevant experience and is proficient in Spark, Snowflake, AWS, GCP, Azure, Python. Master's preferred. We're looking for someone who can high-growth, fast-paced environment, ownership mindset.",5,6,Master's preferred,5,Python|AWS|Azure|GCP|Snowflake|Spark,6,Master's preferred,3
Data Analyst,mid-size,2024-05-15,2024,2024Q2,"Data Analyst - join our team! Ideal candidate has 5 years of relevant experience and is proficient in GCP, SAP, Git, Salesforce. Master's preferred. We're looking for someone who can high-growth.",5,4,Master's preferred,5,GCP|Git|Salesforce|SAP,4,Master's preferred,1
Data Analyst,startup,2024-05-15,2024,2024Q2,"We are looking for a Data Analyst with 6+ years of experience. Required skills: Airflow, AWS, Machine Learning, Spark, GCP. Master's preferred. ownership mindset",6,5,Master's preferred,6,AWS|GCP|Airflow|Spark|Machine Learning,5,Master's preferred,1
Data Analyst,startup,2024-05-15,2024,2024Q2,"We are looking for a Data Analyst with 5+ years of experience. Required skills: Airflow, SAP, R, Tableau, Git, A/B Testing, Excel. Bachelor's preferred. ownership mindset",5,7,Bachelor's preferred,5,Excel|Tableau|R|Airflow|Git|A/B Testing|SAP,7,Bachelor's preferred,1
Data Analyst,mid-size,2024-05-15,2024,2024Q2,"We are looking for a Data Analyst with 5+ years of experience. Required skills: GCP, Python, Machine Learning, AWS, Git, Snowflake, SQL. Master's preferred. cross-functional collaboration",5,7,Master's preferred,5,SQL|Python|AWS|GCP|Snowflake|Git|Machine Learning,7,Master's preferred,1
Data Analyst,enterprise,2024-05-15,2024,2024Q2,"As a Data Analyst, you will work with Spark, Power BI, Salesforce, Looker, Python. Minimum 4 years experience required. Bachelor's preferred. Must thrive in a wear many hats.",4,5,Bachelor's preferred,4,Python|Power BI|Looker|Spark|Salesforce,5,Bachelor's preferred,1
Data Analyst,mid-size,2024-05-15,2024,2024Q2,"Data Analyst - join our team! Ideal candidate has 4 years of relevant experience and is proficient in AWS, R, Excel, Machine Learning, Statistics, Azure, Python, SQL. Bachelor's required. We're looking for someone who can ownership mindset, scrappy.",4,8,Bachelor's required,4,SQL|Python|Excel|R|AWS|Azure|Statistics|Machine Learning,8,Bachelor's required,2
Data Analyst,startup,2024-05-15,2024,2024Q2,"As a Data Analyst, you will work with Azure, dbt, Snowflake, Spark, SQL. Minimum 3 years experience required. None mentioned. Must thrive in a wear many hats.",3,5,None mentioned,3,SQL|Azure|Snowflake|dbt|Spark,5,None mentioned,1
Data Analyst,enterprise,2024-05-15,2024,2024Q2,"Data Analyst - join our team! Ideal candidate has 5 years of relevant experience and is proficient in SQL, Python, R, Machine Learning, Spark. Master's preferred. We're looking for someone who can wear many hats.",5,5,Master's preferred,5,SQL|Python|R|Spark|Machine Learning,5,Master's preferred,1
Data Analyst,mid-size,2024-05-15,2024,2024Q2,"Data Analyst - join our team! Ideal candidate has 2 years of relevant experience and is proficient in SAP, Machine Learning, Snowflake, Looker, Statistics, Airflow, AWS. Master's required. We're looking for someone who can high-growth.",2,7,Master's required,2,AWS|Looker|Snowflake|Airflow|Statistics|Machine Learning|SAP,7,Master's required,1
Data Analyst,mid-size,2024-05-15,2024,2024Q2,"Data Analyst - join our team! Ideal candidate has 5 years of relevant experience and is proficient in Git, Azure, Power BI, SAP, Salesforce. None mentioned. We're looking for someone who can wear many hats, fast-paced environment.",5,5,None mentioned,5,Power BI|Azure|Git|Salesforce|SAP,5,None mentioned,2
Data Analyst,startup,2024-05-15,2024,2024Q2,"Data Analyst - join our team! Ideal candidate has 6 years of relevant experience and is proficient in Spark, dbt, Snowflake, Looker, Azure, Machine Learning. Bachelor's preferred. We're looking for someone who can ownership mindset.",6,6,Bachelor's preferred,6,Azure|Looker|Snowflake|dbt|Spark|Machine Learning,6,Bachelor's preferred,1
Data Analyst,startup,2024-05-15,2024,2024Q2,"Data Analyst - join our team! Ideal candidate has 6 years of relevant experience and is proficient in SAP, Git, Snowflake, Excel, Tableau, dbt, GCP, Spark. Bachelor's preferred. We're looking for someone who can fast-paced environment, wear many hats, stakeholder management.",6,8,Bachelor's preferred,6,Excel|Tableau|GCP|Snowflake|dbt|Spark|Git|SAP,8,Bachelor's preferred,3
Data Analyst,mid-size,2024-05-15,2024,2024Q2,"As a Data Analyst, you will work with Statistics, Airflow. Minimum 5 years experience required. Master's required. Must thrive in a wear many hats.",5,2,Master's required,5,Airflow|Statistics,2,Master's required,1
Data Analyst,startup,2024-05-15,2024,2024Q2,"Data Analyst - join our team! Ideal candidate has 5 years of relevant experience and is proficient in Machine Learning, Airflow, Looker, Spark, Snowflake, Power BI. Bachelor's required. We're looking for someone who can wear many hats.",5,6,Bachelor's required,5,Power BI|Looker|Snowflake|Airflow|Spark|Machine Learning,6,Bachelor's required,1
Data Analyst,startup,2024-05-15,2024,2024Q2,"As a Data Analyst, you will work with Excel, Spark, Snowflake, dbt, Statistics, Python. Minimum 4 years experience required. Bachelor's required. Must thrive in a self-starter, ownership mindset.",4,6,Bachelor's required,4,Python|Excel|Snowflake|dbt|Spark|Statistics,6,Bachelor's required,2
Data Analyst,enterprise,2024-05-15,2024,2024Q2,"We are looking for a Data Analyst with 7+ years of experience. Required skills: SAP, Snowflake, Power BI, SQL, Airflow, GCP, dbt, AWS, Looker. Master's preferred. cross-functional collaboration, self-starter, wear many hats",7,9,Master's preferred,7,SQL|Power BI|AWS|GCP|Looker|Snowflake|dbt|Airflow|SAP,9,Master's preferred,3
Data Analyst,enterprise,2024-05-15,2024,2024Q2,"We are looking for a Data Analyst with 4+ years of experience. Required skills: AWS, dbt, SAP, R, Airflow, Git, Tableau, A/B Testing, Machine Learning. None mentioned. ambiguity, scrappy",4,9,None mentioned,4,Tableau|R|AWS|dbt|Airflow|Git|A/B Testing|Machine Learning|SAP,9,None mentioned,2
Data Analyst,enterprise,2024-05-15,2024,2024Q2,"We are looking for a Data Analyst with 4+ years of experience. Required skills: SQL, Python, A/B Testing, Tableau. Master's preferred. stakeholder management",4,4,Master's preferred,4,SQL|Python|Tableau|A/B Testing,4,Master's preferred,1
Data Analyst,enterprise,2024-05-15,2024,2024Q2,"As a Data Analyst, you will work with Azure, SQL, Airflow, Python, Statistics, Snowflake, AWS. Minimum 4 years experience required. Bachelor's required. Must thrive in a wear many hats, high-growth.",4,7,Bachelor's required,4,SQL|Python|AWS|Azure|Snowflake|Airflow|Statistics,7,Bachelor's required,2
Data Analyst,mid-size,2024-05-15,2024,2024Q2,"We are looking for a Data Analyst with 4+ years of experience. Required skills: Power BI, dbt, SAP, Snowflake, Looker, Statistics. None mentioned. ambiguity, ownership mindset",4,6,None mentioned,4,Power BI|Looker|Snowflake|dbt|Statistics|SAP,6,None mentioned,2
Data Analyst,enterprise,2024-05-15,2024,2024Q2,"As a Data Analyst, you will work with Python, SAP, dbt, Power BI, AWS, Salesforce, Git, SQL. Minimum 7 years experience required. Master's required. Must thrive in a scrappy, wear many hats, cross-functional collaboration.",7,8,Master's required,7,SQL|Python|Power BI|AWS|dbt|Git|Salesforce|SAP,8,Master's required,3
Data Analyst,startup,2024-05-15,2024,2024Q2,"Data Analyst - join our team! Ideal candidate has 5 years of relevant experience and is proficient in SQL, GCP, R, Git, Snowflake, AWS, A/B Testing, Machine Learning, Excel. Bachelor's required. We're looking for someone who can cross-functional collaboration.",5,9,Bachelor's required,5,SQL|Excel|R|AWS|GCP|Snowflake|Git|A/B Testing|Machine Learning,9,Bachelor's required,1
Data Analyst,startup,2024-05-15,2024,2024Q2,"As a Data Analyst, you will work with dbt, Tableau, AWS, Power BI, GCP. Minimum 5 years experience required. Master's preferred. Must thrive in a wear many hats, high-growth.",5,5,Master's preferred,5,Tableau|Power BI|AWS|GCP|dbt,5,Master's preferred,2
Data Analyst,startup,2024-05-15,2024,2024Q2,"As a Data Analyst, you will work with Git, Tableau, Salesforce, R, dbt, A/B Testing, Snowflake. Minimum 6 years experience required. None mentioned. Must thrive in a self-starter, high-growth.",6,7,None mentioned,6,Tableau|R|Snowflake|dbt|Git|A/B Testing|Salesforce,7,None mentioned,2
Data Analyst,mid-size,2024-05-15,2024,2024Q2,"As a Data Analyst, you will work with Power BI, A/B Testing, SQL, Statistics, Git. Minimum 6 years experience required. Master's required. Must thrive in a fast-paced environment, self-starter, ambiguity.",6,5,Master's required,6,SQL|Power BI|Git|Statistics|A/B Testing,5,Master's required,3
Data Analyst,mid-size,2024-05-15,2024,2024Q2,"We are looking for a Data Analyst with 3+ years of experience. Required skills: AWS, Power BI, Spark, SQL, Python, Statistics. Master's preferred. scrappy",3,6,Master's preferred,3,SQL|Python|Power BI|AWS|Spark|Statistics,6,Master's preferred,1
Data Analyst,enterprise,2024-05-15,2024,2024Q2,"We are looking for a Data Analyst with 6+ years of experience. Required skills: Excel, Looker, Git, SAP, Salesforce, R, Airflow. None mentioned. wear many hats",6,7,None mentioned,6,Excel|R|Looker|Airflow|Git|Salesforce|SAP,7,None mentioned,1
Data Analyst,mid-size,2024-05-15,2024,2024Q2,"Data Analyst - join our team! Ideal candidate has 4 years of relevant experience and is proficient in Power BI, GCP, Tableau, Looker, Git, Spark, Azure. Bachelor's preferred. We're looking for someone who can self-starter.",4,7,Bachelor's preferred,4,Tableau|Power BI|Azure|GCP|Looker|Spark|Git,7,Bachelor's preferred,1
Data Analyst,enterprise,2024-05-15,2024,2024Q2,"As a Data Analyst, you will work with dbt, SQL, Tableau, Machine Learning, Airflow. Minimum 5 years experience required. Master's preferred. Must thrive in a cross-functional collaboration.",5,5,Master's preferred,5,SQL|Tableau|dbt|Airflow|Machine Learning,5,Master's preferred,1
Data Analyst,mid-size,2024-05-15,2024,2024Q2,"As a Data Analyst, you will work with Excel, Airflow, R, Tableau, Statistics, Snowflake, Python. Minimum 4 years experience required. Bachelor's preferred. Must thrive in a ambiguity, ownership mindset.",4,7,Bachelor's preferred,4,Python|Excel|Tableau|R|Snowflake|Airflow|Statistics,7,Bachelor's preferred,2
Data Analyst,startup,2024-05-15,2024,2024Q2,"As a Data Analyst, you will work with AWS, Git, SAP, Tableau, Snowflake, Azure, Python. Minimum 5 years experience required. Master's required. Must thrive in a high-growth, wear many hats.",5,7,Master's required,5,Python|Tableau|AWS|Azure|Snowflake|Git|SAP,7,Master's required,2
Data Analyst,enterprise,2024-05-15,2024,2024Q2,"We are looking for a Data Analyst with 5+ years of experience. Required skills: Tableau, Excel, dbt, Azure, Statistics, Power BI, Snowflake, Machine Learning, Git. Master's preferred. scrappy",5,9,Master's preferred,5,Excel|Tableau|Power BI|Azure|Snowflake|dbt|Git|Statistics|Machine Learning,9,Master's preferred,1
Data Analyst,startup,2024-05-15,2024,2024Q2,"Data Analyst - join our team! Ideal candidate has 5 years of relevant experience and is proficient in AWS, Snowflake, Tableau, dbt, Azure, Git, SQL. Bachelor's preferred. We're looking for someone who can fast-paced environment, scrappy.",5,7,Bachelor's preferred,5,SQL|Tableau|AWS|Azure|Snowflake|dbt|Git,7,Bachelor's preferred,2
Data Analyst,mid-size,2024-05-15,2024,2024Q2,"Data Analyst - join our team! Ideal candidate has 4 years of relevant experience and is proficient in SQL, R, A/B Testing, Looker, Machine Learning, Git. None mentioned. We're looking for someone who can high-growth.",4,6,None mentioned,4,SQL|R|Looker|Git|A/B Testing|Machine Learning,6,None mentioned,1
Data Analyst,enterprise,2024-05-15,2024,2024Q2,"We are looking for a Data Analyst with 4+ years of experience. Required skills: Python, Machine Learning, Statistics, SAP. Bachelor's required. self-starter",4,4,Bachelor's required,4,Python|Statistics|Machine Learning|SAP,4,Bachelor's required,1
Data Analyst,startup,2024-05-15,2024,2024Q2,"Data Analyst - join our team! Ideal candidate has 7 years of relevant experience and is proficient in Git, Looker, A/B Testing, Python, Statistics. Bachelor's required. We're looking for someone who can ambiguity.",7,5,Bachelor's required,7,Python|Looker|Git|Statistics|A/B Testing,5,Bachelor's required,1
Data Analyst,enterprise,2024-05-15,2024,2024Q2,"As a Data Analyst, you will work with Python, Spark, A/B Testing, Snowflake, Looker, Salesforce. Minimum 7 years experience required. Master's preferred. Must thrive in a fast-paced environment.",7,6,Master's preferred,7,Python|Looker|Snowflake|Spark|A/B Testing|Salesforce,6,Master's preferred,1
Data Analyst,startup,2024-05-15,2024,2024Q2,"Data Analyst - join our team! Ideal candidate has 4 years of relevant experience and is proficient in Looker, Statistics, Git, SAP, Snowflake, AWS, Excel. None mentioned. We're looking for someone who can high-growth.",4,7,None mentioned,4,Excel|AWS|Looker|Snowflake|Git|Statistics|SAP,7,None mentioned,1
Data Analyst,startup,2024-05-15,2024,2024Q2,"As a Data Analyst, you will work with SQL, Snowflake, Machine Learning, R. Minimum 6 years experience required. Master's required. Must thrive in a cross-functional collaboration, stakeholder management.",6,4,Master's required,6,SQL|R|Snowflake|Machine Learning,4,Master's required,2
Data Analyst,mid-size,2024-05-15,2024,2024Q2,"We are looking for a Data Analyst with 5+ years of experience. Required skills: dbt, Machine Learning, Looker, Power BI, Git, Spark, Snowflake. Bachelor's preferred. self-starter",5,7,Bachelor's preferred,5,Power BI|Looker|Snowflake|dbt|Spark|Git|Machine Learning,7,Bachelor's preferred,1
Data Analyst,startup,2024-05-15,2024,2024Q2,"As a Data Analyst, you will work with AWS, Looker, Statistics, A/B Testing, Python, SQL. Minimum 5 years experience required. Bachelor's required. Must thrive in a wear many hats, scrappy.",5,6,Bachelor's required,5,SQL|Python|AWS|Looker|Statistics|A/B Testing,6,Bachelor's required,2
Data Analyst,mid-size,2024-05-15,2024,2024Q2,"We are looking for a Data Analyst with 3+ years of experience. Required skills: Snowflake, Looker, AWS, Tableau, Airflow. Master's required. wear many hats, scrappy",3,5,Master's required,3,Tableau|AWS|Looker|Snowflake|Airflow,5,Master's required,2
Data Analyst,startup,2024-05-15,2024,2024Q2,"We are looking for a Data Analyst with 3+ years of experience. Required skills: Power BI, Tableau, Git, GCP, Excel. Bachelor's preferred. cross-functional collaboration",3,5,Bachelor's preferred,3,Excel|Tableau|Power BI|GCP|Git,5,Bachelor's preferred,1
Data Analyst,mid-size,2024-05-15,2024,2024Q2,"Data Analyst - join our team! Ideal candidate has 6 years of relevant experience and is proficient in Tableau, AWS, Spark, R, Statistics, Snowflake, SAP, SQL. Bachelor's preferred. We're looking for someone who can ownership mindset.",6,8,Bachelor's preferred,6,SQL|Tableau|R|AWS|Snowflake|Spark|Statistics|SAP,8,Bachelor's preferred,1
Data Analyst,enterprise,2024-05-15,2024,2024Q2,"As a Data Analyst, you will work with Statistics, SQL, GCP, Azure, Salesforce. Minimum 4 years experience required. None mentioned. Must thrive in a scrappy.",4,5,None mentioned,4,SQL|Azure|GCP|Statistics|Salesforce,5,None mentioned,1
Data Analyst,startup,2024-05-15,2024,2024Q2,"We are looking for a Data Analyst with 4+ years of experience. Required skills: Spark, Power BI, Salesforce, Looker. Bachelor's required. ambiguity, cross-functional collaboration, scrappy",4,4,Bachelor's required,4,Power BI|Looker|Spark|Salesforce,4,Bachelor's required,3
Data Analyst,startup,2024-05-15,2024,2024Q2,"We are looking for a Data Analyst with 6+ years of experience. Required skills: Tableau, Spark, SQL, A/B Testing, Git, Excel. Bachelor's preferred. scrappy",6,6,Bachelor's preferred,6,SQL|Excel|Tableau|Spark|Git|A/B Testing,6,Bachelor's preferred,1
Data Analyst,startup,2024-05-15,2024,2024Q2,"Data Analyst - join our team! Ideal candidate has 5 years of relevant experience and is proficient in Machine Learning, Looker, Snowflake, GCP, SAP, Power BI. Bachelor's preferred. We're looking for someone who can fast-paced environment, wear many hats.",5,6,Bachelor's preferred,5,Power BI|GCP|Looker|Snowflake|Machine Learning|SAP,6,Bachelor's preferred,2
Data Analyst,mid-size,2024-05-15,2024,2024Q2,"We are looking for a Data Analyst with 6+ years of experience. Required skills: Airflow, Git, AWS, Statistics, SQL, A/B Testing, GCP, Power BI. Bachelor's preferred. cross-functional collaboration",6,8,Bachelor's preferred,6,SQL|Power BI|AWS|GCP|Airflow|Git|Statistics|A/B Testing,8,Bachelor's preferred,1
Data Analyst,mid-size,2024-05-15,2024,2024Q2,"Data Analyst - join our team! Ideal candidate has 3 years of relevant experience and is proficient in Git, GCP, Snowflake, A/B Testing, dbt, Power BI, Looker. Bachelor's required. We're looking for someone who can scrappy.",3,7,Bachelor's required,3,Power BI|GCP|Looker|Snowflake|dbt|Git|A/B Testing,7,Bachelor's required,1
Data Analyst,mid-size,2024-05-15,2024,2024Q2,"We are looking for a Data Analyst with 4+ years of experience. Required skills: R, AWS, Excel, A/B Testing, Tableau, Salesforce, Snowflake. Bachelor's preferred. high-growth, wear many hats, scrappy",4,7,Bachelor's preferred,4,Excel|Tableau|R|AWS|Snowflake|A/B Testing|Salesforce,7,Bachelor's preferred,3
Data Analyst,enterprise,2024-05-15,2024,2024Q2,"Data Analyst - join our team! Ideal candidate has 5 years of relevant experience and is proficient in Machine Learning, Tableau, Salesforce, Statistics, Python, Git. Bachelor's preferred. We're looking for someone who can ownership mindset.",5,6,Bachelor's preferred,5,Python|Tableau|Git|Statistics|Machine Learning|Salesforce,6,Bachelor's preferred,1
Data Analyst,mid-size,2024-05-15,2024,2024Q2,"As a Data Analyst, you will work with Spark, Git, Python, GCP, Airflow. Minimum 3 years experience required. Master's required. Must thrive in a fast-paced environment.",3,5,Master's required,3,Python|GCP|Airflow|Spark|Git,5,Master's required,1
Data Analyst,enterprise,2024-05-15,2024,2024Q2,"As a Data Analyst, you will work with Snowflake, Power BI, SAP. Minimum 4 years experience required. None mentioned. Must thrive in a cross-functional collaboration, ownership mindset, stakeholder management.",4,3,None mentioned,4,Power BI|Snowflake|SAP,3,None mentioned,3
Data Analyst,mid-size,2024-05-15,2024,2024Q2,"We are looking for a Data Analyst with 6+ years of experience. Required skills: Statistics, Machine Learning, Excel, SQL. Bachelor's preferred. cross-functional collaboration",6,4,Bachelor's preferred,6,SQL|Excel|Statistics|Machine Learning,4,Bachelor's preferred,1
Data Analyst,enterprise,2024-05-15,2024,2024Q2,"As a Data Analyst, you will work with R, Git, Machine Learning, Spark. Minimum 4 years experience required. Bachelor's preferred. Must thrive in a fast-paced environment.",4,4,Bachelor's preferred,4,R|Spark|Git|Machine Learning,4,Bachelor's preferred,1
Data Analyst,enterprise,2024-05-15,2024,2024Q2,"Data Analyst - join our team! Ideal candidate has 6 years of relevant experience and is proficient in Airflow, Salesforce, SQL, Tableau, A/B Testing, SAP, R. Bachelor's required. We're looking for someone who can cross-functional collaboration, self-starter, scrappy.",6,7,Bachelor's required,6,SQL|Tableau|R|Airflow|A/B Testing|Salesforce|SAP,7,Bachelor's required,3
Data Analyst,mid-size,2024-05-15,2024,2024Q2,"As a Data Analyst, you will work with AWS, SQL, Tableau, Snowflake, Python, GCP. Minimum 4 years experience required. None mentioned. Must thrive in a scrappy.",4,6,None mentioned,4,SQL|Python|Tableau|AWS|GCP|Snowflake,6,None mentioned,1
Data Analyst,startup,2024-05-15,2024,2024Q2,"We are looking for a Data Analyst with 4+ years of experience. Required skills: Azure, Snowflake, SAP, Git, Machine Learning, Statistics. None mentioned. fast-paced environment",4,6,None mentioned,4,Azure|Snowflake|Git|Statistics|Machine Learning|SAP,6,None mentioned,1
Data Analyst,startup,2024-05-15,2024,2024Q2,"Data Analyst - join our team! Ideal candidate has 5 years of relevant experience and is proficient in Salesforce, Tableau, SQL, SAP, dbt, Snowflake, AWS. None mentioned. We're looking for someone who can self-starter, high-growth, stakeholder management.",5,7,None mentioned,5,SQL|Tableau|AWS|Snowflake|dbt|Salesforce|SAP,7,None mentioned,3
Data Analyst,startup,2024-05-15,2024,2024Q2,"As a Data Analyst, you will work with Azure, Statistics, Git, R. Minimum 5 years experience required. Master's required. Must thrive in a wear many hats, ambiguity, cross-functional collaboration.",5,4,Master's required,5,R|Azure|Git|Statistics,4,Master's required,3
Data Analyst,startup,2024-05-15,2024,2024Q2,"Data Analyst - join our team! Ideal candidate has 3 years of relevant experience and is proficient in Salesforce, Power BI, AWS, Git, Snowflake. Bachelor's required. We're looking for someone who can self-starter.",3,5,Bachelor's required,3,Power BI|AWS|Snowflake|Git|Salesforce,5,Bachelor's required,1
Data Analyst,mid-size,2024-05-15,2024,2024Q2,"As a Data Analyst, you will work with Azure, A/B Testing, Git, SQL, Snowflake, Machine Learning, Tableau. Minimum 5 years experience required. Bachelor's preferred. Must thrive in a self-starter.",5,7,Bachelor's preferred,5,SQL|Tableau|Azure|Snowflake|Git|A/B Testing|Machine Learning,7,Bachelor's preferred,1
Data Analyst,startup,2024-05-15,2024,2024Q2,"We are looking for a Data Analyst with 5+ years of experience. Required skills: Tableau, R, GCP, Git, Machine Learning. Bachelor's required. wear many hats",5,5,Bachelor's required,5,Tableau|R|GCP|Git|Machine Learning,5,Bachelor's required,1
Data Analyst,startup,2024-05-15,2024,2024Q2,"We are looking for a Data Analyst with 6+ years of experience. Required skills: Salesforce, R, SQL, Snowflake, Git. Bachelor's preferred. ambiguity, high-growth",6,5,Bachelor's preferred,6,SQL|R|Snowflake|Git|Salesforce,5,Bachelor's preferred,2
Data Analyst,mid-size,2024-05-15,2024,2024Q2,"As a Data Analyst, you will work with Excel, Looker, Tableau, A/B Testing, Power BI. Minimum 4 years experience required. Bachelor's preferred. Must thrive in a high-growth, self-starter, wear many hats.",4,5,Bachelor's preferred,4,Excel|Tableau|Power BI|Looker|A/B Testing,5,Bachelor's preferred,3
Data Analyst,mid-size,2024-05-15,2024,2024Q2,"As a Data Analyst, you will work with Tableau, GCP, AWS, Snowflake, Excel. Minimum 5 years experience required. None mentioned. Must thrive in a wear many hats.",5,5,None mentioned,5,Excel|Tableau|AWS|GCP|Snowflake,5,None mentioned,1
Data Analyst,enterprise,2024-05-15,2024,2024Q2,"Data Analyst - join our team! Ideal candidate has 6 years of relevant experience and is proficient in Excel, Airflow, Salesforce, Git, Power BI, Snowflake. Master's required. We're looking for someone who can high-growth.",6,6,Master's required,6,Excel|Power BI|Snowflake|Airflow|Git|Salesforce,6,Master's required,1
Data Analyst,mid-size,2024-08-15,2024,2024Q3,"As a Data Analyst, you will work with A/B Testing, Statistics, Excel, Machine Learning, GCP, AWS. Minimum 4 years experience required. None mentioned. Must thrive in a scrappy.",4,6,None mentioned,4,Excel|AWS|GCP|Statistics|A/B Testing|Machine Learning,6,None mentioned,1
Data Analyst,enterprise,2024-08-15,2024,2024Q3,"Data Analyst - join our team! Ideal candidate has 5 years of relevant experience and is proficient in GCP, Power BI, Snowflake, Python, R, dbt. Master's preferred. We're looking for someone who can ownership mindset, scrappy.",5,6,Master's preferred,5,Python|Power BI|R|GCP|Snowflake|dbt,6,Master's preferred,2
Data Analyst,startup,2024-08-15,2024,2024Q3,"As a Data Analyst, you will work with Excel, Airflow, Power BI, Looker, A/B Testing, Spark, R. Minimum 6 years experience required. Master's required. Must thrive in a fast-paced environment.",6,7,Master's required,6,Excel|Power BI|R|Looker|Airflow|Spark|A/B Testing,7,Master's required,1
Data Analyst,enterprise,2024-08-15,2024,2024Q3,"Data Analyst - join our team! Ideal candidate has 4 years of relevant experience and is proficient in dbt, Excel, Tableau, Python, GCP. None mentioned. We're looking for someone who can high-growth.",4,5,None mentioned,4,Python|Excel|Tableau|GCP|dbt,5,None mentioned,1
Data Analyst,enterprise,2024-08-15,2024,2024Q3,"We are looking for a Data Analyst with 5+ years of experience. Required skills: Airflow, GCP, A/B Testing. Bachelor's required. cross-functional collaboration",5,3,Bachelor's required,5,GCP|Airflow|A/B Testing,3,Bachelor's required,1
Data Analyst,mid-size,2024-08-15,2024,2024Q3,"Data Analyst - join our team! Ideal candidate has 3 years of relevant experience and is proficient in Azure, SAP, Snowflake, Looker, Power BI, AWS, R, Excel. Master's preferred. We're looking for someone who can self-starter, cross-functional collaboration, scrappy.",3,8,Master's preferred,3,Excel|Power BI|R|AWS|Azure|Looker|Snowflake|SAP,8,Master's preferred,3
Data Analyst,startup,2024-08-15,2024,2024Q3,"As a Data Analyst, you will work with Azure, GCP, Looker, SAP, SQL. Minimum 5 years experience required. None mentioned. Must thrive in a high-growth.",5,5,None mentioned,5,SQL|Azure|GCP|Looker|SAP,5,None mentioned,1
Data Analyst,startup,2024-08-15,2024,2024Q3,"As a Data Analyst, you will work with AWS, Statistics, A/B Testing, GCP, Git, Tableau. Minimum 6 years experience required. Master's preferred. Must thrive in a ownership mindset, cross-functional collaboration.",6,6,Master's preferred,6,Tableau|AWS|GCP|Git|Statistics|A/B Testing,6,Master's preferred,2
Data Analyst,enterprise,2024-08-15,2024,2024Q3,"Data Analyst - join our team! Ideal candidate has 5 years of relevant experience and is proficient in Snowflake, Statistics, dbt, Looker, Power BI, GCP. Master's preferred. We're looking for someone who can cross-functional collaboration.",5,6,Master's preferred,5,Power BI|GCP|Looker|Snowflake|dbt|Statistics,6,Master's preferred,1
Data Analyst,mid-size,2024-08-15,2024,2024Q3,"As a Data Analyst, you will work with Looker, GCP, SAP, Azure, Tableau, Git, dbt, Spark. Minimum 5 years experience required. Bachelor's required. Must thrive in a scrappy.",5,8,Bachelor's required,5,Tableau|Azure|GCP|Looker|dbt|Spark|Git|SAP,8,Bachelor's required,1
Data Analyst,startup,2024-08-15,2024,2024Q3,"Data Analyst - join our team! Ideal candidate has 6 years of relevant experience and is proficient in Git, GCP, Machine Learning, SQL, Statistics. Master's required. We're looking for someone who can self-starter, wear many hats, high-growth.",6,5,Master's required,6,SQL|GCP|Git|Statistics|Machine Learning,5,Master's required,3
Data Analyst,startup,2024-08-15,2024,2024Q3,"We are looking for a Data Analyst with 8+ years of experience. Required skills: Snowflake, Git, Looker, Excel, Azure, Salesforce, Spark. Master's required. fast-paced environment, scrappy",8,7,Master's required,8,Excel|Azure|Looker|Snowflake|Spark|Git|Salesforce,7,Master's required,2
Data Analyst,enterprise,2024-08-15,2024,2024Q3,"Data Analyst - join our team! Ideal candidate has 6 years of relevant experience and is proficient in Spark, Git, Azure, Looker, Salesforce, Machine Learning, Python, SAP. Bachelor's required. We're looking for someone who can high-growth.",6,8,Bachelor's required,6,Python|Azure|Looker|Spark|Git|Machine Learning|Salesforce|SAP,8,Bachelor's required,1
Data Analyst,mid-size,2024-08-15,2024,2024Q3,"As a Data Analyst, you will work with Statistics, A/B Testing, GCP, dbt, Looker, SQL, Git. Minimum 7 years experience required. Master's preferred. Must thrive in a stakeholder management.",7,7,Master's preferred,7,SQL|GCP|Looker|dbt|Git|Statistics|A/B Testing,7,Master's preferred,1
Data Analyst,enterprise,2024-08-15,2024,2024Q3,"As a Data Analyst, you will work with Git, dbt, GCP, Airflow, Excel, AWS, SAP. Minimum 5 years experience required. Bachelor's required. Must thrive in a ownership mindset, high-growth, stakeholder management.",5,7,Bachelor's required,5,Excel|AWS|GCP|dbt|Airflow|Git|SAP,7,Bachelor's required,3
Data Analyst,enterprise,2024-08-15,2024,2024Q3,"As a Data Analyst, you will work with Git, AWS, Python, Power BI, Azure, Spark, Excel, Tableau. Minimum 6 years experience required. Master's preferred. Must thrive in a cross-functional collaboration, wear many hats.",6,8,Master's preferred,6,Python|Excel|Tableau|Power BI|AWS|Azure|Spark|Git,8,Master's preferred,2
Data Analyst,enterprise,2024-08-15,2024,2024Q3,"We are looking for a Data Analyst with 5+ years of experience. Required skills: Snowflake, Spark, dbt, Airflow, Power BI, Salesforce. Master's preferred. high-growth, cross-functional collaboration, stakeholder management",5,6,Master's preferred,5,Power BI|Snowflake|dbt|Airflow|Spark|Salesforce,6,Master's preferred,3
Data Analyst,mid-size,2024-08-15,2024,2024Q3,"Data Analyst - join our team! Ideal candidate has 7 years of relevant experience and is proficient in A/B Testing, GCP, Statistics, R, dbt. Bachelor's preferred. We're looking for someone who can ownership mindset, wear many hats, fast-paced environment.",7,5,Bachelor's preferred,7,R|GCP|dbt|Statistics|A/B Testing,5,Bachelor's preferred,3
Data Analyst,mid-size,2024-08-15,2024,2024Q3,"As a Data Analyst, you will work with Spark, dbt, Python, Airflow, R, Tableau, Statistics, GCP. Minimum 4 years experience required. Bachelor's preferred. Must thrive in a cross-functional collaboration, self-starter.",4,8,Bachelor's preferred,4,Python|Tableau|R|GCP|dbt|Airflow|Spark|Statistics,8,Bachelor's preferred,2
Data Analyst,mid-size,2024-08-15,2024,2024Q3,"We are looking for a Data Analyst with 5+ years of experience. Required skills: Machine Learning, Snowflake, A/B Testing, Azure, Salesforce, Statistics. Master's required. fast-paced environment, self-starter",5,6,Master's required,5,Azure|Snowflake|Statistics|A/B Testing|Machine Learning|Salesforce,6,Master's required,2
Data Analyst,enterprise,2024-08-15,2024,2024Q3,"Data Analyst - join our team! Ideal candidate has 7 years of relevant experience and is proficient in GCP, Snowflake, R, Python, AWS. Bachelor's required. We're looking for someone who can cross-functional collaboration.",7,5,Bachelor's required,7,Python|R|AWS|GCP|Snowflake,5,Bachelor's required,1
Data Analyst,enterprise,2024-08-15,2024,2024Q3,"Data Analyst - join our team! Ideal candidate has 5 years of relevant experience and is proficient in Salesforce, GCP, Power BI, SAP, SQL, Snowflake, Excel. Master's preferred. We're looking for someone who can cross-functional collaboration.",5,7,Master's preferred,5,SQL|Excel|Power BI|GCP|Snowflake|Salesforce|SAP,7,Master's preferred,1
Data Analyst,enterprise,2024-08-15,2024,2024Q3,"As a Data Analyst, you will work with R, Looker, Excel, Spark, AWS, Git, Machine Learning. Minimum 5 years experience required. Master's required. Must thrive in a wear many hats.",5,7,Master's required,5,Excel|R|AWS|Looker|Spark|Git|Machine Learning,7,Master's required,1
Data Analyst,enterprise,2024-08-15,2024,2024Q3,"We are looking for a Data Analyst with 7+ years of experience. Required skills: Python, Spark, Git, Looker, Salesforce, Airflow, Machine Learning, dbt, Power BI. Bachelor's preferred. scrappy",7,9,Bachelor's preferred,7,Python|Power BI|Looker|dbt|Airflow|Spark|Git|Machine Learning|Salesforce,9,Bachelor's preferred,1
Data Analyst,startup,2024-08-15,2024,2024Q3,"We are looking for a Data Analyst with 3+ years of experience. Required skills: SAP, R, GCP, Looker, Airflow. Master's required. ownership mindset",3,5,Master's required,3,R|GCP|Looker|Airflow|SAP,5,Master's required,1
Data Analyst,startup,2024-08-15,2024,2024Q3,"We are looking for a Data Analyst with 5+ years of experience. Required skills: Airflow, Tableau, dbt, R, SAP, A/B Testing. Bachelor's preferred. ambiguity",5,6,Bachelor's preferred,5,Tableau|R|dbt|Airflow|A/B Testing|SAP,6,Bachelor's preferred,1
Data Analyst,enterprise,2024-08-15,2024,2024Q3,"Data Analyst - join our team! Ideal candidate has 5 years of relevant experience and is proficient in Azure, Airflow, Spark, Git, SQL, GCP, Excel. Master's preferred. We're looking for someone who can self-starter.",5,7,Master's preferred,5,SQL|Excel|Azure|GCP|Airflow|Spark|Git,7,Master's preferred,1
Data Analyst,enterprise,2024-08-15,2024,2024Q3,"As a Data Analyst, you will work with R, Git, Statistics, Airflow, AWS, Python. Minimum 4 years experience required. Master's required. Must thrive in a ownership mindset, wear many hats.",4,6,Master's required,4,Python|R|AWS|Airflow|Git|Statistics,6,Master's required,2
Data Analyst,enterprise,2024-08-15,2024,2024Q3,"We are looking for a Data Analyst with 7+ years of experience. Required skills: Salesforce, Git, Azure, Statistics, GCP, Excel, R, Machine Learning. None mentioned. ambiguity",7,8,None mentioned,7,Excel|R|Azure|GCP|Git|Statistics|Machine Learning|Salesforce,8,None mentioned,1
Data Analyst,startup,2024-08-15,2024,2024Q3,"Data Analyst - join our team! Ideal candidate has 5 years of relevant experience and is proficient in Azure, Looker, dbt, Airflow, Machine Learning. Master's preferred. We're looking for someone who can scrappy.",5,5,Master's preferred,5,Azure|Looker|dbt|Airflow|Machine Learning,5,Master's preferred,1
Data Analyst,startup,2024-08-15,2024,2024Q3,"Data Analyst - join our team! Ideal candidate has 4 years of relevant experience and is proficient in SAP, dbt, R, Git, Looker, Salesforce, Snowflake. Bachelor's preferred. We're looking for someone who can ambiguity.",4,7,Bachelor's preferred,4,R|Looker|Snowflake|dbt|Git|Salesforce|SAP,7,Bachelor's preferred,1
Data Analyst,enterprise,2024-08-15,2024,2024Q3,"As a Data Analyst, you will work with GCP, Airflow, Spark, Power BI, R, Machine Learning. Minimum 6 years experience required. Bachelor's preferred. Must thrive in a ambiguity.",6,6,Bachelor's preferred,6,Power BI|R|GCP|Airflow|Spark|Machine Learning,6,Bachelor's preferred,1
Data Analyst,mid-size,2024-08-15,2024,2024Q3,"Data Analyst - join our team! Ideal candidate has 6 years of relevant experience and is proficient in Python, Git, R, Spark, Tableau, Statistics, SQL. Bachelor's required. We're looking for someone who can scrappy, high-growth.",6,7,Bachelor's required,6,SQL|Python|Tableau|R|Spark|Git|Statistics,7,Bachelor's required,2
Data Analyst,enterprise,2024-08-15,2024,2024Q3,"Data Analyst - join our team! Ideal candidate has 6 years of relevant experience and is proficient in Excel, Power BI, Python, AWS, Snowflake. Bachelor's preferred. We're looking for someone who can ownership mindset, cross-functional collaboration.",6,5,Bachelor's preferred,6,Python|Excel|Power BI|AWS|Snowflake,5,Bachelor's preferred,2
Data Analyst,startup,2024-08-15,2024,2024Q3,"Data Analyst - join our team! Ideal candidate has 4 years of relevant experience and is proficient in dbt, Snowflake, Spark, SAP, Statistics, Salesforce. Master's required. We're looking for someone who can scrappy.",4,6,Master's required,4,Snowflake|dbt|Spark|Statistics|Salesforce|SAP,6,Master's required,1
Data Analyst,mid-size,2024-08-15,2024,2024Q3,"As a Data Analyst, you will work with Statistics, R, SQL, Python, Spark. Minimum 4 years experience required. Master's required. Must thrive in a scrappy, fast-paced environment, ambiguity.",4,5,Master's required,4,SQL|Python|R|Spark|Statistics,5,Master's required,3
Data Analyst,enterprise,2024-08-15,2024,2024Q3,"We are looking for a Data Analyst with 5+ years of experience. Required skills: Power BI, Python, Snowflake, Statistics, Airflow. Bachelor's required. self-starter, scrappy, stakeholder management",5,5,Bachelor's required,5,Python|Power BI|Snowflake|Airflow|Statistics,5,Bachelor's required,3
Data Analyst,startup,2024-08-15,2024,2024Q3,"We are looking for a Data Analyst with 6+ years of experience. Required skills: Git, Looker, dbt, AWS, Spark, R. Master's required. wear many hats",6,6,Master's required,6,R|AWS|Looker|dbt|Spark|Git,6,Master's required,1
Data Analyst,mid-size,2024-08-15,2024,2024Q3,"Data Analyst - join our team! Ideal candidate has 4 years of relevant experience and is proficient in Git, Statistics, Machine Learning, SQL, Salesforce, Snowflake. Master's preferred. We're looking for someone who can fast-paced environment, scrappy, wear many hats.",4,6,Master's preferred,4,SQL|Snowflake|Git|Statistics|Machine Learning|Salesforce,6,Master's preferred,3
Data Analyst,mid-size,2024-08-15,2024,2024Q3,"As a Data Analyst, you will work with Salesforce, Spark, A/B Testing, Excel, Statistics. Minimum 5 years experience required. Master's required. Must thrive in a cross-functional collaboration.",5,5,Master's required,5,Excel|Spark|Statistics|A/B Testing|Salesforce,5,Master's required,1
Data Analyst,startup,2024-08-15,2024,2024Q3,"Data Analyst - join our team! Ideal candidate has 5 years of relevant experience and is proficient in Azure, SQL, Machine Learning, GCP, Tableau. Bachelor's required. We're looking for someone who can high-growth, cross-functional collaboration, wear many hats.",5,5,Bachelor's required,5,SQL|Tableau|Azure|GCP|Machine Learning,5,Bachelor's required,3
Data Analyst,startup,2024-08-15,2024,2024Q3,"As a Data Analyst, you will work with Tableau, dbt, Azure, Power BI, SAP, Machine Learning, Snowflake. Minimum 6 years experience required. None mentioned. Must thrive in a self-starter, fast-paced environment.",6,7,None mentioned,6,Tableau|Power BI|Azure|Snowflake|dbt|Machine Learning|SAP,7,None mentioned,2
Data Analyst,startup,2024-08-15,2024,2024Q3,"Data Analyst - join our team! Ideal candidate has 6 years of relevant experience and is proficient in Excel, R, Git, Snowflake, dbt. Bachelor's required. We're looking for someone who can scrappy, wear many hats, self-starter.",6,5,Bachelor's required,6,Excel|R|Snowflake|dbt|Git,5,Bachelor's required,3
Data Analyst,enterprise,2024-08-15,2024,2024Q3,"Data Analyst - join our team! Ideal candidate has 6 years of relevant experience and is proficient in Spark, Snowflake, Azure, Tableau, SQL. Bachelor's preferred. We're looking for someone who can self-starter, stakeholder management, high-growth.",6,5,Bachelor's preferred,6,SQL|Tableau|Azure|Snowflake|Spark,5,Bachelor's preferred,3
Data Analyst,mid-size,2024-08-15,2024,2024Q3,"Data Analyst - join our team! Ideal candidate has 6 years of relevant experience and is proficient in Salesforce, Snowflake, Power BI, Airflow, dbt, AWS, Looker, Azure. Bachelor's preferred. We're looking for someone who can wear many hats.",6,8,Bachelor's preferred,6,Power BI|AWS|Azure|Looker|Snowflake|dbt|Airflow|Salesforce,8,Bachelor's preferred,1
Data Analyst,enterprise,2024-08-15,2024,2024Q3,"Data Analyst - join our team! Ideal candidate has 6 years of relevant experience and is proficient in Looker, Azure, Snowflake, SQL, GCP, Tableau. Bachelor's required. We're looking for someone who can cross-functional collaboration.",6,6,Bachelor's required,6,SQL|Tableau|Azure|GCP|Looker|Snowflake,6,Bachelor's required,1
Data Analyst,enterprise,2024-08-15,2024,2024Q3,"Data Analyst - join our team! Ideal candidate has 6 years of relevant experience and is proficient in Spark, Azure, Looker, Tableau, Salesforce, Statistics, Power BI. Bachelor's preferred. We're looking for someone who can high-growth.",6,7,Bachelor's preferred,6,Tableau|Power BI|Azure|Looker|Spark|Statistics|Salesforce,7,Bachelor's preferred,1
Data Analyst,startup,2024-08-15,2024,2024Q3,"Data Analyst - join our team! Ideal candidate has 3 years of relevant experience and is proficient in dbt, GCP, Machine Learning, AWS, Statistics, R. Bachelor's preferred. We're looking for someone who can scrappy.",3,6,Bachelor's preferred,3,R|AWS|GCP|dbt|Statistics|Machine Learning,6,Bachelor's preferred,1
Data Analyst,enterprise,2024-08-15,2024,2024Q3,"Data Analyst - join our team! Ideal candidate has 3 years of relevant experience and is proficient in GCP, Snowflake, Azure, R, Excel, Python. Master's required. We're looking for someone who can scrappy, fast-paced environment, high-growth.",3,6,Master's required,3,Python|Excel|R|Azure|GCP|Snowflake,6,Master's required,3
Data Analyst,enterprise,2024-08-15,2024,2024Q3,"We are looking for a Data Analyst with 5+ years of experience. Required skills: Statistics, Machine Learning, R, SQL, GCP, A/B Testing, SAP, Airflow. Bachelor's preferred. cross-functional collaboration",5,8,Bachelor's preferred,5,SQL|R|GCP|Airflow|Statistics|A/B Testing|Machine Learning|SAP,8,Bachelor's preferred,1
Data Analyst,mid-size,2024-08-15,2024,2024Q3,"As a Data Analyst, you will work with Python, Azure, Looker, SAP, Excel, R. Minimum 6 years experience required. Master's required. Must thrive in a wear many hats, cross-functional collaboration, ownership mindset.",6,6,Master's required,6,Python|Excel|R|Azure|Looker|SAP,6,Master's required,3
Data Analyst,enterprise,2024-08-15,2024,2024Q3,"We are looking for a Data Analyst with 4+ years of experience. Required skills: Airflow, Tableau, Azure, Statistics, Salesforce, Power BI, Looker. None mentioned. fast-paced environment",4,7,None mentioned,4,Tableau|Power BI|Azure|Looker|Airflow|Statistics|Salesforce,7,None mentioned,1
Data Analyst,startup,2024-08-15,2024,2024Q3,"As a Data Analyst, you will work with A/B Testing, Salesforce, GCP, dbt, SAP, Snowflake. Minimum 7 years experience required. None mentioned. Must thrive in a stakeholder management.",7,6,None mentioned,7,GCP|Snowflake|dbt|A/B Testing|Salesforce|SAP,6,None mentioned,1
Data Analyst,startup,2024-08-15,2024,2024Q3,"We are looking for a Data Analyst with 7+ years of experience. Required skills: SAP, Excel, dbt, Git. Bachelor's preferred. ambiguity, self-starter",7,4,Bachelor's preferred,7,Excel|dbt|Git|SAP,4,Bachelor's preferred,2
Data Analyst,mid-size,2024-08-15,2024,2024Q3,"We are looking for a Data Analyst with 5+ years of experience. Required skills: Power BI, Snowflake, Azure, SAP, Statistics. Master's required. fast-paced environment",5,5,Master's required,5,Power BI|Azure|Snowflake|Statistics|SAP,5,Master's required,1
Data Analyst,startup,2024-08-15,2024,2024Q3,"We are looking for a Data Analyst with 5+ years of experience. Required skills: R, Statistics, GCP, Looker, Tableau. Bachelor's required. stakeholder management, cross-functional collaboration, ambiguity",5,5,Bachelor's required,5,Tableau|R|GCP|Looker|Statistics,5,Bachelor's required,3
Data Analyst,startup,2024-08-15,2024,2024Q3,"Data Analyst - join our team! Ideal candidate has 4 years of relevant experience and is proficient in dbt, Looker, Azure, Spark, Git, Airflow. Bachelor's preferred. We're looking for someone who can cross-functional collaboration.",4,6,Bachelor's preferred,4,Azure|Looker|dbt|Airflow|Spark|Git,6,Bachelor's preferred,1
Data Analyst,mid-size,2024-08-15,2024,2024Q3,"We are looking for a Data Analyst with 6+ years of experience. Required skills: Statistics, Tableau, R, Machine Learning, Snowflake, Git, Power BI, SQL. Bachelor's preferred. self-starter",6,8,Bachelor's preferred,6,SQL|Tableau|Power BI|R|Snowflake|Git|Statistics|Machine Learning,8,Bachelor's preferred,1
Data Analyst,startup,2024-08-15,2024,2024Q3,"As a Data Analyst, you will work with Snowflake, Python, Power BI, Airflow, Azure. Minimum 6 years experience required. Master's required. Must thrive in a ambiguity.",6,5,Master's required,6,Python|Power BI|Azure|Snowflake|Airflow,5,Master's required,1
Data Analyst,enterprise,2024-08-15,2024,2024Q3,"We are looking for a Data Analyst with 7+ years of experience. Required skills: Power BI, Azure, SQL, Salesforce, Snowflake. Bachelor's preferred. scrappy, wear many hats",7,5,Bachelor's preferred,7,SQL|Power BI|Azure|Snowflake|Salesforce,5,Bachelor's preferred,2
Data Analyst,startup,2024-08-15,2024,2024Q3,"We are looking for a Data Analyst with 6+ years of experience. Required skills: Python, Looker, SAP, SQL, Azure, Statistics. Master's required. scrappy, high-growth",6,6,Master's required,6,SQL|Python|Azure|Looker|Statistics|SAP,6,Master's required,2
Data Analyst,mid-size,2024-08-15,2024,2024Q3,"Data Analyst - join our team! Ideal candidate has 5 years of relevant experience and is proficient in Airflow, SQL, AWS, R, Power BI, Machine Learning. Master's preferred. We're looking for someone who can stakeholder management, ambiguity.",5,6,Master's preferred,5,SQL|Power BI|R|AWS|Airflow|Machine Learning,6,Master's preferred,2
Data Analyst,startup,2024-08-15,2024,2024Q3,"Data Analyst - join our team! Ideal candidate has 3 years of relevant experience and is proficient in dbt, Excel, Python, Looker, AWS. Bachelor's required. We're looking for someone who can ownership mindset, cross-functional collaboration, ambiguity.",3,5,Bachelor's required,3,Python|Excel|AWS|Looker|dbt,5,Bachelor's required,3
Data Analyst,startup,2024-08-15,2024,2024Q3,"We are looking for a Data Analyst with 7+ years of experience. Required skills: Salesforce, AWS, Airflow, SAP, SQL, Python. Bachelor's preferred. ambiguity, scrappy",7,6,Bachelor's preferred,7,SQL|Python|AWS|Airflow|Salesforce|SAP,6,Bachelor's preferred,2
Data Analyst,startup,2024-08-15,2024,2024Q3,"Data Analyst - join our team! Ideal candidate has 6 years of relevant experience and is proficient in A/B Testing, Looker, dbt, Python, AWS, Excel. None mentioned. We're looking for someone who can scrappy, fast-paced environment.",6,6,None mentioned,6,Python|Excel|AWS|Looker|dbt|A/B Testing,6,None mentioned,2
Data Analyst,enterprise,2024-08-15,2024,2024Q3,"We are looking for a Data Analyst with 4+ years of experience. Required skills: Machine Learning, Airflow, Excel, dbt, Azure, GCP, Salesforce, Snowflake. Master's required. ownership mindset, fast-paced environment",4,8,Master's required,4,Excel|Azure|GCP|Snowflake|dbt|Airflow|Machine Learning|Salesforce,8,Master's required,2
Data Analyst,startup,2024-08-15,2024,2024Q3,"We are looking for a Data Analyst with 5+ years of experience. Required skills: GCP, Python, Azure, Statistics, Machine Learning, dbt. Bachelor's preferred. ambiguity, stakeholder management",5,6,Bachelor's preferred,5,Python|Azure|GCP|dbt|Statistics|Machine Learning,6,Bachelor's preferred,2
Data Analyst,enterprise,2024-08-15,2024,2024Q3,"We are looking for a Data Analyst with 4+ years of experience. Required skills: Salesforce, GCP, Machine Learning, A/B Testing, Statistics, Excel, Python. Master's preferred. scrappy, fast-paced environment, wear many hats",4,7,Master's preferred,4,Python|Excel|GCP|Statistics|A/B Testing|Machine Learning|Salesforce,7,Master's preferred,3
Data Analyst,enterprise,2024-08-15,2024,2024Q3,"As a Data Analyst, you will work with Azure, Looker, Git, dbt, Tableau, SAP, Excel, Airflow. Minimum 4 years experience required. None mentioned. Must thrive in a self-starter, fast-paced environment.",4,8,None mentioned,4,Excel|Tableau|Azure|Looker|dbt|Airflow|Git|SAP,8,None mentioned,2
Data Analyst,mid-size,2024-08-15,2024,2024Q3,"As a Data Analyst, you will work with GCP, Salesforce, Git, Spark, Power BI, Azure. Minimum 5 years experience required. Bachelor's preferred. Must thrive in a fast-paced environment, wear many hats.",5,6,Bachelor's preferred,5,Power BI|Azure|GCP|Spark|Git|Salesforce,6,Bachelor's preferred,2
Data Analyst,mid-size,2024-08-15,2024,2024Q3,"As a Data Analyst, you will work with R, Salesforce, Python, SAP, Machine Learning, A/B Testing. Minimum 6 years experience required. Bachelor's required. Must thrive in a ownership mindset.",6,6,Bachelor's required,6,Python|R|A/B Testing|Machine Learning|Salesforce|SAP,6,Bachelor's required,1
Data Analyst,startup,2024-08-15,2024,2024Q3,"Data Analyst - join our team! Ideal candidate has 5 years of relevant experience and is proficient in SQL, Azure, R, A/B Testing, Snowflake, Excel, GCP. Bachelor's required. We're looking for someone who can fast-paced environment.",5,7,Bachelor's required,5,SQL|Excel|R|Azure|GCP|Snowflake|A/B Testing,7,Bachelor's required,1
Data Analyst,startup,2024-08-15,2024,2024Q3,"Data Analyst - join our team! Ideal candidate has 6 years of relevant experience and is proficient in AWS, A/B Testing, Tableau, Machine Learning, GCP, Excel, Statistics. None mentioned. We're looking for someone who can stakeholder management, fast-paced environment, self-starter.",6,7,None mentioned,6,Excel|Tableau|AWS|GCP|Statistics|A/B Testing|Machine Learning,7,None mentioned,3
Data Analyst,enterprise,2024-08-15,2024,2024Q3,"We are looking for a Data Analyst with 5+ years of experience. Required skills: Airflow, A/B Testing, Machine Learning, Spark, Snowflake, R, dbt. Bachelor's required. wear many hats, ambiguity, stakeholder management",5,7,Bachelor's required,5,R|Snowflake|dbt|Airflow|Spark|A/B Testing|Machine Learning,7,Bachelor's required,3
Data Analyst,startup,2024-08-15,2024,2024Q3,"Data Analyst - join our team! Ideal candidate has 6 years of relevant experience and is proficient in Snowflake, AWS, Spark, Git, A/B Testing, Looker. Bachelor's preferred. We're looking for someone who can wear many hats.",6,6,Bachelor's preferred,6,AWS|Looker|Snowflake|Spark|Git|A/B Testing,6,Bachelor's preferred,1
Data Analyst,startup,2024-08-15,2024,2024Q3,"Data Analyst - join our team! Ideal candidate has 6 years of relevant experience and is proficient in SAP, Tableau, dbt, Git. Bachelor's preferred. We're looking for someone who can wear many hats.",6,4,Bachelor's preferred,6,Tableau|dbt|Git|SAP,4,Bachelor's preferred,1
Data Analyst,enterprise,2024-08-15,2024,2024Q3,"Data Analyst - join our team! Ideal candidate has 4 years of relevant experience and is proficient in Snowflake, Machine Learning, Python, Salesforce, AWS, A/B Testing. Bachelor's preferred. We're looking for someone who can cross-functional collaboration, wear many hats, stakeholder management.",4,6,Bachelor's preferred,4,Python|AWS|Snowflake|A/B Testing|Machine Learning|Salesforce,6,Bachelor's preferred,3
Data Analyst,enterprise,2024-08-15,2024,2024Q3,"Data Analyst - join our team! Ideal candidate has 5 years of relevant experience and is proficient in dbt, Tableau, R, Excel, GCP, Salesforce, Airflow. Bachelor's preferred. We're looking for someone who can ambiguity.",5,7,Bachelor's preferred,5,Excel|Tableau|R|GCP|dbt|Airflow|Salesforce,7,Bachelor's preferred,1
Data Analyst,enterprise,2024-08-15,2024,2024Q3,"We are looking for a Data Analyst with 6+ years of experience. Required skills: Spark, Git, Airflow, dbt, Statistics, GCP, Salesforce. Master's preferred. stakeholder management, wear many hats",6,7,Master's preferred,6,GCP|dbt|Airflow|Spark|Git|Statistics|Salesforce,7,Master's preferred,2
Data Analyst,enterprise,2024-08-15,2024,2024Q3,"As a Data Analyst, you will work with GCP, AWS, Looker, Salesforce, Power BI, R, SQL. Minimum 6 years experience required. Bachelor's required. Must thrive in a self-starter.",6,7,Bachelor's required,6,SQL|Power BI|R|AWS|GCP|Looker|Salesforce,7,Bachelor's required,1
Data Analyst,enterprise,2024-08-15,2024,2024Q3,"Data Analyst - join our team! Ideal candidate has 6 years of relevant experience and is proficient in Python, Machine Learning, Spark, A/B Testing, SAP, Statistics, Salesforce. Master's preferred. We're looking for someone who can fast-paced environment, self-starter.",6,7,Master's preferred,6,Python|Spark|Statistics|A/B Testing|Machine Learning|Salesforce|SAP,7,Master's preferred,2
Data Analyst,mid-size,2024-08-15,2024,2024Q3,"Data Analyst - join our team! Ideal candidate has 4 years of relevant experience and is proficient in AWS, Azure, SAP, dbt, Salesforce, Excel. Bachelor's preferred. We're looking for someone who can scrappy.",4,6,Bachelor's preferred,4,Excel|AWS|Azure|dbt|Salesforce|SAP,6,Bachelor's preferred,1
Data Analyst,enterprise,2024-08-15,2024,2024Q3,"We are looking for a Data Analyst with 5+ years of experience. Required skills: R, AWS, Salesforce, Airflow, Power BI, Python, Excel, dbt. Bachelor's required. ownership mindset, cross-functional collaboration, wear many hats",5,8,Bachelor's required,5,Python|Excel|Power BI|R|AWS|dbt|Airflow|Salesforce,8,Bachelor's required,3
Data Analyst,startup,2024-08-15,2024,2024Q3,"As a Data Analyst, you will work with Statistics, A/B Testing, SQL, Excel, Power BI, R. Minimum 6 years experience required. Bachelor's preferred. Must thrive in a cross-functional collaboration, stakeholder management.",6,6,Bachelor's preferred,6,SQL|Excel|Power BI|R|Statistics|A/B Testing,6,Bachelor's preferred,2
Data Analyst,startup,2024-08-15,2024,2024Q3,"Data Analyst - join our team! Ideal candidate has 6 years of relevant experience and is proficient in SQL, Tableau, Azure, dbt, Looker, Excel, SAP, Machine Learning. Bachelor's preferred. We're looking for someone who can stakeholder management.",6,8,Bachelor's preferred,6,SQL|Excel|Tableau|Azure|Looker|dbt|Machine Learning|SAP,8,Bachelor's preferred,1
Data Analyst,enterprise,2024-08-15,2024,2024Q3,"Data Analyst - join our team! Ideal candidate has 6 years of relevant experience and is proficient in AWS, SAP, Excel, Power BI, Python. Bachelor's required. We're looking for someone who can fast-paced environment, cross-functional collaboration, self-starter.",6,5,Bachelor's required,6,Python|Excel|Power BI|AWS|SAP,5,Bachelor's required,3
Data Analyst,enterprise,2024-08-15,2024,2024Q3,"We are looking for a Data Analyst with 6+ years of experience. Required skills: Excel, SAP, Statistics, Spark, SQL. Bachelor's preferred. cross-functional collaboration",6,5,Bachelor's preferred,6,SQL|Excel|Spark|Statistics|SAP,5,Bachelor's preferred,1
Data Analyst,startup,2024-08-15,2024,2024Q3,"As a Data Analyst, you will work with Looker, AWS, GCP, SAP, Statistics, Azure. Minimum 5 years experience required. Bachelor's required. Must thrive in a ambiguity, cross-functional collaboration.",5,6,Bachelor's required,5,AWS|Azure|GCP|Looker|Statistics|SAP,6,Bachelor's required,2
Data Analyst,mid-size,2024-08-15,2024,2024Q3,"We are looking for a Data Analyst with 7+ years of experience. Required skills: GCP, Statistics, Snowflake, SAP, dbt, Looker, Git, SQL. Bachelor's required. ambiguity",7,8,Bachelor's required,7,SQL|GCP|Looker|Snowflake|dbt|Git|Statistics|SAP,8,Bachelor's required,1
Data Analyst,startup,2024-08-15,2024,2024Q3,"We are looking for a Data Analyst with 5+ years of experience. Required skills: Tableau, SQL, Git, R, Statistics, dbt, AWS. Bachelor's required. wear many hats",5,7,Bachelor's required,5,SQL|Tableau|R|AWS|dbt|Git|Statistics,7,Bachelor's required,1
Data Analyst,mid-size,2024-08-15,2024,2024Q3,"We are looking for a Data Analyst with 6+ years of experience. Required skills: Airflow, Azure, Spark, dbt, Python, Tableau, Snowflake. Bachelor's preferred. ownership mindset",6,7,Bachelor's preferred,6,Python|Tableau|Azure|Snowflake|dbt|Airflow|Spark,7,Bachelor's preferred,1
Data Analyst,startup,2024-08-15,2024,2024Q3,"As a Data Analyst, you will work with Tableau, dbt, Snowflake, GCP, Python. Minimum 3 years experience required. Bachelor's preferred. Must thrive in a ambiguity, cross-functional collaboration.",3,5,Bachelor's preferred,3,Python|Tableau|GCP|Snowflake|dbt,5,Bachelor's preferred,2
Data Analyst,startup,2024-08-15,2024,2024Q3,"As a Data Analyst, you will work with SAP, AWS, dbt, R, A/B Testing, Python, GCP. Minimum 5 years experience required. None mentioned. Must thrive in a cross-functional collaboration.",5,7,None mentioned,5,Python|R|AWS|GCP|dbt|A/B Testing|SAP,7,None mentioned,1
Data Analyst,enterprise,2024-08-15,2024,2024Q3,"Data Analyst - join our team! Ideal candidate has 6 years of relevant experience and is proficient in SAP, GCP, Spark. None mentioned. We're looking for someone who can ownership mindset.",6,3,None mentioned,6,GCP|Spark|SAP,3,None mentioned,1
Data Analyst,startup,2024-08-15,2024,2024Q3,"Data Analyst - join our team! Ideal candidate has 6 years of relevant experience and is proficient in AWS, R, Tableau, Power BI, Snowflake, Machine Learning, SQL, Azure. Master's required. We're looking for someone who can wear many hats, high-growth, cross-functional collaboration.",6,8,Master's required,6,SQL|Tableau|Power BI|R|AWS|Azure|Snowflake|Machine Learning,8,Master's required,3
Data Analyst,startup,2024-08-15,2024,2024Q3,"As a Data Analyst, you will work with dbt, Excel, Statistics, GCP, Machine Learning, Git. Minimum 8 years experience required. Bachelor's required. Must thrive in a high-growth.",8,6,Bachelor's required,8,Excel|GCP|dbt|Git|Statistics|Machine Learning,6,Bachelor's required,1
Data Analyst,mid-size,2024-08-15,2024,2024Q3,"We are looking for a Data Analyst with 7+ years of experience. Required skills: Tableau, Git, R, Airflow, Looker, Excel, Spark. Bachelor's preferred. wear many hats",7,7,Bachelor's preferred,7,Excel|Tableau|R|Looker|Airflow|Spark|Git,7,Bachelor's preferred,1
Data Analyst,enterprise,2024-08-15,2024,2024Q3,"Data Analyst - join our team! Ideal candidate has 7 years of relevant experience and is proficient in A/B Testing, dbt, AWS, Spark, R, Azure. Bachelor's preferred. We're looking for someone who can ownership mindset.",7,6,Bachelor's preferred,7,R|AWS|Azure|dbt|Spark|A/B Testing,6,Bachelor's preferred,1
Data Analyst,mid-size,2024-08-15,2024,2024Q3,"Data Analyst - join our team! Ideal candidate has 4 years of relevant experience and is proficient in Azure, A/B Testing, Excel, SAP, dbt, Git, Tableau. Master's preferred. We're looking for someone who can ambiguity, wear many hats, cross-functional collaboration.",4,7,Master's preferred,4,Excel|Tableau|Azure|dbt|Git|A/B Testing|SAP,7,Master's preferred,3
Data Analyst,startup,2024-08-15,2024,2024Q3,"Data Analyst - join our team! Ideal candidate has 6 years of relevant experience and is proficient in R, A/B Testing, Tableau, Python, Salesforce, Looker. Master's preferred. We're looking for someone who can high-growth, self-starter, cross-functional collaboration.",6,6,Master's preferred,6,Python|Tableau|R|Looker|A/B Testing|Salesforce,6,Master's preferred,3
Data Analyst,enterprise,2024-08-15,2024,2024Q3,"We are looking for a Data Analyst with 5+ years of experience. Required skills: R, Spark, Airflow, SQL, Python, Snowflake. Master's required. ambiguity",5,6,Master's required,5,SQL|Python|R|Snowflake|Airflow|Spark,6,Master's required,1
Data Analyst,enterprise,2024-08-15,2024,2024Q3,"As a Data Analyst, you will work with Python, Salesforce, Statistics, Machine Learning, Snowflake, Airflow, AWS, Git. Minimum 5 years experience required. Master's required. Must thrive in a ambiguity, stakeholder management, fast-paced environment.",5,8,Master's required,5,Python|AWS|Snowflake|Airflow|Git|Statistics|Machine Learning|Salesforce,8,Master's required,3
Data Analyst,startup,2024-08-15,2024,2024Q3,"We are looking for a Data Analyst with 4+ years of experience. Required skills: R, Azure, Spark, dbt, Excel, A/B Testing. Bachelor's required. ambiguity, cross-functional collaboration, wear many hats",4,6,Bachelor's required,4,Excel|R|Azure|dbt|Spark|A/B Testing,6,Bachelor's required,3
Data Analyst,startup,2024-08-15,2024,2024Q3,"We are looking for a Data Analyst with 6+ years of experience. Required skills: Statistics, Tableau, Power BI, Airflow, dbt, SAP, SQL. None mentioned. cross-functional collaboration, scrappy",6,7,None mentioned,6,SQL|Tableau|Power BI|dbt|Airflow|Statistics|SAP,7,None mentioned,2
Data Analyst,startup,2024-08-15,2024,2024Q3,"As a Data Analyst, you will work with SQL, Looker, GCP, R, Snowflake, A/B Testing, Airflow. Minimum 6 years experience required. None mentioned. Must thrive in a cross-functional collaboration, high-growth.",6,7,None mentioned,6,SQL|R|GCP|Looker|Snowflake|Airflow|A/B Testing,7,None mentioned,2
Data Analyst,mid-size,2024-08-15,2024,2024Q3,"Data Analyst - join our team! Ideal candidate has 7 years of relevant experience and is proficient in Looker, Statistics, Snowflake, Excel, Machine Learning, Power BI, Tableau. Master's preferred. We're looking for someone who can stakeholder management.",7,7,Master's preferred,7,Excel|Tableau|Power BI|Looker|Snowflake|Statistics|Machine Learning,7,Master's preferred,1
Data Analyst,startup,2024-08-15,2024,2024Q3,"Data Analyst - join our team! Ideal candidate has 4 years of relevant experience and is proficient in Airflow, Git, Spark, Salesforce, A/B Testing, Python. Master's preferred. We're looking for someone who can self-starter.",4,6,Master's preferred,4,Python|Airflow|Spark|Git|A/B Testing|Salesforce,6,Master's preferred,1
Data Analyst,mid-size,2024-08-15,2024,2024Q3,"We are looking for a Data Analyst with 5+ years of experience. Required skills: Python, Excel, Azure, Snowflake, Salesforce. Bachelor's preferred. high-growth, cross-functional collaboration",5,5,Bachelor's preferred,5,Python|Excel|Azure|Snowflake|Salesforce,5,Bachelor's preferred,2
Data Analyst,mid-size,2024-08-15,2024,2024Q3,"We are looking for a Data Analyst with 5+ years of experience. Required skills: SAP, A/B Testing, Git, Looker, Spark. Bachelor's preferred. cross-functional collaboration, fast-paced environment, high-growth",5,5,Bachelor's preferred,5,Looker|Spark|Git|A/B Testing|SAP,5,Bachelor's preferred,3
Data Analyst,enterprise,2024-08-15,2024,2024Q3,"As a Data Analyst, you will work with Python, Power BI, Tableau, Excel, Snowflake, Git, R. Minimum 6 years experience required. Bachelor's preferred. Must thrive in a high-growth.",6,7,Bachelor's preferred,6,Python|Excel|Tableau|Power BI|R|Snowflake|Git,7,Bachelor's preferred,1
Data Analyst,mid-size,2024-08-15,2024,2024Q3,"As a Data Analyst, you will work with Git, Looker, Azure, Python, Tableau, Salesforce, Spark, SAP. Minimum 4 years experience required. Bachelor's required. Must thrive in a scrappy, cross-functional collaboration, self-starter.",4,8,Bachelor's required,4,Python|Tableau|Azure|Looker|Spark|Git|Salesforce|SAP,8,Bachelor's required,3
Data Analyst,mid-size,2024-08-15,2024,2024Q3,"Data Analyst - join our team! Ideal candidate has 7 years of relevant experience and is proficient in Airflow, Azure, Looker, Tableau, A/B Testing, SQL, Git, Snowflake, Spark, Machine Learning. Master's preferred. We're looking for someone who can cross-functional collaboration.",7,10,Master's preferred,7,SQL|Tableau|Azure|Looker|Snowflake|Airflow|Spark|Git|A/B Testing|Machine Learning,10,Master's preferred,1
Data Analyst,startup,2024-08-15,2024,2024Q3,"Data Analyst - join our team! Ideal candidate has 6 years of relevant experience and is proficient in Power BI, GCP, SAP, Airflow, Git, R, A/B Testing. Bachelor's preferred. We're looking for someone who can stakeholder management.",6,7,Bachelor's preferred,6,Power BI|R|GCP|Airflow|Git|A/B Testing|SAP,7,Bachelor's preferred,1
Data Analyst,startup,2024-08-15,2024,2024Q3,"We are looking for a Data Analyst with 5+ years of experience. Required skills: Statistics, R, GCP, Power BI, Spark, Git, Looker, AWS. Bachelor's preferred. stakeholder management",5,8,Bachelor's preferred,5,Power BI|R|AWS|GCP|Looker|Spark|Git|Statistics,8,Bachelor's preferred,1
Data Analyst,enterprise,2024-08-15,2024,2024Q3,"We are looking for a Data Analyst with 6+ years of experience. Required skills: Excel, Salesforce, Spark, SAP, A/B Testing, Airflow, Snowflake, SQL. Master's required. ambiguity, high-growth",6,8,Master's required,6,SQL|Excel|Snowflake|Airflow|Spark|A/B Testing|Salesforce|SAP,8,Master's required,2
Data Analyst,startup,2024-08-15,2024,2024Q3,"Data Analyst - join our team! Ideal candidate has 6 years of relevant experience and is proficient in SQL, AWS, Excel, Power BI, Looker, GCP. Bachelor's preferred. We're looking for someone who can cross-functional collaboration.",6,6,Bachelor's preferred,6,SQL|Excel|Power BI|AWS|GCP|Looker,6,Bachelor's preferred,1
Data Analyst,mid-size,2024-08-15,2024,2024Q3,"Data Analyst - join our team! Ideal candidate has 8 years of relevant experience and is proficient in Looker, GCP, AWS, R, Python, dbt, SAP, Airflow, Spark. Bachelor's preferred. We're looking for someone who can high-growth, fast-paced environment, scrappy.",8,9,Bachelor's preferred,8,Python|R|AWS|GCP|Looker|dbt|Airflow|Spark|SAP,9,Bachelor's preferred,3
Data Analyst,enterprise,2024-08-15,2024,2024Q3,"As a Data Analyst, you will work with SAP, Statistics, Excel, A/B Testing, dbt, Salesforce, SQL, Snowflake. Minimum 3 years experience required. Master's required. Must thrive in a scrappy, cross-functional collaboration, stakeholder management.",3,8,Master's required,3,SQL|Excel|Snowflake|dbt|Statistics|A/B Testing|Salesforce|SAP,8,Master's required,3
Data Analyst,enterprise,2024-08-15,2024,2024Q3,"As a Data Analyst, you will work with Azure, Spark, GCP, Git, dbt, Statistics. Minimum 7 years experience required. Bachelor's required. Must thrive in a wear many hats.",7,6,Bachelor's required,7,Azure|GCP|dbt|Spark|Git|Statistics,6,Bachelor's required,1
Data Analyst,enterprise,2024-08-15,2024,2024Q3,"We are looking for a Data Analyst with 5+ years of experience. Required skills: Excel, A/B Testing, Airflow, Salesforce, GCP, R, SQL. Bachelor's required. fast-paced environment",5,7,Bachelor's required,5,SQL|Excel|R|GCP|Airflow|A/B Testing|Salesforce,7,Bachelor's required,1
Data Analyst,startup,2024-08-15,2024,2024Q3,"As a Data Analyst, you will work with Spark, A/B Testing, Looker, Airflow, Python. Minimum 4 years experience required. Master's preferred. Must thrive in a high-growth, cross-functional collaboration, ownership mindset.",4,5,Master's preferred,4,Python|Looker|Airflow|Spark|A/B Testing,5,Master's preferred,3
Data Analyst,mid-size,2024-08-15,2024,2024Q3,"We are looking for a Data Analyst with 5+ years of experience. Required skills: Azure, Looker, dbt, Git, Spark, Airflow. Bachelor's required. fast-paced environment",5,6,Bachelor's required,5,Azure|Looker|dbt|Airflow|Spark|Git,6,Bachelor's required,1
Data Analyst,startup,2024-08-15,2024,2024Q3,"As a Data Analyst, you will work with R, Salesforce, Machine Learning, Snowflake, Git, AWS. Minimum 5 years experience required. Bachelor's required. Must thrive in a scrappy.",5,6,Bachelor's required,5,R|AWS|Snowflake|Git|Machine Learning|Salesforce,6,Bachelor's required,1
Data Analyst,enterprise,2024-08-15,2024,2024Q3,"As a Data Analyst, you will work with Looker, AWS, Machine Learning, Snowflake, Git. Minimum 4 years experience required. Master's required. Must thrive in a self-starter, scrappy.",4,5,Master's required,4,AWS|Looker|Snowflake|Git|Machine Learning,5,Master's required,2
Data Analyst,startup,2024-08-15,2024,2024Q3,"We are looking for a Data Analyst with 5+ years of experience. Required skills: dbt, A/B Testing, Machine Learning, Git, Salesforce, AWS, SQL. Master's preferred. cross-functional collaboration",5,7,Master's preferred,5,SQL|AWS|dbt|Git|A/B Testing|Machine Learning|Salesforce,7,Master's preferred,1
Data Analyst,mid-size,2024-08-15,2024,2024Q3,"As a Data Analyst, you will work with Airflow, Excel, Salesforce, Spark, A/B Testing, Power BI, Machine Learning, dbt. Minimum 5 years experience required. Master's preferred. Must thrive in a fast-paced environment.",5,8,Master's preferred,5,Excel|Power BI|dbt|Airflow|Spark|A/B Testing|Machine Learning|Salesforce,8,Master's preferred,1
Data Analyst,mid-size,2024-08-15,2024,2024Q3,"As a Data Analyst, you will work with Azure, Power BI, Salesforce, Machine Learning, R, SQL, Git. Minimum 7 years experience required. Master's required. Must thrive in a stakeholder management.",7,7,Master's required,7,SQL|Power BI|R|Azure|Git|Machine Learning|Salesforce,7,Master's required,1
Data Analyst,enterprise,2024-08-15,2024,2024Q3,"As a Data Analyst, you will work with Azure, dbt, Snowflake, SQL, R, AWS, A/B Testing. Minimum 6 years experience required. Master's preferred. Must thrive in a ownership mindset.",6,7,Master's preferred,6,SQL|R|AWS|Azure|Snowflake|dbt|A/B Testing,7,Master's preferred,1
Data Analyst,mid-size,2024-08-15,2024,2024Q3,"As a Data Analyst, you will work with R, Machine Learning, A/B Testing, Looker, Power BI, Excel. Minimum 5 years experience required. Bachelor's preferred. Must thrive in a stakeholder management.",5,6,Bachelor's preferred,5,Excel|Power BI|R|Looker|A/B Testing|Machine Learning,6,Bachelor's preferred,1
Data Analyst,enterprise,2024-08-15,2024,2024Q3,"As a Data Analyst, you will work with Spark, AWS, SAP, SQL, Python, Salesforce. Minimum 4 years experience required. Master's required. Must thrive in a scrappy, high-growth.",4,6,Master's required,4,SQL|Python|AWS|Spark|Salesforce|SAP,6,Master's required,2
Data Analyst,mid-size,2024-08-15,2024,2024Q3,"Data Analyst - join our team! Ideal candidate has 6 years of relevant experience and is proficient in Statistics, Airflow, AWS, Spark, Machine Learning, Azure, Salesforce, Git, R. Bachelor's required. We're looking for someone who can fast-paced environment, wear many hats.",6,9,Bachelor's required,6,R|AWS|Azure|Airflow|Spark|Git|Statistics|Machine Learning|Salesforce,9,Bachelor's required,2
Data Analyst,mid-size,2024-08-15,2024,2024Q3,"As a Data Analyst, you will work with SAP, Salesforce, dbt, Excel, SQL, Snowflake. Minimum 5 years experience required. None mentioned. Must thrive in a ownership mindset.",5,6,None mentioned,5,SQL|Excel|Snowflake|dbt|Salesforce|SAP,6,None mentioned,1
Data Analyst,startup,2024-08-15,2024,2024Q3,"As a Data Analyst, you will work with R, SAP, Azure, Looker, Statistics, GCP, Airflow, Snowflake, AWS. Minimum 4 years experience required. Bachelor's required. Must thrive in a wear many hats.",4,9,Bachelor's required,4,R|AWS|Azure|GCP|Looker|Snowflake|Airflow|Statistics|SAP,9,Bachelor's required,1
Data Analyst,mid-size,2024-08-15,2024,2024Q3,"Data Analyst - join our team! Ideal candidate has 6 years of relevant experience and is proficient in Salesforce, Spark, A/B Testing, Looker, Snowflake, Git, R. Bachelor's preferred. We're looking for someone who can self-starter.",6,7,Bachelor's preferred,6,R|Looker|Snowflake|Spark|Git|A/B Testing|Salesforce,7,Bachelor's preferred,1
Data Analyst,enterprise,2024-08-15,2024,2024Q3,"Data Analyst - join our team! Ideal candidate has 5 years of relevant experience and is proficient in Airflow, Salesforce, dbt, SAP, Tableau, Python. Bachelor's preferred. We're looking for someone who can ownership mindset, ambiguity, scrappy.",5,6,Bachelor's preferred,5,Python|Tableau|dbt|Airflow|Salesforce|SAP,6,Bachelor's preferred,3
Data Analyst,mid-size,2024-08-15,2024,2024Q3,"As a Data Analyst, you will work with Tableau, A/B Testing, Looker, Excel, Salesforce, Spark. Minimum 3 years experience required. Master's required. Must thrive in a ownership mindset.",3,6,Master's required,3,Excel|Tableau|Looker|Spark|A/B Testing|Salesforce,6,Master's required,1
Data Analyst,startup,2024-08-15,2024,2024Q3,"We are looking for a Data Analyst with 6+ years of experience. Required skills: Machine Learning, SAP, Spark, Airflow, dbt, Salesforce, SQL. Master's preferred. self-starter, stakeholder management",6,7,Master's preferred,6,SQL|dbt|Airflow|Spark|Machine Learning|Salesforce|SAP,7,Master's preferred,2
Data Analyst,mid-size,2024-08-15,2024,2024Q3,"We are looking for a Data Analyst with 6+ years of experience. Required skills: Snowflake, SAP, Tableau, A/B Testing, R. Bachelor's preferred. cross-functional collaboration, scrappy, fast-paced environment",6,5,Bachelor's preferred,6,Tableau|R|Snowflake|A/B Testing|SAP,5,Bachelor's preferred,3
Data Analyst,enterprise,2024-08-15,2024,2024Q3,"We are looking for a Data Analyst with 6+ years of experience. Required skills: Airflow, Azure, Snowflake, SAP, Salesforce, Statistics. Bachelor's required. ownership mindset",6,6,Bachelor's required,6,Azure|Snowflake|Airflow|Statistics|Salesforce|SAP,6,Bachelor's required,1
Data Analyst,enterprise,2024-08-15,2024,2024Q3,"As a Data Analyst, you will work with R, AWS, Looker, Tableau, Git. Minimum 7 years experience required. Bachelor's required. Must thrive in a fast-paced environment, high-growth, cross-functional collaboration.",7,5,Bachelor's required,7,Tableau|R|AWS|Looker|Git,5,Bachelor's required,3
Data Analyst,enterprise,2024-08-15,2024,2024Q3,"We are looking for a Data Analyst with 5+ years of experience. Required skills: Statistics, GCP, SAP, Python, Azure, Excel. Master's required. ambiguity",5,6,Master's required,5,Python|Excel|Azure|GCP|Statistics|SAP,6,Master's required,1
Data Analyst,startup,2024-08-15,2024,2024Q3,"Data Analyst - join our team! Ideal candidate has 4 years of relevant experience and is proficient in Airflow, Snowflake, SQL, R, Power BI, Python. Bachelor's required. We're looking for someone who can cross-functional collaboration.",4,6,Bachelor's required,4,SQL|Python|Power BI|R|Snowflake|Airflow,6,Bachelor's required,1
Data Analyst,enterprise,2024-08-15,2024,2024Q3,"We are looking for a Data Analyst with 4+ years of experience. Required skills: dbt, SQL, Spark, AWS, Python, Machine Learning. None mentioned. cross-functional collaboration, self-starter",4,6,None mentioned,4,SQL|Python|AWS|dbt|Spark|Machine Learning,6,None mentioned,2
Data Analyst,startup,2024-08-15,2024,2024Q3,"As a Data Analyst, you will work with SAP, R, Airflow, Tableau, Looker, Git. Minimum 5 years experience required. Master's required. Must thrive in a ownership mindset, ambiguity.",5,6,Master's required,5,Tableau|R|Looker|Airflow|Git|SAP,6,Master's required,2
Data Analyst,mid-size,2024-08-15,2024,2024Q3,"Data Analyst - join our team! Ideal candidate has 3 years of relevant experience and is proficient in AWS, Statistics, A/B Testing, SQL, SAP, Tableau, GCP. Bachelor's preferred. We're looking for someone who can ambiguity, cross-functional collaboration.",3,7,Bachelor's preferred,3,SQL|Tableau|AWS|GCP|Statistics|A/B Testing|SAP,7,Bachelor's preferred,2
Data Analyst,mid-size,2024-08-15,2024,2024Q3,"As a Data Analyst, you will work with Machine Learning, Statistics, Power BI, Tableau. Minimum 5 years experience required. Master's required. Must thrive in a ambiguity, scrappy.",5,4,Master's required,5,Tableau|Power BI|Statistics|Machine Learning,4,Master's required,2
Data Analyst,mid-size,2024-08-15,2024,2024Q3,"As a Data Analyst, you will work with SAP, Snowflake, Power BI, Machine Learning, Tableau, AWS. Minimum 4 years experience required. Master's required. Must thrive in a scrappy, stakeholder management, ambiguity.",4,6,Master's required,4,Tableau|Power BI|AWS|Snowflake|Machine Learning|SAP,6,Master's required,3
Data Analyst,startup,2024-08-15,2024,2024Q3,"We are looking for a Data Analyst with 6+ years of experience. Required skills: Tableau, Excel, SQL, Statistics, A/B Testing, Azure. Master's preferred. stakeholder management, ownership mindset",6,6,Master's preferred,6,SQL|Excel|Tableau|Azure|Statistics|A/B Testing,6,Master's preferred,2
Data Analyst,startup,2024-08-15,2024,2024Q3,"As a Data Analyst, you will work with R, dbt, Git, Python, Machine Learning. Minimum 5 years experience required. Bachelor's preferred. Must thrive in a scrappy.",5,5,Bachelor's preferred,5,Python|R|dbt|Git|Machine Learning,5,Bachelor's preferred,1
Data Analyst,startup,2024-08-15,2024,2024Q3,"We are looking for a Data Analyst with 6+ years of experience. Required skills: GCP, Spark, Looker, Snowflake, SAP, Tableau, dbt, AWS, R, Python. Bachelor's preferred. wear many hats",6,10,Bachelor's preferred,6,Python|Tableau|R|AWS|GCP|Looker|Snowflake|dbt|Spark|SAP,10,Bachelor's preferred,1
Data Analyst,startup,2024-11-15,2024,2024Q4,"Data Analyst - join our team! Ideal candidate has 5 years of relevant experience and is proficient in Power BI, GCP, Looker, Machine Learning, Statistics, Python. Bachelor's preferred. We're looking for someone who can self-starter, cross-functional collaboration, fast-paced environment.",5,6,Bachelor's preferred,5,Python|Power BI|GCP|Looker|Statistics|Machine Learning,6,Bachelor's preferred,3
Data Analyst,mid-size,2024-11-15,2024,2024Q4,"As a Data Analyst, you will work with Looker, Snowflake, Excel, Statistics, Tableau. Minimum 7 years experience required. Bachelor's preferred. Must thrive in a ownership mindset.",7,5,Bachelor's preferred,7,Excel|Tableau|Looker|Snowflake|Statistics,5,Bachelor's preferred,1
Data Analyst,enterprise,2024-11-15,2024,2024Q4,"Data Analyst - join our team! Ideal candidate has 6 years of relevant experience and is proficient in Machine Learning, R, Azure, AWS, Snowflake, Excel, Salesforce, dbt, Statistics, Tableau. Bachelor's preferred. We're looking for someone who can high-growth, ambiguity, scrappy.",6,10,Bachelor's preferred,6,Excel|Tableau|R|AWS|Azure|Snowflake|dbt|Statistics|Machine Learning|Salesforce,10,Bachelor's preferred,3
Data Analyst,mid-size,2024-11-15,2024,2024Q4,"As a Data Analyst, you will work with Excel, R, GCP, Salesforce, Power BI, A/B Testing, dbt, Python. Minimum 4 years experience required. Bachelor's required. Must thrive in a stakeholder management, wear many hats.",4,8,Bachelor's required,4,Python|Excel|Power BI|R|GCP|dbt|A/B Testing|Salesforce,8,Bachelor's required,2
Data Analyst,startup,2024-11-15,2024,2024Q4,"Data Analyst - join our team! Ideal candidate has 6 years of relevant experience and is proficient in Looker, Snowflake, Azure, Salesforce, SQL, dbt, Power BI. Bachelor's required. We're looking for someone who can ambiguity.",6,7,Bachelor's required,6,SQL|Power BI|Azure|Looker|Snowflake|dbt|Salesforce,7,Bachelor's required,1
Data Analyst,startup,2024-11-15,2024,2024Q4,"As a Data Analyst, you will work with Machine Learning, AWS, Azure, Python, Spark, GCP, A/B Testing. Minimum 6 years experience required. Master's required. Must thrive in a scrappy.",6,7,Master's required,6,Python|AWS|Azure|GCP|Spark|A/B Testing|Machine Learning,7,Master's required,1
Data Analyst,startup,2024-11-15,2024,2024Q4,"We are looking for a Data Analyst with 6+ years of experience. Required skills: Snowflake, Airflow, Power BI, Excel, Salesforce, R, dbt. Master's required. self-starter, wear many hats",6,7,Master's required,6,Excel|Power BI|R|Snowflake|dbt|Airflow|Salesforce,7,Master's required,2
Data Analyst,mid-size,2024-11-15,2024,2024Q4,"As a Data Analyst, you will work with Spark, Excel, Statistics. Minimum 5 years experience required. Bachelor's required. Must thrive in a ambiguity, fast-paced environment.",5,3,Bachelor's required,5,Excel|Spark|Statistics,3,Bachelor's required,2
Data Analyst,startup,2024-11-15,2024,2024Q4,"We are looking for a Data Analyst with 5+ years of experience. Required skills: Salesforce, Excel, Azure, Tableau, Power BI, R. Bachelor's required. fast-paced environment, self-starter, high-growth",5,6,Bachelor's required,5,Excel|Tableau|Power BI|R|Azure|Salesforce,6,Bachelor's required,3
Data Analyst,mid-size,2024-11-15,2024,2024Q4,"We are looking for a Data Analyst with 4+ years of experience. Required skills: SAP, Python, R, Airflow, Power BI, Azure, dbt, SQL, GCP, Salesforce. Bachelor's preferred. self-starter, ambiguity, ownership mindset",4,10,Bachelor's preferred,4,SQL|Python|Power BI|R|Azure|GCP|dbt|Airflow|Salesforce|SAP,10,Bachelor's preferred,3
Data Analyst,enterprise,2024-11-15,2024,2024Q4,"We are looking for a Data Analyst with 5+ years of experience. Required skills: Looker, Salesforce, A/B Testing, R, Machine Learning, AWS, Excel. Bachelor's required. cross-functional collaboration",5,7,Bachelor's required,5,Excel|R|AWS|Looker|A/B Testing|Machine Learning|Salesforce,7,Bachelor's required,1
Data Analyst,enterprise,2024-11-15,2024,2024Q4,"As a Data Analyst, you will work with SAP, Airflow, Python, dbt, Azure, A/B Testing, Statistics. Minimum 5 years experience required. Master's required. Must thrive in a ownership mindset.",5,7,Master's required,5,Python|Azure|dbt|Airflow|Statistics|A/B Testing|SAP,7,Master's required,1
Data Analyst,startup,2024-11-15,2024,2024Q4,"Data Analyst - join our team! Ideal candidate has 5 years of relevant experience and is proficient in Git, SQL, Python, Spark, Machine Learning, A/B Testing, Airflow, GCP. Master's required. We're looking for someone who can fast-paced environment.",5,8,Master's required,5,SQL|Python|GCP|Airflow|Spark|Git|A/B Testing|Machine Learning,8,Master's required,1
Data Analyst,mid-size,2024-11-15,2024,2024Q4,"Data Analyst - join our team! Ideal candidate has 5 years of relevant experience and is proficient in Airflow, Azure, GCP, Git, SQL, Machine Learning, AWS. Bachelor's preferred. We're looking for someone who can ownership mindset.",5,7,Bachelor's preferred,5,SQL|AWS|Azure|GCP|Airflow|Git|Machine Learning,7,Bachelor's preferred,1
Data Analyst,startup,2024-11-15,2024,2024Q4,"We are looking for a Data Analyst with 4+ years of experience. Required skills: Airflow, Salesforce, Machine Learning, Looker, Excel, Spark, Statistics, Azure. Master's required. scrappy, ambiguity",4,8,Master's required,4,Excel|Azure|Looker|Airflow|Spark|Statistics|Machine Learning|Salesforce,8,Master's required,2
Data Analyst,startup,2024-11-15,2024,2024Q4,"Data Analyst - join our team! Ideal candidate has 3 years of relevant experience and is proficient in R, Excel, GCP, dbt. Master's preferred. We're looking for someone who can self-starter, ambiguity, scrappy.",3,4,Master's preferred,3,Excel|R|GCP|dbt,4,Master's preferred,3
Data Analyst,mid-size,2024-11-15,2024,2024Q4,"We are looking for a Data Analyst with 6+ years of experience. Required skills: R, Snowflake, Spark, AWS, Git. Master's required. high-growth, stakeholder management",6,5,Master's required,6,R|AWS|Snowflake|Spark|Git,5,Master's required,2
Data Analyst,startup,2024-11-15,2024,2024Q4,"As a Data Analyst, you will work with Spark, SQL, Git, Statistics, SAP, AWS, Tableau, R, Snowflake. Minimum 6 years experience required. Bachelor's preferred. Must thrive in a ambiguity.",6,9,Bachelor's preferred,6,SQL|Tableau|R|AWS|Snowflake|Spark|Git|Statistics|SAP,9,Bachelor's preferred,1
Data Analyst,enterprise,2024-11-15,2024,2024Q4,"We are looking for a Data Analyst with 5+ years of experience. Required skills: Python, Excel, dbt, Power BI, Spark. Master's preferred. self-starter",5,5,Master's preferred,5,Python|Excel|Power BI|dbt|Spark,5,Master's preferred,1
Data Analyst,mid-size,2024-11-15,2024,2024Q4,"Data Analyst - join our team! Ideal candidate has 4 years of relevant experience and is proficient in R, SQL, SAP, Tableau, Git. Master's required. We're looking for someone who can self-starter, stakeholder management, cross-functional collaboration.",4,5,Master's required,4,SQL|Tableau|R|Git|SAP,5,Master's required,3
Data Analyst,startup,2024-11-15,2024,2024Q4,"Data Analyst - join our team! Ideal candidate has 6 years of relevant experience and is proficient in R, A/B Testing, GCP, Airflow, Git, dbt, Spark. Bachelor's required. We're looking for someone who can stakeholder management.",6,7,Bachelor's required,6,R|GCP|dbt|Airflow|Spark|Git|A/B Testing,7,Bachelor's required,1
Data Analyst,startup,2024-11-15,2024,2024Q4,"Data Analyst - join our team! Ideal candidate has 5 years of relevant experience and is proficient in SAP, R, Python, dbt, SQL, Spark, Azure. Bachelor's required. We're looking for someone who can ownership mindset.",5,7,Bachelor's required,5,SQL|Python|R|Azure|dbt|Spark|SAP,7,Bachelor's required,1
Data Analyst,enterprise,2024-11-15,2024,2024Q4,"We are looking for a Data Analyst with 5+ years of experience. Required skills: Excel, Statistics, dbt, Snowflake, Spark, Power BI, Salesforce, Looker. Bachelor's preferred. fast-paced environment",5,8,Bachelor's preferred,5,Excel|Power BI|Looker|Snowflake|dbt|Spark|Statistics|Salesforce,8,Bachelor's preferred,1
Data Analyst,startup,2024-11-15,2024,2024Q4,"As a Data Analyst, you will work with R, Tableau, Azure, GCP, Power BI, AWS. Minimum 5 years experience required. Bachelor's required. Must thrive in a fast-paced environment, scrappy, wear many hats.",5,6,Bachelor's required,5,Tableau|Power BI|R|AWS|Azure|GCP,6,Bachelor's required,3
Data Analyst,mid-size,2024-11-15,2024,2024Q4,"As a Data Analyst, you will work with Statistics, Tableau, AWS, A/B Testing, Excel, Spark. Minimum 6 years experience required. Bachelor's required. Must thrive in a ambiguity, wear many hats, fast-paced environment.",6,6,Bachelor's required,6,Excel|Tableau|AWS|Spark|Statistics|A/B Testing,6,Bachelor's required,3
Data Analyst,enterprise,2024-11-15,2024,2024Q4,"As a Data Analyst, you will work with Spark, Git, AWS, Salesforce, Azure, R, Looker. Minimum 5 years experience required. Bachelor's preferred. Must thrive in a scrappy.",5,7,Bachelor's preferred,5,R|AWS|Azure|Looker|Spark|Git|Salesforce,7,Bachelor's preferred,1
Data Analyst,mid-size,2024-11-15,2024,2024Q4,"We are looking for a Data Analyst with 6+ years of experience. Required skills: Looker, AWS, Python, Spark, Snowflake, SAP. Bachelor's preferred. cross-functional collaboration",6,6,Bachelor's preferred,6,Python|AWS|Looker|Snowflake|Spark|SAP,6,Bachelor's preferred,1
Data Analyst,mid-size,2024-11-15,2024,2024Q4,"We are looking for a Data Analyst with 4+ years of experience. Required skills: SAP, Salesforce, Power BI, Excel, A/B Testing, Azure, Python, GCP, R. Bachelor's preferred. fast-paced environment",4,9,Bachelor's preferred,4,Python|Excel|Power BI|R|Azure|GCP|A/B Testing|Salesforce|SAP,9,Bachelor's preferred,1
Data Analyst,enterprise,2024-11-15,2024,2024Q4,"Data Analyst - join our team! Ideal candidate has 6 years of relevant experience and is proficient in Azure, Salesforce, Git, SQL, SAP. Bachelor's preferred. We're looking for someone who can fast-paced environment.",6,5,Bachelor's preferred,6,SQL|Azure|Git|Salesforce|SAP,5,Bachelor's preferred,1
Data Analyst,mid-size,2024-11-15,2024,2024Q4,"As a Data Analyst, you will work with Statistics, Python, Airflow, Snowflake, Git, dbt, Power BI, Spark, Azure. Minimum 7 years experience required. Bachelor's required. Must thrive in a fast-paced environment.",7,9,Bachelor's required,7,Python|Power BI|Azure|Snowflake|dbt|Airflow|Spark|Git|Statistics,9,Bachelor's required,1
Data Analyst,startup,2024-11-15,2024,2024Q4,"As a Data Analyst, you will work with GCP, Looker, Machine Learning, AWS, Statistics, A/B Testing, Git. Minimum 6 years experience required. Bachelor's required. Must thrive in a fast-paced environment, wear many hats.",6,7,Bachelor's required,6,AWS|GCP|Looker|Git|Statistics|A/B Testing|Machine Learning,7,Bachelor's required,2
Data Analyst,enterprise,2024-11-15,2024,2024Q4,"We are looking for a Data Analyst with 4+ years of experience. Required skills: Power BI, Excel, A/B Testing, Git, Tableau, Python, Spark, Airflow. Bachelor's required. ownership mindset, high-growth",4,8,Bachelor's required,4,Python|Excel|Tableau|Power BI|Airflow|Spark|Git|A/B Testing,8,Bachelor's required,2
Data Analyst,mid-size,2024-11-15,2024,2024Q4,"As a Data Analyst, you will work with GCP, Excel, Looker, SAP, Salesforce, Spark, Power BI, Python. Minimum 5 years experience required. Master's required. Must thrive in a ownership mindset, high-growth.",5,8,Master's required,5,Python|Excel|Power BI|GCP|Looker|Spark|Salesforce|SAP,8,Master's required,2
Data Analyst,enterprise,2024-11-15,2024,2024Q4,"Data Analyst - join our team! Ideal candidate has 5 years of relevant experience and is proficient in Excel, AWS, A/B Testing, SAP, Machine Learning, Salesforce. Bachelor's preferred. We're looking for someone who can scrappy.",5,6,Bachelor's preferred,5,Excel|AWS|A/B Testing|Machine Learning|Salesforce|SAP,6,Bachelor's preferred,1
Data Analyst,startup,2024-11-15,2024,2024Q4,"As a Data Analyst, you will work with Spark, Python, AWS, SAP, GCP, R, Airflow. Minimum 5 years experience required. Bachelor's required. Must thrive in a high-growth, stakeholder management, fast-paced environment.",5,7,Bachelor's required,5,Python|R|AWS|GCP|Airflow|Spark|SAP,7,Bachelor's required,3
Data Analyst,startup,2024-11-15,2024,2024Q4,"As a Data Analyst, you will work with Salesforce, SAP, Python, Airflow, dbt, A/B Testing, Statistics. Minimum 6 years experience required. Bachelor's required. Must thrive in a stakeholder management, self-starter, scrappy.",6,7,Bachelor's required,6,Python|dbt|Airflow|Statistics|A/B Testing|Salesforce|SAP,7,Bachelor's required,3
Data Analyst,mid-size,2024-11-15,2024,2024Q4,"As a Data Analyst, you will work with SQL, Azure, Git, Excel, AWS, Salesforce, Tableau, dbt, SAP. Minimum 5 years experience required. Bachelor's preferred. Must thrive in a wear many hats, ambiguity, scrappy.",5,9,Bachelor's preferred,5,SQL|Excel|Tableau|AWS|Azure|dbt|Git|Salesforce|SAP,9,Bachelor's preferred,3
Data Analyst,startup,2024-11-15,2024,2024Q4,"Data Analyst - join our team! Ideal candidate has 5 years of relevant experience and is proficient in Snowflake, A/B Testing, GCP, AWS, Python, R, Power BI, Statistics. Bachelor's required. We're looking for someone who can cross-functional collaboration, fast-paced environment.",5,8,Bachelor's required,5,Python|Power BI|R|AWS|GCP|Snowflake|Statistics|A/B Testing,8,Bachelor's required,2
Data Analyst,mid-size,2024-11-15,2024,2024Q4,"As a Data Analyst, you will work with dbt, Python, GCP, Snowflake, Spark, Machine Learning, Git. Minimum 4 years experience required. Master's preferred. Must thrive in a high-growth, stakeholder management.",4,7,Master's preferred,4,Python|GCP|Snowflake|dbt|Spark|Git|Machine Learning,7,Master's preferred,2
Data Analyst,enterprise,2024-11-15,2024,2024Q4,"We are looking for a Data Analyst with 5+ years of experience. Required skills: Airflow, SAP, Looker, dbt, R, Git, Spark, Tableau. Bachelor's required. high-growth",5,8,Bachelor's required,5,Tableau|R|Looker|dbt|Airflow|Spark|Git|SAP,8,Bachelor's required,1
Data Analyst,mid-size,2024-11-15,2024,2024Q4,"Data Analyst - join our team! Ideal candidate has 5 years of relevant experience and is proficient in GCP, Git, Tableau, A/B Testing. Master's required. We're looking for someone who can ambiguity, self-starter.",5,4,Master's required,5,Tableau|GCP|Git|A/B Testing,4,Master's required,2
Data Analyst,startup,2024-11-15,2024,2024Q4,"Data Analyst - join our team! Ideal candidate has 5 years of relevant experience and is proficient in Excel, dbt, Snowflake, Airflow, R. Bachelor's preferred. We're looking for someone who can wear many hats.",5,5,Bachelor's preferred,5,Excel|R|Snowflake|dbt|Airflow,5,Bachelor's preferred,1
Data Analyst,enterprise,2024-11-15,2024,2024Q4,"Data Analyst - join our team! Ideal candidate has 6 years of relevant experience and is proficient in Salesforce, Machine Learning, SQL, Spark, AWS, Azure, Statistics. Bachelor's preferred. We're looking for someone who can self-starter.",6,7,Bachelor's preferred,6,SQL|AWS|Azure|Spark|Statistics|Machine Learning|Salesforce,7,Bachelor's preferred,1
Data Analyst,enterprise,2024-11-15,2024,2024Q4,"As a Data Analyst, you will work with A/B Testing, Statistics, Airflow, dbt, Machine Learning, Spark, Salesforce, Power BI, Excel. Minimum 6 years experience required. Master's required. Must thrive in a ambiguity.",6,9,Master's required,6,Excel|Power BI|dbt|Airflow|Spark|Statistics|A/B Testing|Machine Learning|Salesforce,9,Master's required,1
Data Analyst,startup,2024-11-15,2024,2024Q4,"Data Analyst - join our team! Ideal candidate has 5 years of relevant experience and is proficient in dbt, SQL, R, Salesforce, Excel, Power BI, Statistics. Master's required. We're looking for someone who can ownership mindset, ambiguity, scrappy.",5,7,Master's required,5,SQL|Excel|Power BI|R|dbt|Statistics|Salesforce,7,Master's required,3
Data Analyst,mid-size,2024-11-15,2024,2024Q4,"Data Analyst - join our team! Ideal candidate has 4 years of relevant experience and is proficient in Git, Azure, Airflow, AWS, Python, Machine Learning. Bachelor's required. We're looking for someone who can high-growth.",4,6,Bachelor's required,4,Python|AWS|Azure|Airflow|Git|Machine Learning,6,Bachelor's required,1
Data Analyst,mid-size,2024-11-15,2024,2024Q4,"We are looking for a Data Analyst with 5+ years of experience. Required skills: Spark, Snowflake, Azure, Airflow, Salesforce, Python, AWS, A/B Testing, Power BI. Master's required. scrappy",5,9,Master's required,5,Python|Power BI|AWS|Azure|Snowflake|Airflow|Spark|A/B Testing|Salesforce,9,Master's required,1
Data Analyst,startup,2024-11-15,2024,2024Q4,"As a Data Analyst, you will work with Tableau, Machine Learning, Salesforce, Excel, Power BI, Airflow, dbt, Statistics, SQL. Minimum 5 years experience required. Master's required. Must thrive in a self-starter.",5,9,Master's required,5,SQL|Excel|Tableau|Power BI|dbt|Airflow|Statistics|Machine Learning|Salesforce,9,Master's required,1
Data Analyst,mid-size,2024-11-15,2024,2024Q4,"We are looking for a Data Analyst with 4+ years of experience. Required skills: Spark, Statistics, SQL, SAP, Python, dbt, Looker. Bachelor's required. fast-paced environment",4,7,Bachelor's required,4,SQL|Python|Looker|dbt|Spark|Statistics|SAP,7,Bachelor's required,1
Data Analyst,enterprise,2024-11-15,2024,2024Q4,"We are looking for a Data Analyst with 5+ years of experience. Required skills: Looker, A/B Testing, Excel, Snowflake, R, Machine Learning. Master's required. fast-paced environment, stakeholder management",5,6,Master's required,5,Excel|R|Looker|Snowflake|A/B Testing|Machine Learning,6,Master's required,2
Data Analyst,enterprise,2024-11-15,2024,2024Q4,"As a Data Analyst, you will work with Looker, Salesforce, Statistics, Machine Learning, Azure, Git, SQL. Minimum 7 years experience required. Bachelor's required. Must thrive in a self-starter.",7,7,Bachelor's required,7,SQL|Azure|Looker|Git|Statistics|Machine Learning|Salesforce,7,Bachelor's required,1
Data Analyst,startup,2024-11-15,2024,2024Q4,"We are looking for a Data Analyst with 4+ years of experience. Required skills: SQL, Azure, Excel, SAP, A/B Testing, Git. Bachelor's required. stakeholder management",4,6,Bachelor's required,4,SQL|Excel|Azure|Git|A/B Testing|SAP,6,Bachelor's required,1
Data Analyst,mid-size,2024-11-15,2024,2024Q4,"We are looking for a Data Analyst with 7+ years of experience. Required skills: AWS, Python, Airflow, Git, Machine Learning. Bachelor's required. cross-functional collaboration, ambiguity",7,5,Bachelor's required,7,Python|AWS|Airflow|Git|Machine Learning,5,Bachelor's required,2
Data Analyst,mid-size,2024-11-15,2024,2024Q4,"Data Analyst - join our team! Ideal candidate has 6 years of relevant experience and is proficient in Machine Learning, AWS, R, Git, Tableau, Python. Bachelor's preferred. We're looking for someone who can fast-paced environment.",6,6,Bachelor's preferred,6,Python|Tableau|R|AWS|Git|Machine Learning,6,Bachelor's preferred,1
Data Analyst,mid-size,2024-11-15,2024,2024Q4,"As a Data Analyst, you will work with dbt, Looker, Git, Excel, Spark, Airflow. Minimum 7 years experience required. Master's required. Must thrive in a stakeholder management, self-starter.",7,6,Master's required,7,Excel|Looker|dbt|Airflow|Spark|Git,6,Master's required,2
Data Analyst,startup,2024-11-15,2024,2024Q4,"Data Analyst - join our team! Ideal candidate has 5 years of relevant experience and is proficient in Git, Spark, Python, SAP, Salesforce, Machine Learning. Bachelor's required. We're looking for someone who can stakeholder management.",5,6,Bachelor's required,5,Python|Spark|Git|Machine Learning|Salesforce|SAP,6,Bachelor's required,1
Data Analyst,mid-size,2024-11-15,2024,2024Q4,"We are looking for a Data Analyst with 4+ years of experience. Required skills: Git, Power BI, Statistics, Salesforce, Tableau. Bachelor's preferred. high-growth, stakeholder management",4,5,Bachelor's preferred,4,Tableau|Power BI|Git|Statistics|Salesforce,5,Bachelor's preferred,2
Data Analyst,enterprise,2024-11-15,2024,2024Q4,"Data Analyst - join our team! Ideal candidate has 4 years of relevant experience and is proficient in Airflow, Excel, Power BI, SQL, dbt, Machine Learning, Git, R. Bachelor's preferred. We're looking for someone who can stakeholder management.",4,8,Bachelor's preferred,4,SQL|Excel|Power BI|R|dbt|Airflow|Git|Machine Learning,8,Bachelor's preferred,1
Data Analyst,startup,2024-11-15,2024,2024Q4,"As a Data Analyst, you will work with SAP, Spark, Salesforce, AWS, Tableau, Snowflake, Power BI, R. Minimum 5 years experience required. Bachelor's preferred. Must thrive in a stakeholder management.",5,8,Bachelor's preferred,5,Tableau|Power BI|R|AWS|Snowflake|Spark|Salesforce|SAP,8,Bachelor's preferred,1
Data Analyst,mid-size,2024-11-15,2024,2024Q4,"We are looking for a Data Analyst with 4+ years of experience. Required skills: Spark, dbt, Tableau, Snowflake, Azure, Excel, SAP. Master's preferred. self-starter, scrappy",4,7,Master's preferred,4,Excel|Tableau|Azure|Snowflake|dbt|Spark|SAP,7,Master's preferred,2
Data Analyst,mid-size,2024-11-15,2024,2024Q4,"We are looking for a Data Analyst with 4+ years of experience. Required skills: Azure, R, GCP, Looker, AWS, Power BI. Bachelor's preferred. high-growth",4,6,Bachelor's preferred,4,Power BI|R|AWS|Azure|GCP|Looker,6,Bachelor's preferred,1
Data Analyst,mid-size,2024-11-15,2024,2024Q4,"We are looking for a Data Analyst with 4+ years of experience. Required skills: dbt, Tableau, Salesforce, Git, Looker, SAP, Airflow, Statistics. Bachelor's required. self-starter, wear many hats",4,8,Bachelor's required,4,Tableau|Looker|dbt|Airflow|Git|Statistics|Salesforce|SAP,8,Bachelor's required,2
Data Analyst,startup,2024-11-15,2024,2024Q4,"Data Analyst - join our team! Ideal candidate has 7 years of relevant experience and is proficient in Azure, SAP, Git, SQL, Salesforce, Snowflake, Python, GCP, dbt. Master's preferred. We're looking for someone who can wear many hats, stakeholder management.",7,9,Master's preferred,7,SQL|Python|Azure|GCP|Snowflake|dbt|Git|Salesforce|SAP,9,Master's preferred,2
Data Analyst,enterprise,2024-11-15,2024,2024Q4,"Data Analyst - join our team! Ideal candidate has 5 years of relevant experience and is proficient in A/B Testing, Git, Spark, SQL, Tableau, Python, GCP, Power BI. Bachelor's required. We're looking for someone who can self-starter.",5,8,Bachelor's required,5,SQL|Python|Tableau|Power BI|GCP|Spark|Git|A/B Testing,8,Bachelor's required,1
Data Analyst,startup,2024-11-15,2024,2024Q4,"We are looking for a Data Analyst with 6+ years of experience. Required skills: Airflow, AWS, Tableau, Looker, Spark, Machine Learning. Master's required. wear many hats",6,6,Master's required,6,Tableau|AWS|Looker|Airflow|Spark|Machine Learning,6,Master's required,1
Data Analyst,mid-size,2024-11-15,2024,2024Q4,"As a Data Analyst, you will work with Power BI, Python, GCP, Excel, SAP, Airflow, Tableau, SQL. Minimum 4 years experience required. Master's required. Must thrive in a scrappy.",4,8,Master's required,4,SQL|Python|Excel|Tableau|Power BI|GCP|Airflow|SAP,8,Master's required,1
Data Analyst,mid-size,2024-11-15,2024,2024Q4,"We are looking for a Data Analyst with 5+ years of experience. Required skills: Power BI, Azure, SQL, Looker, Excel, Salesforce, AWS. Master's required. ownership mindset, scrappy, wear many hats",5,7,Master's required,5,SQL|Excel|Power BI|AWS|Azure|Looker|Salesforce,7,Master's required,3
Data Analyst,enterprise,2024-11-15,2024,2024Q4,"We are looking for a Data Analyst with 5+ years of experience. Required skills: Statistics, Python, Salesforce, Power BI, SQL. Bachelor's required. fast-paced environment",5,5,Bachelor's required,5,SQL|Python|Power BI|Statistics|Salesforce,5,Bachelor's required,1
Data Analyst,enterprise,2024-11-15,2024,2024Q4,"As a Data Analyst, you will work with Airflow, SAP, AWS, Tableau, Statistics, Azure, GCP. Minimum 5 years experience required. Master's required. Must thrive in a fast-paced environment, high-growth.",5,7,Master's required,5,Tableau|AWS|Azure|GCP|Airflow|Statistics|SAP,7,Master's required,2
Data Analyst,enterprise,2024-11-15,2024,2024Q4,"We are looking for a Data Analyst with 6+ years of experience. Required skills: Azure, SAP, Spark, Power BI, SQL, AWS, R. Bachelor's required. scrappy",6,7,Bachelor's required,6,SQL|Power BI|R|AWS|Azure|Spark|SAP,7,Bachelor's required,1
Data Analyst,mid-size,2024-11-15,2024,2024Q4,"We are looking for a Data Analyst with 5+ years of experience. Required skills: Statistics, Looker, Snowflake, AWS, Machine Learning, Spark, Python, SAP, Tableau. Master's preferred. high-growth",5,9,Master's preferred,5,Python|Tableau|AWS|Looker|Snowflake|Spark|Statistics|Machine Learning|SAP,9,Master's preferred,1
Data Analyst,startup,2024-11-15,2024,2024Q4,"Data Analyst - join our team! Ideal candidate has 6 years of relevant experience and is proficient in A/B Testing, Python, AWS, Airflow, Tableau, dbt, R, Spark. Bachelor's required. We're looking for someone who can stakeholder management, self-starter, wear many hats.",6,8,Bachelor's required,6,Python|Tableau|R|AWS|dbt|Airflow|Spark|A/B Testing,8,Bachelor's required,3
Data Analyst,enterprise,2024-11-15,2024,2024Q4,"Data Analyst - join our team! Ideal candidate has 5 years of relevant experience and is proficient in A/B Testing, Airflow, Machine Learning, Git, Tableau, R, Python. Bachelor's preferred. We're looking for someone who can ambiguity, high-growth, wear many hats.",5,7,Bachelor's preferred,5,Python|Tableau|R|Airflow|Git|A/B Testing|Machine Learning,7,Bachelor's preferred,3
Data Analyst,startup,2024-11-15,2024,2024Q4,"Data Analyst - join our team! Ideal candidate has 5 years of relevant experience and is proficient in Azure, Git, GCP, Salesforce, Looker. Bachelor's preferred. We're looking for someone who can wear many hats, fast-paced environment.",5,5,Bachelor's preferred,5,Azure|GCP|Looker|Git|Salesforce,5,Bachelor's preferred,2
Data Analyst,startup,2024-11-15,2024,2024Q4,"Data Analyst - join our team! Ideal candidate has 6 years of relevant experience and is proficient in Machine Learning, Airflow, Snowflake, Tableau, Power BI, Excel, A/B Testing, dbt. Master's required. We're looking for someone who can wear many hats.",6,8,Master's required,6,Excel|Tableau|Power BI|Snowflake|dbt|Airflow|A/B Testing|Machine Learning,8,Master's required,1
Data Analyst,mid-size,2024-11-15,2024,2024Q4,"We are looking for a Data Analyst with 8+ years of experience. Required skills: Power BI, A/B Testing, R, Python, Azure, Spark. None mentioned. fast-paced environment",8,6,None mentioned,8,Python|Power BI|R|Azure|Spark|A/B Testing,6,None mentioned,1
Data Analyst,startup,2024-11-15,2024,2024Q4,"Data Analyst - join our team! Ideal candidate has 5 years of relevant experience and is proficient in Snowflake, Python, GCP, Power BI, A/B Testing, SAP, Spark, Git. Bachelor's preferred. We're looking for someone who can stakeholder management.",5,8,Bachelor's preferred,5,Python|Power BI|GCP|Snowflake|Spark|Git|A/B Testing|SAP,8,Bachelor's preferred,1
Data Analyst,mid-size,2024-11-15,2024,2024Q4,"We are looking for a Data Analyst with 6+ years of experience. Required skills: R, Snowflake, Looker, SQL, Power BI. Bachelor's required. cross-functional collaboration, stakeholder management",6,5,Bachelor's required,6,SQL|Power BI|R|Looker|Snowflake,5,Bachelor's required,2
Data Analyst,mid-size,2024-11-15,2024,2024Q4,"Data Analyst - join our team! Ideal candidate has 6 years of relevant experience and is proficient in SQL, Machine Learning, Power BI, Python, SAP, Azure, Git, A/B Testing. Bachelor's preferred. We're looking for someone who can scrappy.",6,8,Bachelor's preferred,6,SQL|Python|Power BI|Azure|Git|A/B Testing|Machine Learning|SAP,8,Bachelor's preferred,1
Data Analyst,startup,2024-11-15,2024,2024Q4,"As a Data Analyst, you will work with Snowflake, Spark, Salesforce, Tableau, Looker, GCP, Airflow, Azure. Minimum 6 years experience required. None mentioned. Must thrive in a scrappy.",6,8,None mentioned,6,Tableau|Azure|GCP|Looker|Snowflake|Airflow|Spark|Salesforce,8,None mentioned,1
Data Analyst,startup,2024-11-15,2024,2024Q4,"Data Analyst - join our team! Ideal candidate has 6 years of relevant experience and is proficient in SQL, A/B Testing, Excel, Spark, Power BI, R, Git, Machine Learning. Master's required. We're looking for someone who can wear many hats, cross-functional collaboration.",6,8,Master's required,6,SQL|Excel|Power BI|R|Spark|Git|A/B Testing|Machine Learning,8,Master's required,2
Data Analyst,enterprise,2024-11-15,2024,2024Q4,"As a Data Analyst, you will work with Excel, SQL, Spark, Tableau, A/B Testing, R, dbt, Salesforce, Airflow. Minimum 4 years experience required. Bachelor's preferred. Must thrive in a ownership mindset, fast-paced environment, self-starter.",4,9,Bachelor's preferred,4,SQL|Excel|Tableau|R|dbt|Airflow|Spark|A/B Testing|Salesforce,9,Bachelor's preferred,3
Data Analyst,mid-size,2024-11-15,2024,2024Q4,"We are looking for a Data Analyst with 6+ years of experience. Required skills: Git, GCP, Looker, SAP, Azure, Salesforce. Bachelor's required. ownership mindset",6,6,Bachelor's required,6,Azure|GCP|Looker|Git|Salesforce|SAP,6,Bachelor's required,1
Data Analyst,startup,2024-11-15,2024,2024Q4,"We are looking for a Data Analyst with 8+ years of experience. Required skills: Salesforce, R, dbt, AWS, Tableau, Machine Learning, Git, Airflow. Bachelor's preferred. wear many hats, scrappy, ownership mindset",8,8,Bachelor's preferred,8,Tableau|R|AWS|dbt|Airflow|Git|Machine Learning|Salesforce,8,Bachelor's preferred,3
Data Analyst,startup,2024-11-15,2024,2024Q4,"We are looking for a Data Analyst with 6+ years of experience. Required skills: SAP, Machine Learning, Looker, Power BI, Spark, Tableau, A/B Testing, dbt, GCP. Master's preferred. stakeholder management",6,9,Master's preferred,6,Tableau|Power BI|GCP|Looker|dbt|Spark|A/B Testing|Machine Learning|SAP,9,Master's preferred,1
Data Analyst,enterprise,2024-11-15,2024,2024Q4,"Data Analyst - join our team! Ideal candidate has 6 years of relevant experience and is proficient in Looker, Excel, Airflow, Salesforce, AWS. Bachelor's preferred. We're looking for someone who can wear many hats.",6,5,Bachelor's preferred,6,Excel|AWS|Looker|Airflow|Salesforce,5,Bachelor's preferred,1
Data Analyst,startup,2024-11-15,2024,2024Q4,"We are looking for a Data Analyst with 4+ years of experience. Required skills: A/B Testing, Azure, Tableau, Airflow, Machine Learning, Salesforce. Bachelor's required. ambiguity, high-growth",4,6,Bachelor's required,4,Tableau|Azure|Airflow|A/B Testing|Machine Learning|Salesforce,6,Bachelor's required,2
Data Analyst,mid-size,2024-11-15,2024,2024Q4,"We are looking for a Data Analyst with 6+ years of experience. Required skills: SAP, R, Salesforce, Python. Master's required. ambiguity, wear many hats, high-growth",6,4,Master's required,6,Python|R|Salesforce|SAP,4,Master's required,3
Data Analyst,enterprise,2024-11-15,2024,2024Q4,"Data Analyst - join our team! Ideal candidate has 6 years of relevant experience and is proficient in dbt, Power BI, Excel, SAP, Salesforce, AWS. Master's required. We're looking for someone who can stakeholder management, self-starter.",6,6,Master's required,6,Excel|Power BI|AWS|dbt|Salesforce|SAP,6,Master's required,2
Data Analyst,startup,2024-11-15,2024,2024Q4,"As a Data Analyst, you will work with Looker, Git, Power BI, Airflow, Azure, dbt. Minimum 7 years experience required. None mentioned. Must thrive in a cross-functional collaboration, scrappy.",7,6,None mentioned,7,Power BI|Azure|Looker|dbt|Airflow|Git,6,None mentioned,2
Data Analyst,enterprise,2024-11-15,2024,2024Q4,"As a Data Analyst, you will work with Power BI, dbt, GCP, SQL, Git, AWS. Minimum 5 years experience required. Master's required. Must thrive in a scrappy, self-starter, fast-paced environment.",5,6,Master's required,5,SQL|Power BI|AWS|GCP|dbt|Git,6,Master's required,3
Data Analyst,mid-size,2024-11-15,2024,2024Q4,"Data Analyst - join our team! Ideal candidate has 6 years of relevant experience and is proficient in Snowflake, Looker, Excel, Salesforce, Tableau, A/B Testing, Airflow, SAP. Bachelor's preferred. We're looking for someone who can scrappy.",6,8,Bachelor's preferred,6,Excel|Tableau|Looker|Snowflake|Airflow|A/B Testing|Salesforce|SAP,8,Bachelor's preferred,1
Data Analyst,startup,2024-11-15,2024,2024Q4,"Data Analyst - join our team! Ideal candidate has 5 years of relevant experience and is proficient in dbt, Power BI, Statistics, R, GCP, Looker, Excel, Azure, Airflow, Python, Spark, Salesforce. Bachelor's required. We're looking for someone who can stakeholder management.",5,12,Bachelor's required,5,Python|Excel|Power BI|R|Azure|GCP|Looker|dbt|Airflow|Spark|Statistics|Salesforce,12,Bachelor's required,1
Data Analyst,startup,2024-11-15,2024,2024Q4,"Data Analyst - join our team! Ideal candidate has 7 years of relevant experience and is proficient in Power BI, SQL, Tableau, Python, Excel, GCP. Bachelor's preferred. We're looking for someone who can ambiguity, wear many hats.",7,6,Bachelor's preferred,7,SQL|Python|Excel|Tableau|Power BI|GCP,6,Bachelor's preferred,2
Data Analyst,mid-size,2024-11-15,2024,2024Q4,"As a Data Analyst, you will work with R, Power BI, Salesforce, Statistics, GCP. Minimum 5 years experience required. Bachelor's preferred. Must thrive in a wear many hats, scrappy, ownership mindset.",5,5,Bachelor's preferred,5,Power BI|R|GCP|Statistics|Salesforce,5,Bachelor's preferred,3
Data Analyst,mid-size,2024-11-15,2024,2024Q4,"Data Analyst - join our team! Ideal candidate has 3 years of relevant experience and is proficient in R, Machine Learning, Azure, AWS, Excel, A/B Testing, Python, Salesforce. Bachelor's preferred. We're looking for someone who can ambiguity.",3,8,Bachelor's preferred,3,Python|Excel|R|AWS|Azure|A/B Testing|Machine Learning|Salesforce,8,Bachelor's preferred,1
Data Analyst,startup,2024-11-15,2024,2024Q4,"As a Data Analyst, you will work with Snowflake, A/B Testing, SQL, Git, Tableau, SAP. Minimum 5 years experience required. Master's preferred. Must thrive in a self-starter, fast-paced environment.",5,6,Master's preferred,5,SQL|Tableau|Snowflake|Git|A/B Testing|SAP,6,Master's preferred,2
Data Analyst,startup,2024-11-15,2024,2024Q4,"We are looking for a Data Analyst with 6+ years of experience. Required skills: SAP, Power BI, Statistics, dbt. Master's preferred. fast-paced environment, wear many hats",6,4,Master's preferred,6,Power BI|dbt|Statistics|SAP,4,Master's preferred,2
Data Analyst,mid-size,2024-11-15,2024,2024Q4,"We are looking for a Data Analyst with 8+ years of experience. Required skills: Airflow, R, Azure, Salesforce, Statistics. Master's required. wear many hats, high-growth",8,5,Master's required,8,R|Azure|Airflow|Statistics|Salesforce,5,Master's required,2
Data Analyst,enterprise,2024-11-15,2024,2024Q4,"We are looking for a Data Analyst with 6+ years of experience. Required skills: SAP, Tableau, R, A/B Testing, Git, AWS, dbt, Salesforce. Bachelor's required. scrappy",6,8,Bachelor's required,6,Tableau|R|AWS|dbt|Git|A/B Testing|Salesforce|SAP,8,Bachelor's required,1
Data Analyst,startup,2024-11-15,2024,2024Q4,"As a Data Analyst, you will work with GCP, A/B Testing, Looker, dbt, Snowflake, Excel, Power BI, Machine Learning, Spark. Minimum 7 years experience required. Bachelor's preferred. Must thrive in a high-growth.",7,9,Bachelor's preferred,7,Excel|Power BI|GCP|Looker|Snowflake|dbt|Spark|A/B Testing|Machine Learning,9,Bachelor's preferred,1
Data Analyst,startup,2024-11-15,2024,2024Q4,"As a Data Analyst, you will work with Python, Excel, Salesforce, Machine Learning, Statistics, SAP. Minimum 7 years experience required. Master's preferred. Must thrive in a high-growth.",7,6,Master's preferred,7,Python|Excel|Statistics|Machine Learning|Salesforce|SAP,6,Master's preferred,1
Data Analyst,mid-size,2024-11-15,2024,2024Q4,"Data Analyst - join our team! Ideal candidate has 7 years of relevant experience and is proficient in SQL, Power BI, Snowflake, Tableau, Airflow, Azure, dbt, A/B Testing. Bachelor's preferred. We're looking for someone who can self-starter.",7,8,Bachelor's preferred,7,SQL|Tableau|Power BI|Azure|Snowflake|dbt|Airflow|A/B Testing,8,Bachelor's preferred,1
Data Analyst,startup,2024-11-15,2024,2024Q4,"Data Analyst - join our team! Ideal candidate has 6 years of relevant experience and is proficient in Git, Salesforce, Tableau, Airflow, dbt, A/B Testing, SQL, Spark, R. Bachelor's required. We're looking for someone who can stakeholder management, high-growth.",6,9,Bachelor's required,6,SQL|Tableau|R|dbt|Airflow|Spark|Git|A/B Testing|Salesforce,9,Bachelor's required,2
Data Analyst,startup,2024-11-15,2024,2024Q4,"We are looking for a Data Analyst with 6+ years of experience. Required skills: AWS, Snowflake, Looker, Azure, R, Statistics, Power BI. Bachelor's required. cross-functional collaboration",6,7,Bachelor's required,6,Power BI|R|AWS|Azure|Looker|Snowflake|Statistics,7,Bachelor's required,1
Data Analyst,startup,2024-11-15,2024,2024Q4,"As a Data Analyst, you will work with Python, Looker, Tableau, Snowflake, Excel, Azure, SQL, Git. Minimum 5 years experience required. None mentioned. Must thrive in a self-starter.",5,8,None mentioned,5,SQL|Python|Excel|Tableau|Azure|Looker|Snowflake|Git,8,None mentioned,1
Data Analyst,startup,2024-11-15,2024,2024Q4,"As a Data Analyst, you will work with Salesforce, Python, SAP, Snowflake, Airflow, Statistics, R. Minimum 5 years experience required. Bachelor's required. Must thrive in a fast-paced environment, ambiguity.",5,7,Bachelor's required,5,Python|R|Snowflake|Airflow|Statistics|Salesforce|SAP,7,Bachelor's required,2
Data Analyst,mid-size,2024-11-15,2024,2024Q4,"As a Data Analyst, you will work with AWS, Airflow, SAP. Minimum 4 years experience required. Master's required. Must thrive in a high-growth, wear many hats, cross-functional collaboration.",4,3,Master's required,4,AWS|Airflow|SAP,3,Master's required,3
Data Analyst,mid-size,2024-11-15,2024,2024Q4,"Data Analyst - join our team! Ideal candidate has 6 years of relevant experience and is proficient in Power BI, Tableau, Git, Azure, Salesforce, dbt. Bachelor's required. We're looking for someone who can high-growth, fast-paced environment.",6,6,Bachelor's required,6,Tableau|Power BI|Azure|dbt|Git|Salesforce,6,Bachelor's required,2
Data Analyst,mid-size,2024-11-15,2024,2024Q4,"We are looking for a Data Analyst with 5+ years of experience. Required skills: Salesforce, Airflow, Snowflake, dbt, Machine Learning, Power BI, Python, Excel. Master's preferred. fast-paced environment",5,8,Master's preferred,5,Python|Excel|Power BI|Snowflake|dbt|Airflow|Machine Learning|Salesforce,8,Master's preferred,1
Data Analyst,enterprise,2024-11-15,2024,2024Q4,"We are looking for a Data Analyst with 6+ years of experience. Required skills: SQL, dbt, GCP, Python, Power BI, Machine Learning, SAP. None mentioned. scrappy, wear many hats, cross-functional collaboration",6,7,None mentioned,6,SQL|Python|Power BI|GCP|dbt|Machine Learning|SAP,7,None mentioned,3
Data Analyst,mid-size,2024-11-15,2024,2024Q4,"We are looking for a Data Analyst with 7+ years of experience. Required skills: A/B Testing, GCP, Salesforce, SAP, Looker, Power BI, dbt, Snowflake. Bachelor's required. ownership mindset, scrappy, high-growth",7,8,Bachelor's required,7,Power BI|GCP|Looker|Snowflake|dbt|A/B Testing|Salesforce|SAP,8,Bachelor's required,3
Data Analyst,startup,2024-11-15,2024,2024Q4,"As a Data Analyst, you will work with dbt, R, Looker, Airflow, Salesforce, SAP. Minimum 6 years experience required. Bachelor's preferred. Must thrive in a stakeholder management.",6,6,Bachelor's preferred,6,R|Looker|dbt|Airflow|Salesforce|SAP,6,Bachelor's preferred,1
Data Analyst,mid-size,2024-11-15,2024,2024Q4,"As a Data Analyst, you will work with Azure, AWS, dbt, GCP, Excel, SQL, Tableau. Minimum 5 years experience required. Bachelor's preferred. Must thrive in a scrappy.",5,7,Bachelor's preferred,5,SQL|Excel|Tableau|AWS|Azure|GCP|dbt,7,Bachelor's preferred,1
Data Analyst,mid-size,2024-11-15,2024,2024Q4,"As a Data Analyst, you will work with AWS, R, Spark, Snowflake, Power BI, SQL, dbt. Minimum 6 years experience required. Master's required. Must thrive in a stakeholder management.",6,7,Master's required,6,SQL|Power BI|R|AWS|Snowflake|dbt|Spark,7,Master's required,1
Data Analyst,enterprise,2024-11-15,2024,2024Q4,"Data Analyst - join our team! Ideal candidate has 6 years of relevant experience and is proficient in Git, Tableau, R, Excel, SQL, Salesforce, GCP, Power BI, dbt. Master's preferred. We're looking for someone who can cross-functional collaboration.",6,9,Master's preferred,6,SQL|Excel|Tableau|Power BI|R|GCP|dbt|Git|Salesforce,9,Master's preferred,1
Data Analyst,enterprise,2024-11-15,2024,2024Q4,"As a Data Analyst, you will work with R, dbt, AWS, Git. Minimum 5 years experience required. Bachelor's preferred. Must thrive in a self-starter, fast-paced environment, scrappy.",5,4,Bachelor's preferred,5,R|AWS|dbt|Git,4,Bachelor's preferred,3
Data Analyst,enterprise,2024-11-15,2024,2024Q4,"As a Data Analyst, you will work with Tableau, Excel, dbt, Salesforce, AWS. Minimum 7 years experience required. Master's preferred. Must thrive in a cross-functional collaboration.",7,5,Master's preferred,7,Excel|Tableau|AWS|dbt|Salesforce,5,Master's preferred,1
Data Analyst,startup,2024-11-15,2024,2024Q4,"As a Data Analyst, you will work with Git, dbt, Airflow, Statistics, Machine Learning, Excel, A/B Testing. Minimum 6 years experience required. Bachelor's required. Must thrive in a self-starter.",6,7,Bachelor's required,6,Excel|dbt|Airflow|Git|Statistics|A/B Testing|Machine Learning,7,Bachelor's required,1
Data Analyst,enterprise,2024-11-15,2024,2024Q4,"We are looking for a Data Analyst with 5+ years of experience. Required skills: Python, Power BI, SAP, Git, GCP, Excel, A/B Testing, SQL. Bachelor's preferred. wear many hats, scrappy",5,8,Bachelor's preferred,5,SQL|Python|Excel|Power BI|GCP|Git|A/B Testing|SAP,8,Bachelor's preferred,2
Data Analyst,startup,2024-11-15,2024,2024Q4,"As a Data Analyst, you will work with AWS, SAP, SQL, Power BI, Airflow. Minimum 3 years experience required. Bachelor's required. Must thrive in a wear many hats.",3,5,Bachelor's required,3,SQL|Power BI|AWS|Airflow|SAP,5,Bachelor's required,1
Data Analyst,enterprise,2024-11-15,2024,2024Q4,"As a Data Analyst, you will work with GCP, Git, SQL, Statistics, Tableau, Azure, Excel. Minimum 5 years experience required. Master's required. Must thrive in a scrappy.",5,7,Master's required,5,SQL|Excel|Tableau|Azure|GCP|Git|Statistics,7,Master's required,1
Data Analyst,startup,2024-11-15,2024,2024Q4,"We are looking for a Data Analyst with 6+ years of experience. Required skills: Tableau, Excel, Spark, A/B Testing, Looker, Snowflake. Master's preferred. self-starter",6,6,Master's preferred,6,Excel|Tableau|Looker|Snowflake|Spark|A/B Testing,6,Master's preferred,1
Data Analyst,enterprise,2024-11-15,2024,2024Q4,"We are looking for a Data Analyst with 5+ years of experience. Required skills: Power BI, Machine Learning, Azure, Tableau, Spark, Git. Bachelor's required. high-growth, stakeholder management",5,6,Bachelor's required,5,Tableau|Power BI|Azure|Spark|Git|Machine Learning,6,Bachelor's required,2
Data Analyst,mid-size,2024-11-15,2024,2024Q4,"We are looking for a Data Analyst with 5+ years of experience. Required skills: Statistics, Excel, Power BI, Git, Looker, Snowflake. Bachelor's required. scrappy, ownership mindset",5,6,Bachelor's required,5,Excel|Power BI|Looker|Snowflake|Git|Statistics,6,Bachelor's required,2
Data Analyst,enterprise,2024-11-15,2024,2024Q4,"We are looking for a Data Analyst with 4+ years of experience. Required skills: Snowflake, Python, A/B Testing, Airflow, AWS, Azure, Looker. Master's required. cross-functional collaboration",4,7,Master's required,4,Python|AWS|Azure|Looker|Snowflake|Airflow|A/B Testing,7,Master's required,1
Data Analyst,startup,2024-11-15,2024,2024Q4,"Data Analyst - join our team! Ideal candidate has 6 years of relevant experience and is proficient in Python, Excel, Spark, Azure, SAP, Airflow, A/B Testing, Tableau, R. Bachelor's preferred. We're looking for someone who can wear many hats, stakeholder management.",6,9,Bachelor's preferred,6,Python|Excel|Tableau|R|Azure|Airflow|Spark|A/B Testing|SAP,9,Bachelor's preferred,2
Data Analyst,mid-size,2024-11-15,2024,2024Q4,"As a Data Analyst, you will work with Power BI, Machine Learning, Git, dbt, Statistics, Tableau, GCP, Spark, R, AWS, Airflow. Minimum 6 years experience required. Bachelor's preferred. Must thrive in a self-starter, fast-paced environment.",6,11,Bachelor's preferred,6,Tableau|Power BI|R|AWS|GCP|dbt|Airflow|Spark|Git|Statistics|Machine Learning,11,Bachelor's preferred,2
Data Analyst,startup,2024-11-15,2024,2024Q4,"We are looking for a Data Analyst with 5+ years of experience. Required skills: Snowflake, Statistics, dbt, Machine Learning, AWS, Power BI, Spark. Bachelor's preferred. ambiguity",5,7,Bachelor's preferred,5,Power BI|AWS|Snowflake|dbt|Spark|Statistics|Machine Learning,7,Bachelor's preferred,1
Data Analyst,startup,2024-11-15,2024,2024Q4,"As a Data Analyst, you will work with SQL, Tableau, Python, SAP, Statistics, Spark, R, Snowflake, AWS. Minimum 6 years experience required. Bachelor's required. Must thrive in a ownership mindset, cross-functional collaboration.",6,9,Bachelor's required,6,SQL|Python|Tableau|R|AWS|Snowflake|Spark|Statistics|SAP,9,Bachelor's required,2
Data Analyst,enterprise,2024-11-15,2024,2024Q4,"We are looking for a Data Analyst with 4+ years of experience. Required skills: Python, Machine Learning, A/B Testing, Power BI, Airflow, AWS, Statistics, Looker. Bachelor's required. high-growth, wear many hats, ownership mindset",4,8,Bachelor's required,4,Python|Power BI|AWS|Looker|Airflow|Statistics|A/B Testing|Machine Learning,8,Bachelor's required,3
Data Analyst,enterprise,2024-11-15,2024,2024Q4,"As a Data Analyst, you will work with Statistics, Python, Machine Learning, Excel, Power BI, Airflow, Azure, Spark, SQL, Snowflake. Minimum 6 years experience required. Bachelor's required. Must thrive in a fast-paced environment.",6,10,Bachelor's required,6,SQL|Python|Excel|Power BI|Azure|Snowflake|Airflow|Spark|Statistics|Machine Learning,10,Bachelor's required,1
Data Analyst,startup,2024-11-15,2024,2024Q4,"As a Data Analyst, you will work with dbt, Statistics, Excel, R, Salesforce. Minimum 5 years experience required. None mentioned. Must thrive in a cross-functional collaboration.",5,5,None mentioned,5,Excel|R|dbt|Statistics|Salesforce,5,None mentioned,1
Data Analyst,enterprise,2024-11-15,2024,2024Q4,"Data Analyst - join our team! Ideal candidate has 5 years of relevant experience and is proficient in Git, Power BI, SAP, Statistics, Airflow, R, GCP, Machine Learning. Master's required. We're looking for someone who can ownership mindset, fast-paced environment, self-starter.",5,8,Master's required,5,Power BI|R|GCP|Airflow|Git|Statistics|Machine Learning|SAP,8,Master's required,3
Data Analyst,startup,2024-11-15,2024,2024Q4,"As a Data Analyst, you will work with SAP, Snowflake, Python, Statistics, Airflow, dbt, Power BI, Spark, R. Minimum 6 years experience required. Bachelor's required. Must thrive in a ownership mindset, high-growth.",6,9,Bachelor's required,6,Python|Power BI|R|Snowflake|dbt|Airflow|Spark|Statistics|SAP,9,Bachelor's required,2
Data Analyst,mid-size,2024-11-15,2024,2024Q4,"Data Analyst - join our team! Ideal candidate has 5 years of relevant experience and is proficient in GCP, Tableau, A/B Testing, Looker. Master's required. We're looking for someone who can stakeholder management, self-starter.",5,4,Master's required,5,Tableau|GCP|Looker|A/B Testing,4,Master's required,2
Data Analyst,mid-size,2024-11-15,2024,2024Q4,"As a Data Analyst, you will work with A/B Testing, dbt, R, Tableau, Snowflake, Python, AWS. Minimum 5 years experience required. Master's required. Must thrive in a ownership mindset, high-growth.",5,7,Master's required,5,Python|Tableau|R|AWS|Snowflake|dbt|A/B Testing,7,Master's required,2
Data Analyst,enterprise,2024-11-15,2024,2024Q4,"As a Data Analyst, you will work with dbt, Azure, SAP, Machine Learning, AWS, A/B Testing. Minimum 6 years experience required. Bachelor's required. Must thrive in a stakeholder management.",6,6,Bachelor's required,6,AWS|Azure|dbt|A/B Testing|Machine Learning|SAP,6,Bachelor's required,1
Data Analyst,startup,2024-11-15,2024,2024Q4,"We are looking for a Data Analyst with 6+ years of experience. Required skills: Spark, Excel, Salesforce, GCP, Airflow, Git, SQL, Statistics. Master's required. ownership mindset, fast-paced environment",6,8,Master's required,6,SQL|Excel|GCP|Airflow|Spark|Git|Statistics|Salesforce,8,Master's required,2
Data Analyst,mid-size,2024-11-15,2024,2024Q4,"As a Data Analyst, you will work with dbt, Azure, Excel, R, Spark, Statistics, SAP, Power BI, Tableau, GCP. Minimum 5 years experience required. Bachelor's preferred. Must thrive in a wear many hats, scrappy, ownership mindset.",5,10,Bachelor's preferred,5,Excel|Tableau|Power BI|R|Azure|GCP|dbt|Spark|Statistics|SAP,10,Bachelor's preferred,3
Data Analyst,mid-size,2024-11-15,2024,2024Q4,"As a Data Analyst, you will work with Airflow, dbt, SAP, Looker, R, AWS, Azure. Minimum 6 years experience required. Bachelor's preferred. Must thrive in a self-starter, cross-functional collaboration.",6,7,Bachelor's preferred,6,R|AWS|Azure|Looker|dbt|Airflow|SAP,7,Bachelor's preferred,2
Data Analyst,mid-size,2024-11-15,2024,2024Q4,"As a Data Analyst, you will work with Python, Spark, SQL, R. Minimum 4 years experience required. Bachelor's preferred. Must thrive in a cross-functional collaboration.",4,4,Bachelor's preferred,4,SQL|Python|R|Spark,4,Bachelor's preferred,1
Data Analyst,mid-size,2024-11-15,2024,2024Q4,"Data Analyst - join our team! Ideal candidate has 6 years of relevant experience and is proficient in Git, Excel, Machine Learning, GCP, Tableau, Snowflake. Bachelor's preferred. We're looking for someone who can high-growth.",6,6,Bachelor's preferred,6,Excel|Tableau|GCP|Snowflake|Git|Machine Learning,6,Bachelor's preferred,1
Data Analyst,enterprise,2024-11-15,2024,2024Q4,"Data Analyst - join our team! Ideal candidate has 6 years of relevant experience and is proficient in AWS, Snowflake, SAP. Bachelor's preferred. We're looking for someone who can high-growth.",6,3,Bachelor's preferred,6,AWS|Snowflake|SAP,3,Bachelor's preferred,1
Data Analyst,startup,2024-11-15,2024,2024Q4,"As a Data Analyst, you will work with Azure, Statistics, Git, A/B Testing, GCP, Python. Minimum 4 years experience required. Master's required. Must thrive in a ambiguity, fast-paced environment, self-starter.",4,6,Master's required,4,Python|Azure|GCP|Git|Statistics|A/B Testing,6,Master's required,3
Data Analyst,mid-size,2024-11-15,2024,2024Q4,"Data Analyst - join our team! Ideal candidate has 5 years of relevant experience and is proficient in Tableau, Excel, Looker, Azure, Git, R. Master's preferred. We're looking for someone who can ownership mindset.",5,6,Master's preferred,5,Excel|Tableau|R|Azure|Looker|Git,6,Master's preferred,1
Data Analyst,startup,2024-11-15,2024,2024Q4,"We are looking for a Data Analyst with 6+ years of experience. Required skills: R, Git, A/B Testing, Airflow, Looker, AWS, SAP, Python. Bachelor's preferred. ambiguity, stakeholder management, high-growth",6,8,Bachelor's preferred,6,Python|R|AWS|Looker|Airflow|Git|A/B Testing|SAP,8,Bachelor's preferred,3
Data Analyst,mid-size,2024-11-15,2024,2024Q4,"As a Data Analyst, you will work with SAP, Statistics, Power BI, Machine Learning, Azure. Minimum 6 years experience required. Bachelor's preferred. Must thrive in a stakeholder management, high-growth, scrappy.",6,5,Bachelor's preferred,6,Power BI|Azure|Statistics|Machine Learning|SAP,5,Bachelor's preferred,3
Data Analyst,mid-size,2024-11-15,2024,2024Q4,"As a Data Analyst, you will work with Statistics, GCP, R, A/B Testing, Power BI, Spark, SAP. Minimum 5 years experience required. Bachelor's required. Must thrive in a ambiguity.",5,7,Bachelor's required,5,Power BI|R|GCP|Spark|Statistics|A/B Testing|SAP,7,Bachelor's required,1
Data Analyst,mid-size,2024-11-15,2024,2024Q4,"Data Analyst - join our team! Ideal candidate has 5 years of relevant experience and is proficient in Statistics, Git, dbt, Salesforce, Python, Airflow. Master's required. We're looking for someone who can fast-paced environment, cross-functional collaboration.",5,6,Master's required,5,Python|dbt|Airflow|Git|Statistics|Salesforce,6,Master's required,2
